"Kind","Agent_Id","Queue_Id","Stream_Id","Thread_Id","Dispatch_Id","Kernel_Id","Kernel_Name","Correlation_Id","Start_Timestamp","End_Timestamp","LDS_Block_Size","Scratch_Size","VGPR_Count","Accum_VGPR_Count","SGPR_Count","Workgroup_Size_X","Workgroup_Size_Y","Workgroup_Size_Z","Grid_Size_X","Grid_Size_Y","Grid_Size_Z"
"KERNEL_DISPATCH","Agent 4",1,0,205911,1,2,"_RNvNtNtC9rust_perf4apps8pressure14pressure_calc1",1,104068432909598,104068432929598,0,0,8,0,32,256,1,1,1000192,1,1
"KERNEL_DISPATCH","Agent 4",1,0,205911,2,1,"_RNvNtNtC9rust_perf4apps8pressure14pressure_calc2",2,104068432968158,104068432999838,0,0,12,4,32,256,1,1,1000192,1,1
"KERNEL_DISPATCH","Agent 4",1,0,205911,3,2,"_RNvNtNtC9rust_perf4apps8pressure14pressure_calc1",3,104068433012158,104068433028958,0,0,8,0,32,256,1,1,1000192,1,1
"KERNEL_DISPATCH","Agent 4",1,0,205911,4,1,"_RNvNtNtC9rust_perf4apps8pressure14pressure_calc2",4,104068433044798,104068433075198,0,0,12,4,32,256,1,1,1000192,1,1
"KERNEL_DISPATCH","Agent 4",1,0,205911,5,2,"_RNvNtNtC9rust_perf4apps8pressure14pressure_calc1",5,104068433085438,104068433102558,0,0,8,0,32,256,1,1,1000192,1,1
"KERNEL_DISPATCH","Agent 4",1,0,205911,6,1,"_RNvNtNtC9rust_perf4apps8pressure14pressure_calc2",6,104068433112478,104068433142078,0,0,12,4,32,256,1,1,1000192,1,1
"KERNEL_DISPATCH","Agent 4",1,0,205911,7,2,"_RNvNtNtC9rust_perf4apps8pressure14pressure_calc1",7,104068433152158,104068433170398,0,0,8,0,32,256,1,1,1000192,1,1
"KERNEL_DISPATCH","Agent 4",1,0,205911,8,1,"_RNvNtNtC9rust_perf4apps8pressure14pressure_calc2",8,104068433182078,104068433212158,0,0,12,4,32,256,1,1,1000192,1,1
"KERNEL_DISPATCH","Agent 4",1,0,205911,9,2,"_RNvNtNtC9rust_perf4apps8pressure14pressure_calc1",9,104068433224478,104068433241598,0,0,8,0,32,256,1,1,1000192,1,1
"KERNEL_DISPATCH","Agent 4",1,0,205911,10,1,"_RNvNtNtC9rust_perf4apps8pressure14pressure_calc2",10,104068433253438,104068433283198,0,0,12,4,32,256,1,1,1000192,1,1
"KERNEL_DISPATCH","Agent 4",1,0,205911,11,2,"_RNvNtNtC9rust_perf4apps8pressure14pressure_calc1",11,104068433293278,104068433311198,0,0,8,0,32,256,1,1,1000192,1,1
"KERNEL_DISPATCH","Agent 4",1,0,205911,12,1,"_RNvNtNtC9rust_perf4apps8pressure14pressure_calc2",12,104068433321278,104068433351998,0,0,12,4,32,256,1,1,1000192,1,1
"KERNEL_DISPATCH","Agent 4",1,0,205911,13,2,"_RNvNtNtC9rust_perf4apps8pressure14pressure_calc1",13,104068433362398,104068433379678,0,0,8,0,32,256,1,1,1000192,1,1
"KERNEL_DISPATCH","Agent 4",1,0,205911,14,1,"_RNvNtNtC9rust_perf4apps8pressure14pressure_calc2",14,104068433391679,104068433421439,0,0,12,4,32,256,1,1,1000192,1,1
"KERNEL_DISPATCH","Agent 4",1,0,205911,15,2,"_RNvNtNtC9rust_perf4apps8pressure14pressure_calc1",15,104068433431519,104068433449119,0,0,8,0,32,256,1,1,1000192,1,1
"KERNEL_DISPATCH","Agent 4",1,0,205911,16,1,"_RNvNtNtC9rust_perf4apps8pressure14pressure_calc2",16,104068433460799,104068433490399,0,0,12,4,32,256,1,1,1000192,1,1
"KERNEL_DISPATCH","Agent 4",1,0,205911,17,2,"_RNvNtNtC9rust_perf4apps8pressure14pressure_calc1",17,104068433500479,104068433519039,0,0,8,0,32,256,1,1,1000192,1,1
"KERNEL_DISPATCH","Agent 4",1,0,205911,18,1,"_RNvNtNtC9rust_perf4apps8pressure14pressure_calc2",18,104068433529119,104068433558879,0,0,12,4,32,256,1,1,1000192,1,1
"KERNEL_DISPATCH","Agent 4",1,0,205911,19,2,"_RNvNtNtC9rust_perf4apps8pressure14pressure_calc1",19,104068433571359,104068433588639,0,0,8,0,32,256,1,1,1000192,1,1
"KERNEL_DISPATCH","Agent 4",1,0,205911,20,1,"_RNvNtNtC9rust_perf4apps8pressure14pressure_calc2",20,104068433600479,104068433630399,0,0,12,4,32,256,1,1,1000192,1,1
"KERNEL_DISPATCH","Agent 4",1,0,205911,21,2,"_RNvNtNtC9rust_perf4apps8pressure14pressure_calc1",21,104068433642239,104068433659519,0,0,8,0,32,256,1,1,1000192,1,1
"KERNEL_DISPATCH","Agent 4",1,0,205911,22,1,"_RNvNtNtC9rust_perf4apps8pressure14pressure_calc2",22,104068433669439,104068433699359,0,0,12,4,32,256,1,1,1000192,1,1
"KERNEL_DISPATCH","Agent 4",1,0,205911,23,2,"_RNvNtNtC9rust_perf4apps8pressure14pressure_calc1",23,104068433711199,104068433728319,0,0,8,0,32,256,1,1,1000192,1,1
"KERNEL_DISPATCH","Agent 4",1,0,205911,24,1,"_RNvNtNtC9rust_perf4apps8pressure14pressure_calc2",24,104068433738399,104068433769119,0,0,12,4,32,256,1,1,1000192,1,1
"KERNEL_DISPATCH","Agent 4",1,0,205911,25,2,"_RNvNtNtC9rust_perf4apps8pressure14pressure_calc1",25,104068433779039,104068433796319,0,0,8,0,32,256,1,1,1000192,1,1
"KERNEL_DISPATCH","Agent 4",1,0,205911,26,1,"_RNvNtNtC9rust_perf4apps8pressure14pressure_calc2",26,104068433807839,104068433837600,0,0,12,4,32,256,1,1,1000192,1,1
"KERNEL_DISPATCH","Agent 4",1,0,205911,27,2,"_RNvNtNtC9rust_perf4apps8pressure14pressure_calc1",27,104068433847520,104068433866400,0,0,8,0,32,256,1,1,1000192,1,1
"KERNEL_DISPATCH","Agent 4",1,0,205911,28,1,"_RNvNtNtC9rust_perf4apps8pressure14pressure_calc2",28,104068433876320,104068433905920,0,0,12,4,32,256,1,1,1000192,1,1
"KERNEL_DISPATCH","Agent 4",1,0,205911,29,2,"_RNvNtNtC9rust_perf4apps8pressure14pressure_calc1",29,104068433916000,104068433933280,0,0,8,0,32,256,1,1,1000192,1,1
"KERNEL_DISPATCH","Agent 4",1,0,205911,30,1,"_RNvNtNtC9rust_perf4apps8pressure14pressure_calc2",30,104068433945120,104068433975040,0,0,12,4,32,256,1,1,1000192,1,1
"KERNEL_DISPATCH","Agent 4",1,0,205911,31,2,"_RNvNtNtC9rust_perf4apps8pressure14pressure_calc1",31,104068433986880,104068434004480,0,0,8,0,32,256,1,1,1000192,1,1
"KERNEL_DISPATCH","Agent 4",1,0,205911,32,1,"_RNvNtNtC9rust_perf4apps8pressure14pressure_calc2",32,104068434016160,104068434045760,0,0,12,4,32,256,1,1,1000192,1,1
"KERNEL_DISPATCH","Agent 4",1,0,205911,33,2,"_RNvNtNtC9rust_perf4apps8pressure14pressure_calc1",33,104068434055840,104068434072640,0,0,8,0,32,256,1,1,1000192,1,1
"KERNEL_DISPATCH","Agent 4",1,0,205911,34,1,"_RNvNtNtC9rust_perf4apps8pressure14pressure_calc2",34,104068434082720,104068434112800,0,0,12,4,32,256,1,1,1000192,1,1
"KERNEL_DISPATCH","Agent 4",1,0,205911,35,2,"_RNvNtNtC9rust_perf4apps8pressure14pressure_calc1",35,104068434122880,104068434140640,0,0,8,0,32,256,1,1,1000192,1,1
"KERNEL_DISPATCH","Agent 4",1,0,205911,36,1,"_RNvNtNtC9rust_perf4apps8pressure14pressure_calc2",36,104068434150560,104068434180480,0,0,12,4,32,256,1,1,1000192,1,1
"KERNEL_DISPATCH","Agent 4",1,0,205911,37,2,"_RNvNtNtC9rust_perf4apps8pressure14pressure_calc1",37,104068434192160,104068434209760,0,0,8,0,32,256,1,1,1000192,1,1
"KERNEL_DISPATCH","Agent 4",1,0,205911,38,1,"_RNvNtNtC9rust_perf4apps8pressure14pressure_calc2",38,104068434219840,104068434250720,0,0,12,4,32,256,1,1,1000192,1,1
"KERNEL_DISPATCH","Agent 4",1,0,205911,39,2,"_RNvNtNtC9rust_perf4apps8pressure14pressure_calc1",39,104068434260800,104068434277921,0,0,8,0,32,256,1,1,1000192,1,1
"KERNEL_DISPATCH","Agent 4",1,0,205911,40,1,"_RNvNtNtC9rust_perf4apps8pressure14pressure_calc2",40,104068434289761,104068434319521,0,0,12,4,32,256,1,1,1000192,1,1
"KERNEL_DISPATCH","Agent 4",1,0,205911,41,2,"_RNvNtNtC9rust_perf4apps8pressure14pressure_calc1",41,104068434329441,104068434347681,0,0,8,0,32,256,1,1,1000192,1,1
"KERNEL_DISPATCH","Agent 4",1,0,205911,42,1,"_RNvNtNtC9rust_perf4apps8pressure14pressure_calc2",42,104068434357761,104068434387681,0,0,12,4,32,256,1,1,1000192,1,1
"KERNEL_DISPATCH","Agent 4",1,0,205911,43,2,"_RNvNtNtC9rust_perf4apps8pressure14pressure_calc1",43,104068434397761,104068434415041,0,0,8,0,32,256,1,1,1000192,1,1
"KERNEL_DISPATCH","Agent 4",1,0,205911,44,1,"_RNvNtNtC9rust_perf4apps8pressure14pressure_calc2",44,104068434425121,104068434455521,0,0,12,4,32,256,1,1,1000192,1,1
"KERNEL_DISPATCH","Agent 4",1,0,205911,45,2,"_RNvNtNtC9rust_perf4apps8pressure14pressure_calc1",45,104068434465441,104068434483041,0,0,8,0,32,256,1,1,1000192,1,1
"KERNEL_DISPATCH","Agent 4",1,0,205911,46,1,"_RNvNtNtC9rust_perf4apps8pressure14pressure_calc2",46,104068434494881,104068434524801,0,0,12,4,32,256,1,1,1000192,1,1
"KERNEL_DISPATCH","Agent 4",1,0,205911,47,2,"_RNvNtNtC9rust_perf4apps8pressure14pressure_calc1",47,104068434534881,104068434552641,0,0,8,0,32,256,1,1,1000192,1,1
"KERNEL_DISPATCH","Agent 4",1,0,205911,48,1,"_RNvNtNtC9rust_perf4apps8pressure14pressure_calc2",48,104068434564321,104068434594081,0,0,12,4,32,256,1,1,1000192,1,1
"KERNEL_DISPATCH","Agent 4",1,0,205911,49,2,"_RNvNtNtC9rust_perf4apps8pressure14pressure_calc1",49,104068434605921,104068434623201,0,0,8,0,32,256,1,1,1000192,1,1
"KERNEL_DISPATCH","Agent 4",1,0,205911,50,1,"_RNvNtNtC9rust_perf4apps8pressure14pressure_calc2",50,104068434633121,104068434663041,0,0,12,4,32,256,1,1,1000192,1,1
"KERNEL_DISPATCH","Agent 4",1,0,205911,51,2,"_RNvNtNtC9rust_perf4apps8pressure14pressure_calc1",51,104068434672961,104068434691041,0,0,8,0,32,256,1,1,1000192,1,1
"KERNEL_DISPATCH","Agent 4",1,0,205911,52,1,"_RNvNtNtC9rust_perf4apps8pressure14pressure_calc2",52,104068434702722,104068434732482,0,0,12,4,32,256,1,1,1000192,1,1
"KERNEL_DISPATCH","Agent 4",1,0,205911,53,2,"_RNvNtNtC9rust_perf4apps8pressure14pressure_calc1",53,104068434742402,104068434759682,0,0,8,0,32,256,1,1,1000192,1,1
"KERNEL_DISPATCH","Agent 4",1,0,205911,54,1,"_RNvNtNtC9rust_perf4apps8pressure14pressure_calc2",54,104068434771202,104068434801922,0,0,12,4,32,256,1,1,1000192,1,1
"KERNEL_DISPATCH","Agent 4",1,0,205911,55,2,"_RNvNtNtC9rust_perf4apps8pressure14pressure_calc1",55,104068434812162,104068434829282,0,0,8,0,32,256,1,1,1000192,1,1
"KERNEL_DISPATCH","Agent 4",1,0,205911,56,1,"_RNvNtNtC9rust_perf4apps8pressure14pressure_calc2",56,104068434839202,104068434869282,0,0,12,4,32,256,1,1,1000192,1,1
"KERNEL_DISPATCH","Agent 4",1,0,205911,57,2,"_RNvNtNtC9rust_perf4apps8pressure14pressure_calc1",57,104068434881282,104068434898562,0,0,8,0,32,256,1,1,1000192,1,1
"KERNEL_DISPATCH","Agent 4",1,0,205911,58,1,"_RNvNtNtC9rust_perf4apps8pressure14pressure_calc2",58,104068434908482,104068434938562,0,0,12,4,32,256,1,1,1000192,1,1
"KERNEL_DISPATCH","Agent 4",1,0,205911,59,2,"_RNvNtNtC9rust_perf4apps8pressure14pressure_calc1",59,104068434950082,104068434967522,0,0,8,0,32,256,1,1,1000192,1,1
"KERNEL_DISPATCH","Agent 4",1,0,205911,60,1,"_RNvNtNtC9rust_perf4apps8pressure14pressure_calc2",60,104068434979202,104068435008802,0,0,12,4,32,256,1,1,1000192,1,1
"KERNEL_DISPATCH","Agent 4",1,0,205911,61,2,"_RNvNtNtC9rust_perf4apps8pressure14pressure_calc1",61,104068435018722,104068435036802,0,0,8,0,32,256,1,1,1000192,1,1
"KERNEL_DISPATCH","Agent 4",1,0,205911,62,1,"_RNvNtNtC9rust_perf4apps8pressure14pressure_calc2",62,104068435047362,104068435077602,0,0,12,4,32,256,1,1,1000192,1,1
"KERNEL_DISPATCH","Agent 4",1,0,205911,63,2,"_RNvNtNtC9rust_perf4apps8pressure14pressure_calc1",63,104068435087842,104068435105122,0,0,8,0,32,256,1,1,1000192,1,1
"KERNEL_DISPATCH","Agent 4",1,0,205911,64,1,"_RNvNtNtC9rust_perf4apps8pressure14pressure_calc2",64,104068435115042,104068435145283,0,0,12,4,32,256,1,1,1000192,1,1
"KERNEL_DISPATCH","Agent 4",1,0,205911,65,2,"_RNvNtNtC9rust_perf4apps8pressure14pressure_calc1",65,104068435155363,104068435172803,0,0,8,0,32,256,1,1,1000192,1,1
"KERNEL_DISPATCH","Agent 4",1,0,205911,66,1,"_RNvNtNtC9rust_perf4apps8pressure14pressure_calc2",66,104068435184643,104068435214563,0,0,12,4,32,256,1,1,1000192,1,1
"KERNEL_DISPATCH","Agent 4",1,0,205911,67,2,"_RNvNtNtC9rust_perf4apps8pressure14pressure_calc1",67,104068435224643,104068435242243,0,0,8,0,32,256,1,1,1000192,1,1
"KERNEL_DISPATCH","Agent 4",1,0,205911,68,1,"_RNvNtNtC9rust_perf4apps8pressure14pressure_calc2",68,104068435253923,104068435283843,0,0,12,4,32,256,1,1,1000192,1,1
"KERNEL_DISPATCH","Agent 4",1,0,205911,69,2,"_RNvNtNtC9rust_perf4apps8pressure14pressure_calc1",69,104068435293923,104068435311363,0,0,8,0,32,256,1,1,1000192,1,1
"KERNEL_DISPATCH","Agent 4",1,0,205911,70,1,"_RNvNtNtC9rust_perf4apps8pressure14pressure_calc2",70,104068435321283,104068435351683,0,0,12,4,32,256,1,1,1000192,1,1
"KERNEL_DISPATCH","Agent 4",1,0,205911,71,2,"_RNvNtNtC9rust_perf4apps8pressure14pressure_calc1",71,104068435363523,104068435380803,0,0,8,0,32,256,1,1,1000192,1,1
"KERNEL_DISPATCH","Agent 4",1,0,205911,72,1,"_RNvNtNtC9rust_perf4apps8pressure14pressure_calc2",72,104068435391363,104068435421283,0,0,12,4,32,256,1,1,1000192,1,1
"KERNEL_DISPATCH","Agent 4",1,0,205911,73,2,"_RNvNtNtC9rust_perf4apps8pressure14pressure_calc1",73,104068435431203,104068435448803,0,0,8,0,32,256,1,1,1000192,1,1
"KERNEL_DISPATCH","Agent 4",1,0,205911,74,1,"_RNvNtNtC9rust_perf4apps8pressure14pressure_calc2",74,104068435458723,104068435488963,0,0,12,4,32,256,1,1,1000192,1,1
"KERNEL_DISPATCH","Agent 4",1,0,205911,75,2,"_RNvNtNtC9rust_perf4apps8pressure14pressure_calc1",75,104068435500963,104068435518723,0,0,8,0,32,256,1,1,1000192,1,1
"KERNEL_DISPATCH","Agent 4",1,0,205911,76,1,"_RNvNtNtC9rust_perf4apps8pressure14pressure_calc2",76,104068435528643,104068435558563,0,0,12,4,32,256,1,1,1000192,1,1
"KERNEL_DISPATCH","Agent 4",1,0,205911,77,2,"_RNvNtNtC9rust_perf4apps8pressure14pressure_calc1",77,104068435568643,104068435586244,0,0,8,0,32,256,1,1,1000192,1,1
"KERNEL_DISPATCH","Agent 4",1,0,205911,78,1,"_RNvNtNtC9rust_perf4apps8pressure14pressure_calc2",78,104068435597924,104068435628164,0,0,12,4,32,256,1,1,1000192,1,1
"KERNEL_DISPATCH","Agent 4",1,0,205911,79,2,"_RNvNtNtC9rust_perf4apps8pressure14pressure_calc1",79,104068435638244,104068435655844,0,0,8,0,32,256,1,1,1000192,1,1
"KERNEL_DISPATCH","Agent 4",1,0,205911,80,1,"_RNvNtNtC9rust_perf4apps8pressure14pressure_calc2",80,104068435665924,104068435696164,0,0,12,4,32,256,1,1,1000192,1,1
"KERNEL_DISPATCH","Agent 4",1,0,205911,81,2,"_RNvNtNtC9rust_perf4apps8pressure14pressure_calc1",81,104068435707844,104068435725444,0,0,8,0,32,256,1,1,1000192,1,1
"KERNEL_DISPATCH","Agent 4",1,0,205911,82,1,"_RNvNtNtC9rust_perf4apps8pressure14pressure_calc2",82,104068435735364,104068435765444,0,0,12,4,32,256,1,1,1000192,1,1
"KERNEL_DISPATCH","Agent 4",1,0,205911,83,2,"_RNvNtNtC9rust_perf4apps8pressure14pressure_calc1",83,104068435775524,104068435793124,0,0,8,0,32,256,1,1,1000192,1,1
"KERNEL_DISPATCH","Agent 4",1,0,205911,84,1,"_RNvNtNtC9rust_perf4apps8pressure14pressure_calc2",84,104068435803044,104068435832964,0,0,12,4,32,256,1,1,1000192,1,1
"KERNEL_DISPATCH","Agent 4",1,0,205911,85,2,"_RNvNtNtC9rust_perf4apps8pressure14pressure_calc1",85,104068435843844,104068435861444,0,0,8,0,32,256,1,1,1000192,1,1
"KERNEL_DISPATCH","Agent 4",1,0,205911,86,1,"_RNvNtNtC9rust_perf4apps8pressure14pressure_calc2",86,104068435871364,104068435901284,0,0,12,4,32,256,1,1,1000192,1,1
"KERNEL_DISPATCH","Agent 4",1,0,205911,87,2,"_RNvNtNtC9rust_perf4apps8pressure14pressure_calc1",87,104068435913124,104068435930404,0,0,8,0,32,256,1,1,1000192,1,1
"KERNEL_DISPATCH","Agent 4",1,0,205911,88,1,"_RNvNtNtC9rust_perf4apps8pressure14pressure_calc2",88,104068435942404,104068435972484,0,0,12,4,32,256,1,1,1000192,1,1
"KERNEL_DISPATCH","Agent 4",1,0,205911,89,2,"_RNvNtNtC9rust_perf4apps8pressure14pressure_calc1",89,104068435982564,104068436000004,0,0,8,0,32,256,1,1,1000192,1,1
"KERNEL_DISPATCH","Agent 4",1,0,205911,90,1,"_RNvNtNtC9rust_perf4apps8pressure14pressure_calc2",90,104068436012164,104068436042405,0,0,12,4,32,256,1,1,1000192,1,1
"KERNEL_DISPATCH","Agent 4",1,0,205911,91,2,"_RNvNtNtC9rust_perf4apps8pressure14pressure_calc1",91,104068436055045,104068436072325,0,0,8,0,32,256,1,1,1000192,1,1
"KERNEL_DISPATCH","Agent 4",1,0,205911,92,1,"_RNvNtNtC9rust_perf4apps8pressure14pressure_calc2",92,104068436082725,104068436112805,0,0,12,4,32,256,1,1,1000192,1,1
"KERNEL_DISPATCH","Agent 4",1,0,205911,93,2,"_RNvNtNtC9rust_perf4apps8pressure14pressure_calc1",93,104068436124645,104068436141925,0,0,8,0,32,256,1,1,1000192,1,1
"KERNEL_DISPATCH","Agent 4",1,0,205911,94,1,"_RNvNtNtC9rust_perf4apps8pressure14pressure_calc2",94,104068436153765,104068436183365,0,0,12,4,32,256,1,1,1000192,1,1
"KERNEL_DISPATCH","Agent 4",1,0,205911,95,2,"_RNvNtNtC9rust_perf4apps8pressure14pressure_calc1",95,104068436195365,104068436212485,0,0,8,0,32,256,1,1,1000192,1,1
"KERNEL_DISPATCH","Agent 4",1,0,205911,96,1,"_RNvNtNtC9rust_perf4apps8pressure14pressure_calc2",96,104068436222405,104068436252165,0,0,12,4,32,256,1,1,1000192,1,1
"KERNEL_DISPATCH","Agent 4",1,0,205911,97,2,"_RNvNtNtC9rust_perf4apps8pressure14pressure_calc1",97,104068436262085,104068436279685,0,0,8,0,32,256,1,1,1000192,1,1
"KERNEL_DISPATCH","Agent 4",1,0,205911,98,1,"_RNvNtNtC9rust_perf4apps8pressure14pressure_calc2",98,104068436291525,104068436321125,0,0,12,4,32,256,1,1,1000192,1,1
"KERNEL_DISPATCH","Agent 4",1,0,205911,99,2,"_RNvNtNtC9rust_perf4apps8pressure14pressure_calc1",99,104068436331365,104068436349125,0,0,8,0,32,256,1,1,1000192,1,1
"KERNEL_DISPATCH","Agent 4",1,0,205911,100,1,"_RNvNtNtC9rust_perf4apps8pressure14pressure_calc2",100,104068436359525,104068436389765,0,0,12,4,32,256,1,1,1000192,1,1
"KERNEL_DISPATCH","Agent 4",1,0,205911,101,2,"_RNvNtNtC9rust_perf4apps8pressure14pressure_calc1",101,104068436461766,104068436479686,0,0,8,0,32,256,1,1,1000192,1,1
"KERNEL_DISPATCH","Agent 4",1,0,205911,102,1,"_RNvNtNtC9rust_perf4apps8pressure14pressure_calc2",102,104068436490886,104068436520646,0,0,12,4,32,256,1,1,1000192,1,1
"KERNEL_DISPATCH","Agent 4",1,0,205911,103,2,"_RNvNtNtC9rust_perf4apps8pressure14pressure_calc1",103,104068436531366,104068436548966,0,0,8,0,32,256,1,1,1000192,1,1
"KERNEL_DISPATCH","Agent 4",1,0,205911,104,1,"_RNvNtNtC9rust_perf4apps8pressure14pressure_calc2",104,104068436560806,104068436591046,0,0,12,4,32,256,1,1,1000192,1,1
"KERNEL_DISPATCH","Agent 4",1,0,205911,105,2,"_RNvNtNtC9rust_perf4apps8pressure14pressure_calc1",105,104068436602726,104068436620326,0,0,8,0,32,256,1,1,1000192,1,1
"KERNEL_DISPATCH","Agent 4",1,0,205911,106,1,"_RNvNtNtC9rust_perf4apps8pressure14pressure_calc2",106,104068436630406,104068436660166,0,0,12,4,32,256,1,1,1000192,1,1
"KERNEL_DISPATCH","Agent 4",1,0,205911,107,2,"_RNvNtNtC9rust_perf4apps8pressure14pressure_calc1",107,104068436670086,104068436687846,0,0,8,0,32,256,1,1,1000192,1,1
"KERNEL_DISPATCH","Agent 4",1,0,205911,108,1,"_RNvNtNtC9rust_perf4apps8pressure14pressure_calc2",108,104068436699686,104068436729446,0,0,12,4,32,256,1,1,1000192,1,1
"KERNEL_DISPATCH","Agent 4",1,0,205911,109,2,"_RNvNtNtC9rust_perf4apps8pressure14pressure_calc1",109,104068436741446,104068436759046,0,0,8,0,32,256,1,1,1000192,1,1
"KERNEL_DISPATCH","Agent 4",1,0,205911,110,1,"_RNvNtNtC9rust_perf4apps8pressure14pressure_calc2",110,104068436770886,104068436800966,0,0,12,4,32,256,1,1,1000192,1,1
"KERNEL_DISPATCH","Agent 4",1,0,205911,111,2,"_RNvNtNtC9rust_perf4apps8pressure14pressure_calc1",111,104068436811046,104068436828326,0,0,8,0,32,256,1,1,1000192,1,1
"KERNEL_DISPATCH","Agent 4",1,0,205911,112,1,"_RNvNtNtC9rust_perf4apps8pressure14pressure_calc2",112,104068436838246,104068436867846,0,0,12,4,32,256,1,1,1000192,1,1
"KERNEL_DISPATCH","Agent 4",1,0,205911,113,2,"_RNvNtNtC9rust_perf4apps8pressure14pressure_calc1",113,104068436878086,104068436895527,0,0,8,0,32,256,1,1,1000192,1,1
"KERNEL_DISPATCH","Agent 4",1,0,205911,114,1,"_RNvNtNtC9rust_perf4apps8pressure14pressure_calc2",114,104068436907207,104068436936967,0,0,12,4,32,256,1,1,1000192,1,1
"KERNEL_DISPATCH","Agent 4",1,0,205911,115,2,"_RNvNtNtC9rust_perf4apps8pressure14pressure_calc1",115,104068436947047,104068436964167,0,0,8,0,32,256,1,1,1000192,1,1
"KERNEL_DISPATCH","Agent 4",1,0,205911,116,1,"_RNvNtNtC9rust_perf4apps8pressure14pressure_calc2",116,104068436974247,104068437004487,0,0,12,4,32,256,1,1,1000192,1,1
"KERNEL_DISPATCH","Agent 4",1,0,205911,117,2,"_RNvNtNtC9rust_perf4apps8pressure14pressure_calc1",117,104068437014407,104068437031847,0,0,8,0,32,256,1,1,1000192,1,1
"KERNEL_DISPATCH","Agent 4",1,0,205911,118,1,"_RNvNtNtC9rust_perf4apps8pressure14pressure_calc2",118,104068437044647,104068437074567,0,0,12,4,32,256,1,1,1000192,1,1
"KERNEL_DISPATCH","Agent 4",1,0,205911,119,2,"_RNvNtNtC9rust_perf4apps8pressure14pressure_calc1",119,104068437084647,104068437102247,0,0,8,0,32,256,1,1,1000192,1,1
"KERNEL_DISPATCH","Agent 4",1,0,205911,120,1,"_RNvNtNtC9rust_perf4apps8pressure14pressure_calc2",120,104068437112167,104068437142247,0,0,12,4,32,256,1,1,1000192,1,1
"KERNEL_DISPATCH","Agent 4",1,0,205911,121,2,"_RNvNtNtC9rust_perf4apps8pressure14pressure_calc1",121,104068437152327,104068437169767,0,0,8,0,32,256,1,1,1000192,1,1
"KERNEL_DISPATCH","Agent 4",1,0,205911,122,1,"_RNvNtNtC9rust_perf4apps8pressure14pressure_calc2",122,104068437180647,104068437210727,0,0,12,4,32,256,1,1,1000192,1,1
"KERNEL_DISPATCH","Agent 4",1,0,205911,123,2,"_RNvNtNtC9rust_perf4apps8pressure14pressure_calc1",123,104068437222567,104068437240007,0,0,8,0,32,256,1,1,1000192,1,1
"KERNEL_DISPATCH","Agent 4",1,0,205911,124,1,"_RNvNtNtC9rust_perf4apps8pressure14pressure_calc2",124,104068437250247,104068437280487,0,0,12,4,32,256,1,1,1000192,1,1
"KERNEL_DISPATCH","Agent 4",1,0,205911,125,2,"_RNvNtNtC9rust_perf4apps8pressure14pressure_calc1",125,104068437290567,104068437308167,0,0,8,0,32,256,1,1,1000192,1,1
"KERNEL_DISPATCH","Agent 4",1,0,205911,126,1,"_RNvNtNtC9rust_perf4apps8pressure14pressure_calc2",126,104068437319687,104068437349768,0,0,12,4,32,256,1,1,1000192,1,1
"KERNEL_DISPATCH","Agent 4",1,0,205911,127,2,"_RNvNtNtC9rust_perf4apps8pressure14pressure_calc1",127,104068437361288,104068437378728,0,0,8,0,32,256,1,1,1000192,1,1
"KERNEL_DISPATCH","Agent 4",1,0,205911,128,1,"_RNvNtNtC9rust_perf4apps8pressure14pressure_calc2",128,104068437390568,104068437420488,0,0,12,4,32,256,1,1,1000192,1,1
"KERNEL_DISPATCH","Agent 4",1,0,205911,129,2,"_RNvNtNtC9rust_perf4apps8pressure14pressure_calc1",129,104068437430408,104068437448168,0,0,8,0,32,256,1,1,1000192,1,1
"KERNEL_DISPATCH","Agent 4",1,0,205911,130,1,"_RNvNtNtC9rust_perf4apps8pressure14pressure_calc2",130,104068437460008,104068437489928,0,0,12,4,32,256,1,1,1000192,1,1
"KERNEL_DISPATCH","Agent 4",1,0,205911,131,2,"_RNvNtNtC9rust_perf4apps8pressure14pressure_calc1",131,104068437500168,104068437517928,0,0,8,0,32,256,1,1,1000192,1,1
"KERNEL_DISPATCH","Agent 4",1,0,205911,132,1,"_RNvNtNtC9rust_perf4apps8pressure14pressure_calc2",132,104068437528808,104068437559048,0,0,12,4,32,256,1,1,1000192,1,1
"KERNEL_DISPATCH","Agent 4",1,0,205911,133,2,"_RNvNtNtC9rust_perf4apps8pressure14pressure_calc1",133,104068437568968,104068437586568,0,0,8,0,32,256,1,1,1000192,1,1
"KERNEL_DISPATCH","Agent 4",1,0,205911,134,1,"_RNvNtNtC9rust_perf4apps8pressure14pressure_calc2",134,104068437596488,104068437626888,0,0,12,4,32,256,1,1,1000192,1,1
"KERNEL_DISPATCH","Agent 4",1,0,205911,135,2,"_RNvNtNtC9rust_perf4apps8pressure14pressure_calc1",135,104068437639368,104068437657128,0,0,8,0,32,256,1,1,1000192,1,1
"KERNEL_DISPATCH","Agent 4",1,0,205911,136,1,"_RNvNtNtC9rust_perf4apps8pressure14pressure_calc2",136,104068437669128,104068437699208,0,0,12,4,32,256,1,1,1000192,1,1
"KERNEL_DISPATCH","Agent 4",1,0,205911,137,2,"_RNvNtNtC9rust_perf4apps8pressure14pressure_calc1",137,104068437709288,104068437727048,0,0,8,0,32,256,1,1,1000192,1,1
"KERNEL_DISPATCH","Agent 4",1,0,205911,138,1,"_RNvNtNtC9rust_perf4apps8pressure14pressure_calc2",138,104068437736968,104068437767049,0,0,12,4,32,256,1,1,1000192,1,1
"KERNEL_DISPATCH","Agent 4",1,0,205911,139,2,"_RNvNtNtC9rust_perf4apps8pressure14pressure_calc1",139,104068437777129,104068437794729,0,0,8,0,32,256,1,1,1000192,1,1
"KERNEL_DISPATCH","Agent 4",1,0,205911,140,1,"_RNvNtNtC9rust_perf4apps8pressure14pressure_calc2",140,104068437804809,104068437834729,0,0,12,4,32,256,1,1,1000192,1,1
"KERNEL_DISPATCH","Agent 4",1,0,205911,141,2,"_RNvNtNtC9rust_perf4apps8pressure14pressure_calc1",141,104068437844649,104068437862409,0,0,8,0,32,256,1,1,1000192,1,1
"KERNEL_DISPATCH","Agent 4",1,0,205911,142,1,"_RNvNtNtC9rust_perf4apps8pressure14pressure_calc2",142,104068437874249,104068437904169,0,0,12,4,32,256,1,1,1000192,1,1
"KERNEL_DISPATCH","Agent 4",1,0,205911,143,2,"_RNvNtNtC9rust_perf4apps8pressure14pressure_calc1",143,104068437916329,104068437934089,0,0,8,0,32,256,1,1,1000192,1,1
"KERNEL_DISPATCH","Agent 4",1,0,205911,144,1,"_RNvNtNtC9rust_perf4apps8pressure14pressure_calc2",144,104068437945929,104068437976169,0,0,12,4,32,256,1,1,1000192,1,1
"KERNEL_DISPATCH","Agent 4",1,0,205911,145,2,"_RNvNtNtC9rust_perf4apps8pressure14pressure_calc1",145,104068437988009,104068438005129,0,0,8,0,32,256,1,1,1000192,1,1
"KERNEL_DISPATCH","Agent 4",1,0,205911,146,1,"_RNvNtNtC9rust_perf4apps8pressure14pressure_calc2",146,104068438015209,104068438044809,0,0,12,4,32,256,1,1,1000192,1,1
"KERNEL_DISPATCH","Agent 4",1,0,205911,147,2,"_RNvNtNtC9rust_perf4apps8pressure14pressure_calc1",147,104068438056809,104068438074249,0,0,8,0,32,256,1,1,1000192,1,1
"KERNEL_DISPATCH","Agent 4",1,0,205911,148,1,"_RNvNtNtC9rust_perf4apps8pressure14pressure_calc2",148,104068438084489,104068438114569,0,0,12,4,32,256,1,1,1000192,1,1
"KERNEL_DISPATCH","Agent 4",1,0,205911,149,2,"_RNvNtNtC9rust_perf4apps8pressure14pressure_calc1",149,104068438124649,104068438142249,0,0,8,0,32,256,1,1,1000192,1,1
"KERNEL_DISPATCH","Agent 4",1,0,205911,150,1,"_RNvNtNtC9rust_perf4apps8pressure14pressure_calc2",150,104068438154409,104068438184329,0,0,12,4,32,256,1,1,1000192,1,1
"KERNEL_DISPATCH","Agent 4",1,0,205911,151,2,"_RNvNtNtC9rust_perf4apps8pressure14pressure_calc1",151,104068438194409,104068438211850,0,0,8,0,32,256,1,1,1000192,1,1
"KERNEL_DISPATCH","Agent 4",1,0,205911,152,1,"_RNvNtNtC9rust_perf4apps8pressure14pressure_calc2",152,104068438223850,104068438254250,0,0,12,4,32,256,1,1,1000192,1,1
"KERNEL_DISPATCH","Agent 4",1,0,205911,153,2,"_RNvNtNtC9rust_perf4apps8pressure14pressure_calc1",153,104068438264170,104068438281770,0,0,8,0,32,256,1,1,1000192,1,1
"KERNEL_DISPATCH","Agent 4",1,0,205911,154,1,"_RNvNtNtC9rust_perf4apps8pressure14pressure_calc2",154,104068438291690,104068438322090,0,0,12,4,32,256,1,1,1000192,1,1
"KERNEL_DISPATCH","Agent 4",1,0,205911,155,2,"_RNvNtNtC9rust_perf4apps8pressure14pressure_calc1",155,104068438332330,104068438349770,0,0,8,0,32,256,1,1,1000192,1,1
"KERNEL_DISPATCH","Agent 4",1,0,205911,156,1,"_RNvNtNtC9rust_perf4apps8pressure14pressure_calc2",156,104068438360330,104068438390570,0,0,12,4,32,256,1,1,1000192,1,1
"KERNEL_DISPATCH","Agent 4",1,0,205911,157,2,"_RNvNtNtC9rust_perf4apps8pressure14pressure_calc1",157,104068438400650,104068438417930,0,0,8,0,32,256,1,1,1000192,1,1
"KERNEL_DISPATCH","Agent 4",1,0,205911,158,1,"_RNvNtNtC9rust_perf4apps8pressure14pressure_calc2",158,104068438429930,104068438459690,0,0,12,4,32,256,1,1,1000192,1,1
"KERNEL_DISPATCH","Agent 4",1,0,205911,159,2,"_RNvNtNtC9rust_perf4apps8pressure14pressure_calc1",159,104068438469930,104068438487530,0,0,8,0,32,256,1,1,1000192,1,1
"KERNEL_DISPATCH","Agent 4",1,0,205911,160,1,"_RNvNtNtC9rust_perf4apps8pressure14pressure_calc2",160,104068438497770,104068438527850,0,0,12,4,32,256,1,1,1000192,1,1
"KERNEL_DISPATCH","Agent 4",1,0,205911,161,2,"_RNvNtNtC9rust_perf4apps8pressure14pressure_calc1",161,104068438537930,104068438555850,0,0,8,0,32,256,1,1,1000192,1,1
"KERNEL_DISPATCH","Agent 4",1,0,205911,162,1,"_RNvNtNtC9rust_perf4apps8pressure14pressure_calc2",162,104068438566090,104068438595850,0,0,12,4,32,256,1,1,1000192,1,1
"KERNEL_DISPATCH","Agent 4",1,0,205911,163,2,"_RNvNtNtC9rust_perf4apps8pressure14pressure_calc1",163,104068438605770,104068438623210,0,0,8,0,32,256,1,1,1000192,1,1
"KERNEL_DISPATCH","Agent 4",1,0,205911,164,1,"_RNvNtNtC9rust_perf4apps8pressure14pressure_calc2",164,104068438634250,104068438664331,0,0,12,4,32,256,1,1,1000192,1,1
"KERNEL_DISPATCH","Agent 4",1,0,205911,165,2,"_RNvNtNtC9rust_perf4apps8pressure14pressure_calc1",165,104068438676171,104068438693611,0,0,8,0,32,256,1,1,1000192,1,1
"KERNEL_DISPATCH","Agent 4",1,0,205911,166,1,"_RNvNtNtC9rust_perf4apps8pressure14pressure_calc2",166,104068438703851,104068438734091,0,0,12,4,32,256,1,1,1000192,1,1
"KERNEL_DISPATCH","Agent 4",1,0,205911,167,2,"_RNvNtNtC9rust_perf4apps8pressure14pressure_calc1",167,104068438744011,104068438761451,0,0,8,0,32,256,1,1,1000192,1,1
"KERNEL_DISPATCH","Agent 4",1,0,205911,168,1,"_RNvNtNtC9rust_perf4apps8pressure14pressure_calc2",168,104068438771371,104068438801771,0,0,12,4,32,256,1,1,1000192,1,1
"KERNEL_DISPATCH","Agent 4",1,0,205911,169,2,"_RNvNtNtC9rust_perf4apps8pressure14pressure_calc1",169,104068438811691,104068438829291,0,0,8,0,32,256,1,1,1000192,1,1
"KERNEL_DISPATCH","Agent 4",1,0,205911,170,1,"_RNvNtNtC9rust_perf4apps8pressure14pressure_calc2",170,104068438841131,104068438871051,0,0,12,4,32,256,1,1,1000192,1,1
"KERNEL_DISPATCH","Agent 4",1,0,205911,171,2,"_RNvNtNtC9rust_perf4apps8pressure14pressure_calc1",171,104068438882891,104068438900491,0,0,8,0,32,256,1,1,1000192,1,1
"KERNEL_DISPATCH","Agent 4",1,0,205911,172,1,"_RNvNtNtC9rust_perf4apps8pressure14pressure_calc2",172,104068438912331,104068438941931,0,0,12,4,32,256,1,1,1000192,1,1
"KERNEL_DISPATCH","Agent 4",1,0,205911,173,2,"_RNvNtNtC9rust_perf4apps8pressure14pressure_calc1",173,104068438952971,104068438970251,0,0,8,0,32,256,1,1,1000192,1,1
"KERNEL_DISPATCH","Agent 4",1,0,205911,174,1,"_RNvNtNtC9rust_perf4apps8pressure14pressure_calc2",174,104068438980651,104068439010411,0,0,12,4,32,256,1,1,1000192,1,1
"KERNEL_DISPATCH","Agent 4",1,0,205911,175,2,"_RNvNtNtC9rust_perf4apps8pressure14pressure_calc1",175,104068439020491,104068439038091,0,0,8,0,32,256,1,1,1000192,1,1
"KERNEL_DISPATCH","Agent 4",1,0,205911,176,1,"_RNvNtNtC9rust_perf4apps8pressure14pressure_calc2",176,104068439050731,104068439080652,0,0,12,4,32,256,1,1,1000192,1,1
"KERNEL_DISPATCH","Agent 4",1,0,205911,177,2,"_RNvNtNtC9rust_perf4apps8pressure14pressure_calc1",177,104068439090732,104068439108492,0,0,8,0,32,256,1,1,1000192,1,1
"KERNEL_DISPATCH","Agent 4",1,0,205911,178,1,"_RNvNtNtC9rust_perf4apps8pressure14pressure_calc2",178,104068439120332,104068439150732,0,0,12,4,32,256,1,1,1000192,1,1
"KERNEL_DISPATCH","Agent 4",1,0,205911,179,2,"_RNvNtNtC9rust_perf4apps8pressure14pressure_calc1",179,104068439160812,104068439178252,0,0,8,0,32,256,1,1,1000192,1,1
"KERNEL_DISPATCH","Agent 4",1,0,205911,180,1,"_RNvNtNtC9rust_perf4apps8pressure14pressure_calc2",180,104068439189932,104068439219532,0,0,12,4,32,256,1,1,1000192,1,1
"KERNEL_DISPATCH","Agent 4",1,0,205911,181,2,"_RNvNtNtC9rust_perf4apps8pressure14pressure_calc1",181,104068439229452,104068439246892,0,0,8,0,32,256,1,1,1000192,1,1
"KERNEL_DISPATCH","Agent 4",1,0,205911,182,1,"_RNvNtNtC9rust_perf4apps8pressure14pressure_calc2",182,104068439258412,104068439288492,0,0,12,4,32,256,1,1,1000192,1,1
"KERNEL_DISPATCH","Agent 4",1,0,205911,183,2,"_RNvNtNtC9rust_perf4apps8pressure14pressure_calc1",183,104068439298572,104068439315852,0,0,8,0,32,256,1,1,1000192,1,1
"KERNEL_DISPATCH","Agent 4",1,0,205911,184,1,"_RNvNtNtC9rust_perf4apps8pressure14pressure_calc2",184,104068439327852,104068439357612,0,0,12,4,32,256,1,1,1000192,1,1
"KERNEL_DISPATCH","Agent 4",1,0,205911,185,2,"_RNvNtNtC9rust_perf4apps8pressure14pressure_calc1",185,104068439367692,104068439385132,0,0,8,0,32,256,1,1,1000192,1,1
"KERNEL_DISPATCH","Agent 4",1,0,205911,186,1,"_RNvNtNtC9rust_perf4apps8pressure14pressure_calc2",186,104068439395212,104068439424972,0,0,12,4,32,256,1,1,1000192,1,1
"KERNEL_DISPATCH","Agent 4",1,0,205911,187,2,"_RNvNtNtC9rust_perf4apps8pressure14pressure_calc1",187,104068439435052,104068439452652,0,0,8,0,32,256,1,1,1000192,1,1
"KERNEL_DISPATCH","Agent 4",1,0,205911,188,1,"_RNvNtNtC9rust_perf4apps8pressure14pressure_calc2",188,104068439462732,104068439492812,0,0,12,4,32,256,1,1,1000192,1,1
"KERNEL_DISPATCH","Agent 4",1,0,205911,189,2,"_RNvNtNtC9rust_perf4apps8pressure14pressure_calc1",189,104068439502732,104068439520333,0,0,8,0,32,256,1,1,1000192,1,1
"KERNEL_DISPATCH","Agent 4",1,0,205911,190,1,"_RNvNtNtC9rust_perf4apps8pressure14pressure_calc2",190,104068439530893,104068439560973,0,0,12,4,32,256,1,1,1000192,1,1
"KERNEL_DISPATCH","Agent 4",1,0,205911,191,2,"_RNvNtNtC9rust_perf4apps8pressure14pressure_calc1",191,104068439572813,104068439590253,0,0,8,0,32,256,1,1,1000192,1,1
"KERNEL_DISPATCH","Agent 4",1,0,205911,192,1,"_RNvNtNtC9rust_perf4apps8pressure14pressure_calc2",192,104068439600333,104068439630573,0,0,12,4,32,256,1,1,1000192,1,1
"KERNEL_DISPATCH","Agent 4",1,0,205911,193,2,"_RNvNtNtC9rust_perf4apps8pressure14pressure_calc1",193,104068439642093,104068439659373,0,0,8,0,32,256,1,1,1000192,1,1
"KERNEL_DISPATCH","Agent 4",1,0,205911,194,1,"_RNvNtNtC9rust_perf4apps8pressure14pressure_calc2",194,104068439671053,104068439700653,0,0,12,4,32,256,1,1,1000192,1,1
"KERNEL_DISPATCH","Agent 4",1,0,205911,195,2,"_RNvNtNtC9rust_perf4apps8pressure14pressure_calc1",195,104068439710893,104068439728653,0,0,8,0,32,256,1,1,1000192,1,1
"KERNEL_DISPATCH","Agent 4",1,0,205911,196,1,"_RNvNtNtC9rust_perf4apps8pressure14pressure_calc2",196,104068439739213,104068439769293,0,0,12,4,32,256,1,1,1000192,1,1
"KERNEL_DISPATCH","Agent 4",1,0,205911,197,2,"_RNvNtNtC9rust_perf4apps8pressure14pressure_calc1",197,104068439779533,104068439797133,0,0,8,0,32,256,1,1,1000192,1,1
"KERNEL_DISPATCH","Agent 4",1,0,205911,198,1,"_RNvNtNtC9rust_perf4apps8pressure14pressure_calc2",198,104068439808973,104068439838893,0,0,12,4,32,256,1,1,1000192,1,1
"KERNEL_DISPATCH","Agent 4",1,0,205911,199,2,"_RNvNtNtC9rust_perf4apps8pressure14pressure_calc1",199,104068439851053,104068439868493,0,0,8,0,32,256,1,1,1000192,1,1
"KERNEL_DISPATCH","Agent 4",1,0,205911,200,1,"_RNvNtNtC9rust_perf4apps8pressure14pressure_calc2",200,104068439878573,104068439908493,0,0,12,4,32,256,1,1,1000192,1,1
"KERNEL_DISPATCH","Agent 4",1,0,205911,201,2,"_RNvNtNtC9rust_perf4apps8pressure14pressure_calc1",201,104068439918413,104068439936013,0,0,8,0,32,256,1,1,1000192,1,1
"KERNEL_DISPATCH","Agent 4",1,0,205911,202,1,"_RNvNtNtC9rust_perf4apps8pressure14pressure_calc2",202,104068439945933,104068439975694,0,0,12,4,32,256,1,1,1000192,1,1
"KERNEL_DISPATCH","Agent 4",1,0,205911,203,2,"_RNvNtNtC9rust_perf4apps8pressure14pressure_calc1",203,104068439985774,104068440003054,0,0,8,0,32,256,1,1,1000192,1,1
"KERNEL_DISPATCH","Agent 4",1,0,205911,204,1,"_RNvNtNtC9rust_perf4apps8pressure14pressure_calc2",204,104068440013134,104068440043054,0,0,12,4,32,256,1,1,1000192,1,1
"KERNEL_DISPATCH","Agent 4",1,0,205911,205,2,"_RNvNtNtC9rust_perf4apps8pressure14pressure_calc1",205,104068440055694,104068440072814,0,0,8,0,32,256,1,1,1000192,1,1
"KERNEL_DISPATCH","Agent 4",1,0,205911,206,1,"_RNvNtNtC9rust_perf4apps8pressure14pressure_calc2",206,104068440084494,104068440114574,0,0,12,4,32,256,1,1,1000192,1,1
"KERNEL_DISPATCH","Agent 4",1,0,205911,207,2,"_RNvNtNtC9rust_perf4apps8pressure14pressure_calc1",207,104068440126574,104068440143854,0,0,8,0,32,256,1,1,1000192,1,1
"KERNEL_DISPATCH","Agent 4",1,0,205911,208,1,"_RNvNtNtC9rust_perf4apps8pressure14pressure_calc2",208,104068440154574,104068440184654,0,0,12,4,32,256,1,1,1000192,1,1
"KERNEL_DISPATCH","Agent 4",1,0,205911,209,2,"_RNvNtNtC9rust_perf4apps8pressure14pressure_calc1",209,104068440194574,104068440212174,0,0,8,0,32,256,1,1,1000192,1,1
"KERNEL_DISPATCH","Agent 4",1,0,205911,210,1,"_RNvNtNtC9rust_perf4apps8pressure14pressure_calc2",210,104068440223694,104068440254094,0,0,12,4,32,256,1,1,1000192,1,1
"KERNEL_DISPATCH","Agent 4",1,0,205911,211,2,"_RNvNtNtC9rust_perf4apps8pressure14pressure_calc1",211,104068440264014,104068440281454,0,0,8,0,32,256,1,1,1000192,1,1
"KERNEL_DISPATCH","Agent 4",1,0,205911,212,1,"_RNvNtNtC9rust_perf4apps8pressure14pressure_calc2",212,104068440291374,104068440321774,0,0,12,4,32,256,1,1,1000192,1,1
"KERNEL_DISPATCH","Agent 4",1,0,205911,213,2,"_RNvNtNtC9rust_perf4apps8pressure14pressure_calc1",213,104068440331854,104068440349774,0,0,8,0,32,256,1,1,1000192,1,1
"KERNEL_DISPATCH","Agent 4",1,0,205911,214,1,"_RNvNtNtC9rust_perf4apps8pressure14pressure_calc2",214,104068440359694,104068440389934,0,0,12,4,32,256,1,1,1000192,1,1
"KERNEL_DISPATCH","Agent 4",1,0,205911,215,2,"_RNvNtNtC9rust_perf4apps8pressure14pressure_calc1",215,104068440400175,104068440417615,0,0,8,0,32,256,1,1,1000192,1,1
"KERNEL_DISPATCH","Agent 4",1,0,205911,216,1,"_RNvNtNtC9rust_perf4apps8pressure14pressure_calc2",216,104068440427535,104068440457455,0,0,12,4,32,256,1,1,1000192,1,1
"KERNEL_DISPATCH","Agent 4",1,0,205911,217,2,"_RNvNtNtC9rust_perf4apps8pressure14pressure_calc1",217,104068440467695,104068440485295,0,0,8,0,32,256,1,1,1000192,1,1
"KERNEL_DISPATCH","Agent 4",1,0,205911,218,1,"_RNvNtNtC9rust_perf4apps8pressure14pressure_calc2",218,104068440495375,104068440525295,0,0,12,4,32,256,1,1,1000192,1,1
"KERNEL_DISPATCH","Agent 4",1,0,205911,219,2,"_RNvNtNtC9rust_perf4apps8pressure14pressure_calc1",219,104068440535215,104068440552655,0,0,8,0,32,256,1,1,1000192,1,1
"KERNEL_DISPATCH","Agent 4",1,0,205911,220,1,"_RNvNtNtC9rust_perf4apps8pressure14pressure_calc2",220,104068440562735,104068440592815,0,0,12,4,32,256,1,1,1000192,1,1
"KERNEL_DISPATCH","Agent 4",1,0,205911,221,2,"_RNvNtNtC9rust_perf4apps8pressure14pressure_calc1",221,104068440602735,104068440620655,0,0,8,0,32,256,1,1,1000192,1,1
"KERNEL_DISPATCH","Agent 4",1,0,205911,222,1,"_RNvNtNtC9rust_perf4apps8pressure14pressure_calc2",222,104068440630575,104068440660175,0,0,12,4,32,256,1,1,1000192,1,1
"KERNEL_DISPATCH","Agent 4",1,0,205911,223,2,"_RNvNtNtC9rust_perf4apps8pressure14pressure_calc1",223,104068440670095,104068440687375,0,0,8,0,32,256,1,1,1000192,1,1
"KERNEL_DISPATCH","Agent 4",1,0,205911,224,1,"_RNvNtNtC9rust_perf4apps8pressure14pressure_calc2",224,104068440697455,104068440727215,0,0,12,4,32,256,1,1,1000192,1,1
"KERNEL_DISPATCH","Agent 4",1,0,205911,225,2,"_RNvNtNtC9rust_perf4apps8pressure14pressure_calc1",225,104068440737295,104068440755055,0,0,8,0,32,256,1,1,1000192,1,1
"KERNEL_DISPATCH","Agent 4",1,0,205911,226,1,"_RNvNtNtC9rust_perf4apps8pressure14pressure_calc2",226,104068440766575,104068440796495,0,0,12,4,32,256,1,1,1000192,1,1
"KERNEL_DISPATCH","Agent 4",1,0,205911,227,2,"_RNvNtNtC9rust_perf4apps8pressure14pressure_calc1",227,104068440806575,104068440824175,0,0,8,0,32,256,1,1,1000192,1,1
"KERNEL_DISPATCH","Agent 4",1,0,205911,228,1,"_RNvNtNtC9rust_perf4apps8pressure14pressure_calc2",228,104068440834256,104068440864336,0,0,12,4,32,256,1,1,1000192,1,1
"KERNEL_DISPATCH","Agent 4",1,0,205911,229,2,"_RNvNtNtC9rust_perf4apps8pressure14pressure_calc1",229,104068440874416,104068440891856,0,0,8,0,32,256,1,1,1000192,1,1
"KERNEL_DISPATCH","Agent 4",1,0,205911,230,1,"_RNvNtNtC9rust_perf4apps8pressure14pressure_calc2",230,104068440901776,104068440931696,0,0,12,4,32,256,1,1,1000192,1,1
"KERNEL_DISPATCH","Agent 4",1,0,205911,231,2,"_RNvNtNtC9rust_perf4apps8pressure14pressure_calc1",231,104068440941616,104068440958896,0,0,8,0,32,256,1,1,1000192,1,1
"KERNEL_DISPATCH","Agent 4",1,0,205911,232,1,"_RNvNtNtC9rust_perf4apps8pressure14pressure_calc2",232,104068440968816,104068440999056,0,0,12,4,32,256,1,1,1000192,1,1
"KERNEL_DISPATCH","Agent 4",1,0,205911,233,2,"_RNvNtNtC9rust_perf4apps8pressure14pressure_calc1",233,104068441010896,104068441028816,0,0,8,0,32,256,1,1,1000192,1,1
"KERNEL_DISPATCH","Agent 4",1,0,205911,234,1,"_RNvNtNtC9rust_perf4apps8pressure14pressure_calc2",234,104068441039216,104068441069616,0,0,12,4,32,256,1,1,1000192,1,1
"KERNEL_DISPATCH","Agent 4",1,0,205911,235,2,"_RNvNtNtC9rust_perf4apps8pressure14pressure_calc1",235,104068441079536,104068441097136,0,0,8,0,32,256,1,1,1000192,1,1
"KERNEL_DISPATCH","Agent 4",1,0,205911,236,1,"_RNvNtNtC9rust_perf4apps8pressure14pressure_calc2",236,104068441107216,104068441137296,0,0,12,4,32,256,1,1,1000192,1,1
"KERNEL_DISPATCH","Agent 4",1,0,205911,237,2,"_RNvNtNtC9rust_perf4apps8pressure14pressure_calc1",237,104068441147376,104068441164976,0,0,8,0,32,256,1,1,1000192,1,1
"KERNEL_DISPATCH","Agent 4",1,0,205911,238,1,"_RNvNtNtC9rust_perf4apps8pressure14pressure_calc2",238,104068441176816,104068441207216,0,0,12,4,32,256,1,1,1000192,1,1
"KERNEL_DISPATCH","Agent 4",1,0,205911,239,2,"_RNvNtNtC9rust_perf4apps8pressure14pressure_calc1",239,104068441217296,104068441234736,0,0,8,0,32,256,1,1,1000192,1,1
"KERNEL_DISPATCH","Agent 4",1,0,205911,240,1,"_RNvNtNtC9rust_perf4apps8pressure14pressure_calc2",240,104068441244656,104068441274417,0,0,12,4,32,256,1,1,1000192,1,1
"KERNEL_DISPATCH","Agent 4",1,0,205911,241,2,"_RNvNtNtC9rust_perf4apps8pressure14pressure_calc1",241,104068441286097,104068441303537,0,0,8,0,32,256,1,1,1000192,1,1
"KERNEL_DISPATCH","Agent 4",1,0,205911,242,1,"_RNvNtNtC9rust_perf4apps8pressure14pressure_calc2",242,104068441314737,104068441344497,0,0,12,4,32,256,1,1,1000192,1,1
"KERNEL_DISPATCH","Agent 4",1,0,205911,243,2,"_RNvNtNtC9rust_perf4apps8pressure14pressure_calc1",243,104068441355857,104068441373457,0,0,8,0,32,256,1,1,1000192,1,1
"KERNEL_DISPATCH","Agent 4",1,0,205911,244,1,"_RNvNtNtC9rust_perf4apps8pressure14pressure_calc2",244,104068441385617,104068441415377,0,0,12,4,32,256,1,1,1000192,1,1
"KERNEL_DISPATCH","Agent 4",1,0,205911,245,2,"_RNvNtNtC9rust_perf4apps8pressure14pressure_calc1",245,104068441425457,104068441442897,0,0,8,0,32,256,1,1,1000192,1,1
"KERNEL_DISPATCH","Agent 4",1,0,205911,246,1,"_RNvNtNtC9rust_perf4apps8pressure14pressure_calc2",246,104068441454417,104068441484177,0,0,12,4,32,256,1,1,1000192,1,1
"KERNEL_DISPATCH","Agent 4",1,0,205911,247,2,"_RNvNtNtC9rust_perf4apps8pressure14pressure_calc1",247,104068441494257,104068441511697,0,0,8,0,32,256,1,1,1000192,1,1
"KERNEL_DISPATCH","Agent 4",1,0,205911,248,1,"_RNvNtNtC9rust_perf4apps8pressure14pressure_calc2",248,104068441522897,104068441552817,0,0,12,4,32,256,1,1,1000192,1,1
"KERNEL_DISPATCH","Agent 4",1,0,205911,249,2,"_RNvNtNtC9rust_perf4apps8pressure14pressure_calc1",249,104068441564657,104068441582097,0,0,8,0,32,256,1,1,1000192,1,1
"KERNEL_DISPATCH","Agent 4",1,0,205911,250,1,"_RNvNtNtC9rust_perf4apps8pressure14pressure_calc2",250,104068441592017,104068441622097,0,0,12,4,32,256,1,1,1000192,1,1
"KERNEL_DISPATCH","Agent 4",1,0,205911,251,2,"_RNvNtNtC9rust_perf4apps8pressure14pressure_calc1",251,104068441632177,104068441649937,0,0,8,0,32,256,1,1,1000192,1,1
"KERNEL_DISPATCH","Agent 4",1,0,205911,252,1,"_RNvNtNtC9rust_perf4apps8pressure14pressure_calc2",252,104068441659857,104068441689777,0,0,12,4,32,256,1,1,1000192,1,1
"KERNEL_DISPATCH","Agent 4",1,0,205911,253,2,"_RNvNtNtC9rust_perf4apps8pressure14pressure_calc1",253,104068441699669,104068441717109,0,0,8,0,32,256,1,1,1000192,1,1
"KERNEL_DISPATCH","Agent 4",1,0,205911,254,1,"_RNvNtNtC9rust_perf4apps8pressure14pressure_calc2",254,104068441728949,104068441758869,0,0,12,4,32,256,1,1,1000192,1,1
"KERNEL_DISPATCH","Agent 4",1,0,205911,255,2,"_RNvNtNtC9rust_perf4apps8pressure14pressure_calc1",255,104068441768789,104068441786549,0,0,8,0,32,256,1,1,1000192,1,1
"KERNEL_DISPATCH","Agent 4",1,0,205911,256,1,"_RNvNtNtC9rust_perf4apps8pressure14pressure_calc2",256,104068441798229,104068441827989,0,0,12,4,32,256,1,1,1000192,1,1
"KERNEL_DISPATCH","Agent 4",1,0,205911,257,2,"_RNvNtNtC9rust_perf4apps8pressure14pressure_calc1",257,104068441838229,104068441855669,0,0,8,0,32,256,1,1,1000192,1,1
"KERNEL_DISPATCH","Agent 4",1,0,205911,258,1,"_RNvNtNtC9rust_perf4apps8pressure14pressure_calc2",258,104068441867509,104068441897429,0,0,12,4,32,256,1,1,1000192,1,1
"KERNEL_DISPATCH","Agent 4",1,0,205911,259,2,"_RNvNtNtC9rust_perf4apps8pressure14pressure_calc1",259,104068441907509,104068441925429,0,0,8,0,32,256,1,1,1000192,1,1
"KERNEL_DISPATCH","Agent 4",1,0,205911,260,1,"_RNvNtNtC9rust_perf4apps8pressure14pressure_calc2",260,104068441935349,104068441965429,0,0,12,4,32,256,1,1,1000192,1,1
"KERNEL_DISPATCH","Agent 4",1,0,205911,261,2,"_RNvNtNtC9rust_perf4apps8pressure14pressure_calc1",261,104068441975509,104068441993269,0,0,8,0,32,256,1,1,1000192,1,1
"KERNEL_DISPATCH","Agent 4",1,0,205911,262,1,"_RNvNtNtC9rust_perf4apps8pressure14pressure_calc2",262,104068442003189,104068442033269,0,0,12,4,32,256,1,1,1000192,1,1
"KERNEL_DISPATCH","Agent 4",1,0,205911,263,2,"_RNvNtNtC9rust_perf4apps8pressure14pressure_calc1",263,104068442045749,104068442063669,0,0,8,0,32,256,1,1,1000192,1,1
"KERNEL_DISPATCH","Agent 4",1,0,205911,264,1,"_RNvNtNtC9rust_perf4apps8pressure14pressure_calc2",264,104068442073749,104068442104149,0,0,12,4,32,256,1,1,1000192,1,1
"KERNEL_DISPATCH","Agent 4",1,0,205911,265,2,"_RNvNtNtC9rust_perf4apps8pressure14pressure_calc1",265,104068442116149,104068442133909,0,0,8,0,32,256,1,1,1000192,1,1
"KERNEL_DISPATCH","Agent 4",1,0,205911,266,1,"_RNvNtNtC9rust_perf4apps8pressure14pressure_calc2",266,104068442143989,104068442173909,0,0,12,4,32,256,1,1,1000192,1,1
"KERNEL_DISPATCH","Agent 4",1,0,205911,267,2,"_RNvNtNtC9rust_perf4apps8pressure14pressure_calc1",267,104068442185269,104068442203029,0,0,8,0,32,256,1,1,1000192,1,1
"KERNEL_DISPATCH","Agent 4",1,0,205911,268,1,"_RNvNtNtC9rust_perf4apps8pressure14pressure_calc2",268,104068442213109,104068442243509,0,0,12,4,32,256,1,1,1000192,1,1
"KERNEL_DISPATCH","Agent 4",1,0,205911,269,2,"_RNvNtNtC9rust_perf4apps8pressure14pressure_calc1",269,104068442255189,104068442272949,0,0,8,0,32,256,1,1,1000192,1,1
"KERNEL_DISPATCH","Agent 4",1,0,205911,270,1,"_RNvNtNtC9rust_perf4apps8pressure14pressure_calc2",270,104068442284629,104068442314869,0,0,12,4,32,256,1,1,1000192,1,1
"KERNEL_DISPATCH","Agent 4",1,0,205911,271,2,"_RNvNtNtC9rust_perf4apps8pressure14pressure_calc1",271,104068442324949,104068442342550,0,0,8,0,32,256,1,1,1000192,1,1
"KERNEL_DISPATCH","Agent 4",1,0,205911,272,1,"_RNvNtNtC9rust_perf4apps8pressure14pressure_calc2",272,104068442352470,104068442382230,0,0,12,4,32,256,1,1,1000192,1,1
"KERNEL_DISPATCH","Agent 4",1,0,205911,273,2,"_RNvNtNtC9rust_perf4apps8pressure14pressure_calc1",273,104068442392310,104068442410070,0,0,8,0,32,256,1,1,1000192,1,1
"KERNEL_DISPATCH","Agent 4",1,0,205911,274,1,"_RNvNtNtC9rust_perf4apps8pressure14pressure_calc2",274,104068442420310,104068442450390,0,0,12,4,32,256,1,1,1000192,1,1
"KERNEL_DISPATCH","Agent 4",1,0,205911,275,2,"_RNvNtNtC9rust_perf4apps8pressure14pressure_calc1",275,104068442460310,104068442477590,0,0,8,0,32,256,1,1,1000192,1,1
"KERNEL_DISPATCH","Agent 4",1,0,205911,276,1,"_RNvNtNtC9rust_perf4apps8pressure14pressure_calc2",276,104068442489590,104068442519990,0,0,12,4,32,256,1,1,1000192,1,1
"KERNEL_DISPATCH","Agent 4",1,0,205911,277,2,"_RNvNtNtC9rust_perf4apps8pressure14pressure_calc1",277,104068442531510,104068442549270,0,0,8,0,32,256,1,1,1000192,1,1
"KERNEL_DISPATCH","Agent 4",1,0,205911,278,1,"_RNvNtNtC9rust_perf4apps8pressure14pressure_calc2",278,104068442560310,104068442590070,0,0,12,4,32,256,1,1,1000192,1,1
"KERNEL_DISPATCH","Agent 4",1,0,205911,279,2,"_RNvNtNtC9rust_perf4apps8pressure14pressure_calc1",279,104068442599990,104068442617270,0,0,8,0,32,256,1,1,1000192,1,1
"KERNEL_DISPATCH","Agent 4",1,0,205911,280,1,"_RNvNtNtC9rust_perf4apps8pressure14pressure_calc2",280,104068442627350,104068442657270,0,0,12,4,32,256,1,1,1000192,1,1
"KERNEL_DISPATCH","Agent 4",1,0,205911,281,2,"_RNvNtNtC9rust_perf4apps8pressure14pressure_calc1",281,104068442669110,104068442686870,0,0,8,0,32,256,1,1,1000192,1,1
"KERNEL_DISPATCH","Agent 4",1,0,205911,282,1,"_RNvNtNtC9rust_perf4apps8pressure14pressure_calc2",282,104068442696790,104068442726870,0,0,12,4,32,256,1,1,1000192,1,1
"KERNEL_DISPATCH","Agent 4",1,0,205911,283,2,"_RNvNtNtC9rust_perf4apps8pressure14pressure_calc1",283,104068442737110,104068442754550,0,0,8,0,32,256,1,1,1000192,1,1
"KERNEL_DISPATCH","Agent 4",1,0,205911,284,1,"_RNvNtNtC9rust_perf4apps8pressure14pressure_calc2",284,104068442764630,104068442794710,0,0,12,4,32,256,1,1,1000192,1,1
"KERNEL_DISPATCH","Agent 4",1,0,205911,285,2,"_RNvNtNtC9rust_perf4apps8pressure14pressure_calc1",285,104068442805430,104068442822870,0,0,8,0,32,256,1,1,1000192,1,1
"KERNEL_DISPATCH","Agent 4",1,0,205911,286,1,"_RNvNtNtC9rust_perf4apps8pressure14pressure_calc2",286,104068442832950,104068442863030,0,0,12,4,32,256,1,1,1000192,1,1
"KERNEL_DISPATCH","Agent 4",1,0,205911,287,2,"_RNvNtNtC9rust_perf4apps8pressure14pressure_calc1",287,104068442873110,104068442890710,0,0,8,0,32,256,1,1,1000192,1,1
"KERNEL_DISPATCH","Agent 4",1,0,205911,288,1,"_RNvNtNtC9rust_perf4apps8pressure14pressure_calc2",288,104068442902870,104068442933110,0,0,12,4,32,256,1,1,1000192,1,1
"KERNEL_DISPATCH","Agent 4",1,0,205911,289,2,"_RNvNtNtC9rust_perf4apps8pressure14pressure_calc1",289,104068442943030,104068442960471,0,0,8,0,32,256,1,1,1000192,1,1
"KERNEL_DISPATCH","Agent 4",1,0,205911,290,1,"_RNvNtNtC9rust_perf4apps8pressure14pressure_calc2",290,104068442970551,104068443000471,0,0,12,4,32,256,1,1,1000192,1,1
"KERNEL_DISPATCH","Agent 4",1,0,205911,291,2,"_RNvNtNtC9rust_perf4apps8pressure14pressure_calc1",291,104068443010391,104068443027831,0,0,8,0,32,256,1,1,1000192,1,1
"KERNEL_DISPATCH","Agent 4",1,0,205911,292,1,"_RNvNtNtC9rust_perf4apps8pressure14pressure_calc2",292,104068443039991,104068443070231,0,0,12,4,32,256,1,1,1000192,1,1
"KERNEL_DISPATCH","Agent 4",1,0,205911,293,2,"_RNvNtNtC9rust_perf4apps8pressure14pressure_calc1",293,104068443082071,104068443099831,0,0,8,0,32,256,1,1,1000192,1,1
"KERNEL_DISPATCH","Agent 4",1,0,205911,294,1,"_RNvNtNtC9rust_perf4apps8pressure14pressure_calc2",294,104068443109591,104068443139671,0,0,12,4,32,256,1,1,1000192,1,1
"KERNEL_DISPATCH","Agent 4",1,0,205911,295,2,"_RNvNtNtC9rust_perf4apps8pressure14pressure_calc1",295,104068443149591,104068443167191,0,0,8,0,32,256,1,1,1000192,1,1
"KERNEL_DISPATCH","Agent 4",1,0,205911,296,1,"_RNvNtNtC9rust_perf4apps8pressure14pressure_calc2",296,104068443177271,104068443207191,0,0,12,4,32,256,1,1,1000192,1,1
"KERNEL_DISPATCH","Agent 4",1,0,205911,297,2,"_RNvNtNtC9rust_perf4apps8pressure14pressure_calc1",297,104068443217111,104068443234711,0,0,8,0,32,256,1,1,1000192,1,1
"KERNEL_DISPATCH","Agent 4",1,0,205911,298,1,"_RNvNtNtC9rust_perf4apps8pressure14pressure_calc2",298,104068443246871,104068443276791,0,0,12,4,32,256,1,1,1000192,1,1
"KERNEL_DISPATCH","Agent 4",1,0,205911,299,2,"_RNvNtNtC9rust_perf4apps8pressure14pressure_calc1",299,104068443288471,104068443305911,0,0,8,0,32,256,1,1,1000192,1,1
"KERNEL_DISPATCH","Agent 4",1,0,205911,300,1,"_RNvNtNtC9rust_perf4apps8pressure14pressure_calc2",300,104068443315991,104068443345751,0,0,12,4,32,256,1,1,1000192,1,1
"KERNEL_DISPATCH","Agent 4",1,0,205911,301,2,"_RNvNtNtC9rust_perf4apps8pressure14pressure_calc1",301,104068443355831,104068443373591,0,0,8,0,32,256,1,1,1000192,1,1
"KERNEL_DISPATCH","Agent 4",1,0,205911,302,1,"_RNvNtNtC9rust_perf4apps8pressure14pressure_calc2",302,104068443385431,104068443415031,0,0,12,4,32,256,1,1,1000192,1,1
"KERNEL_DISPATCH","Agent 4",1,0,205911,303,2,"_RNvNtNtC9rust_perf4apps8pressure14pressure_calc1",303,104068443427351,104068443444791,0,0,8,0,32,256,1,1,1000192,1,1
"KERNEL_DISPATCH","Agent 4",1,0,205911,304,1,"_RNvNtNtC9rust_perf4apps8pressure14pressure_calc2",304,104068443454711,104068443485111,0,0,12,4,32,256,1,1,1000192,1,1
"KERNEL_DISPATCH","Agent 4",1,0,205911,305,2,"_RNvNtNtC9rust_perf4apps8pressure14pressure_calc1",305,104068443495191,104068443512791,0,0,8,0,32,256,1,1,1000192,1,1
"KERNEL_DISPATCH","Agent 4",1,0,205911,306,1,"_RNvNtNtC9rust_perf4apps8pressure14pressure_calc2",306,104068443522711,104068443552311,0,0,12,4,32,256,1,1,1000192,1,1
"KERNEL_DISPATCH","Agent 4",1,0,205911,307,2,"_RNvNtNtC9rust_perf4apps8pressure14pressure_calc1",307,104068443562391,104068443580152,0,0,8,0,32,256,1,1,1000192,1,1
"KERNEL_DISPATCH","Agent 4",1,0,205911,308,1,"_RNvNtNtC9rust_perf4apps8pressure14pressure_calc2",308,104068443590072,104068443620472,0,0,12,4,32,256,1,1,1000192,1,1
"KERNEL_DISPATCH","Agent 4",1,0,205911,309,2,"_RNvNtNtC9rust_perf4apps8pressure14pressure_calc1",309,104068443632312,104068443649592,0,0,8,0,32,256,1,1,1000192,1,1
"KERNEL_DISPATCH","Agent 4",1,0,205911,310,1,"_RNvNtNtC9rust_perf4apps8pressure14pressure_calc2",310,104068443661432,104068443691512,0,0,12,4,32,256,1,1,1000192,1,1
"KERNEL_DISPATCH","Agent 4",1,0,205911,311,2,"_RNvNtNtC9rust_perf4apps8pressure14pressure_calc1",311,104068443701592,104068443718872,0,0,8,0,32,256,1,1,1000192,1,1
"KERNEL_DISPATCH","Agent 4",1,0,205911,312,1,"_RNvNtNtC9rust_perf4apps8pressure14pressure_calc2",312,104068443728952,104068443758712,0,0,12,4,32,256,1,1,1000192,1,1
"KERNEL_DISPATCH","Agent 4",1,0,205911,313,2,"_RNvNtNtC9rust_perf4apps8pressure14pressure_calc1",313,104068443771192,104068443788952,0,0,8,0,32,256,1,1,1000192,1,1
"KERNEL_DISPATCH","Agent 4",1,0,205911,314,1,"_RNvNtNtC9rust_perf4apps8pressure14pressure_calc2",314,104068443798872,104068443828632,0,0,12,4,32,256,1,1,1000192,1,1
"KERNEL_DISPATCH","Agent 4",1,0,205911,315,2,"_RNvNtNtC9rust_perf4apps8pressure14pressure_calc1",315,104068443839032,104068443856472,0,0,8,0,32,256,1,1,1000192,1,1
"KERNEL_DISPATCH","Agent 4",1,0,205911,316,1,"_RNvNtNtC9rust_perf4apps8pressure14pressure_calc2",316,104068443866392,104068443896472,0,0,12,4,32,256,1,1,1000192,1,1
"KERNEL_DISPATCH","Agent 4",1,0,205911,317,2,"_RNvNtNtC9rust_perf4apps8pressure14pressure_calc1",317,104068443908312,104068443925592,0,0,8,0,32,256,1,1,1000192,1,1
"KERNEL_DISPATCH","Agent 4",1,0,205911,318,1,"_RNvNtNtC9rust_perf4apps8pressure14pressure_calc2",318,104068443937912,104068443967512,0,0,12,4,32,256,1,1,1000192,1,1
"KERNEL_DISPATCH","Agent 4",1,0,205911,319,2,"_RNvNtNtC9rust_perf4apps8pressure14pressure_calc1",319,104068443977592,104068443995512,0,0,8,0,32,256,1,1,1000192,1,1
"KERNEL_DISPATCH","Agent 4",1,0,205911,320,1,"_RNvNtNtC9rust_perf4apps8pressure14pressure_calc2",320,104068444005432,104068444035992,0,0,12,4,32,256,1,1,1000192,1,1
"KERNEL_DISPATCH","Agent 4",1,0,205911,321,2,"_RNvNtNtC9rust_perf4apps8pressure14pressure_calc1",321,104068444048472,104068444065912,0,0,8,0,32,256,1,1,1000192,1,1
"KERNEL_DISPATCH","Agent 4",1,0,205911,322,1,"_RNvNtNtC9rust_perf4apps8pressure14pressure_calc2",322,104068444075992,104068444106232,0,0,12,4,32,256,1,1,1000192,1,1
"KERNEL_DISPATCH","Agent 4",1,0,205911,323,2,"_RNvNtNtC9rust_perf4apps8pressure14pressure_calc1",323,104068444116152,104068444133912,0,0,8,0,32,256,1,1,1000192,1,1
"KERNEL_DISPATCH","Agent 4",1,0,205911,324,1,"_RNvNtNtC9rust_perf4apps8pressure14pressure_calc2",324,104068444145432,104068444175032,0,0,12,4,32,256,1,1,1000192,1,1
"KERNEL_DISPATCH","Agent 4",1,0,205911,325,2,"_RNvNtNtC9rust_perf4apps8pressure14pressure_calc1",325,104068444185112,104068444202713,0,0,8,0,32,256,1,1,1000192,1,1
"KERNEL_DISPATCH","Agent 4",1,0,205911,326,1,"_RNvNtNtC9rust_perf4apps8pressure14pressure_calc2",326,104068444212633,104068444242553,0,0,12,4,32,256,1,1,1000192,1,1
"KERNEL_DISPATCH","Agent 4",1,0,205911,327,2,"_RNvNtNtC9rust_perf4apps8pressure14pressure_calc1",327,104068444252633,104068444269913,0,0,8,0,32,256,1,1,1000192,1,1
"KERNEL_DISPATCH","Agent 4",1,0,205911,328,1,"_RNvNtNtC9rust_perf4apps8pressure14pressure_calc2",328,104068444279833,104068444310073,0,0,12,4,32,256,1,1,1000192,1,1
"KERNEL_DISPATCH","Agent 4",1,0,205911,329,2,"_RNvNtNtC9rust_perf4apps8pressure14pressure_calc1",329,104068444320153,104068444337593,0,0,8,0,32,256,1,1,1000192,1,1
"KERNEL_DISPATCH","Agent 4",1,0,205911,330,1,"_RNvNtNtC9rust_perf4apps8pressure14pressure_calc2",330,104068444347673,104068444377433,0,0,12,4,32,256,1,1,1000192,1,1
"KERNEL_DISPATCH","Agent 4",1,0,205911,331,2,"_RNvNtNtC9rust_perf4apps8pressure14pressure_calc1",331,104068444387833,104068444405433,0,0,8,0,32,256,1,1,1000192,1,1
"KERNEL_DISPATCH","Agent 4",1,0,205911,332,1,"_RNvNtNtC9rust_perf4apps8pressure14pressure_calc2",332,104068444415673,104068444445433,0,0,12,4,32,256,1,1,1000192,1,1
"KERNEL_DISPATCH","Agent 4",1,0,205911,333,2,"_RNvNtNtC9rust_perf4apps8pressure14pressure_calc1",333,104068444457753,104068444475033,0,0,8,0,32,256,1,1,1000192,1,1
"KERNEL_DISPATCH","Agent 4",1,0,205911,334,1,"_RNvNtNtC9rust_perf4apps8pressure14pressure_calc2",334,104068444486873,104068444516633,0,0,12,4,32,256,1,1,1000192,1,1
"KERNEL_DISPATCH","Agent 4",1,0,205911,335,2,"_RNvNtNtC9rust_perf4apps8pressure14pressure_calc1",335,104068444526713,104068444544473,0,0,8,0,32,256,1,1,1000192,1,1
"KERNEL_DISPATCH","Agent 4",1,0,205911,348,1,"_RNvNtNtC9rust_perf4apps8pressure14pressure_calc2",348,104068444971034,104068445001114,0,0,12,4,32,256,1,1,1000192,1,1
"KERNEL_DISPATCH","Agent 4",1,0,205911,346,1,"_RNvNtNtC9rust_perf4apps8pressure14pressure_calc2",346,104068444903034,104068444933114,0,0,12,4,32,256,1,1,1000192,1,1
"KERNEL_DISPATCH","Agent 4",1,0,205911,343,2,"_RNvNtNtC9rust_perf4apps8pressure14pressure_calc1",343,104068444804473,104068444821914,0,0,8,0,32,256,1,1,1000192,1,1
"KERNEL_DISPATCH","Agent 4",1,0,205911,344,1,"_RNvNtNtC9rust_perf4apps8pressure14pressure_calc2",344,104068444833914,104068444863834,0,0,12,4,32,256,1,1,1000192,1,1
"KERNEL_DISPATCH","Agent 4",1,0,205911,341,2,"_RNvNtNtC9rust_perf4apps8pressure14pressure_calc1",341,104068444735193,104068444752793,0,0,8,0,32,256,1,1,1000192,1,1
"KERNEL_DISPATCH","Agent 4",1,0,205911,338,1,"_RNvNtNtC9rust_perf4apps8pressure14pressure_calc2",338,104068444625753,104068444655673,0,0,12,4,32,256,1,1,1000192,1,1
"KERNEL_DISPATCH","Agent 4",1,0,205911,340,1,"_RNvNtNtC9rust_perf4apps8pressure14pressure_calc2",340,104068444695193,104068444725113,0,0,12,4,32,256,1,1,1000192,1,1
"KERNEL_DISPATCH","Agent 4",1,0,205911,336,1,"_RNvNtNtC9rust_perf4apps8pressure14pressure_calc2",336,104068444554553,104068444584793,0,0,12,4,32,256,1,1,1000192,1,1
"KERNEL_DISPATCH","Agent 4",1,0,205911,347,2,"_RNvNtNtC9rust_perf4apps8pressure14pressure_calc1",347,104068444943034,104068444960154,0,0,8,0,32,256,1,1,1000192,1,1
"KERNEL_DISPATCH","Agent 4",1,0,205911,337,2,"_RNvNtNtC9rust_perf4apps8pressure14pressure_calc1",337,104068444596153,104068444614233,0,0,8,0,32,256,1,1,1000192,1,1
"KERNEL_DISPATCH","Agent 4",1,0,205911,345,2,"_RNvNtNtC9rust_perf4apps8pressure14pressure_calc1",345,104068444873914,104068444891194,0,0,8,0,32,256,1,1,1000192,1,1
"KERNEL_DISPATCH","Agent 4",1,0,205911,342,1,"_RNvNtNtC9rust_perf4apps8pressure14pressure_calc2",342,104068444764633,104068444794393,0,0,12,4,32,256,1,1,1000192,1,1
"KERNEL_DISPATCH","Agent 4",1,0,205911,339,2,"_RNvNtNtC9rust_perf4apps8pressure14pressure_calc1",339,104068444667513,104068444685113,0,0,8,0,32,256,1,1,1000192,1,1
"KERNEL_DISPATCH","Agent 4",1,0,205911,349,2,"_RNvNtNtC9rust_perf4apps8pressure14pressure_calc1",349,104068445011514,104068445028954,0,0,8,0,32,256,1,1,1000192,1,1
"KERNEL_DISPATCH","Agent 4",1,0,205911,350,1,"_RNvNtNtC9rust_perf4apps8pressure14pressure_calc2",350,104068445038874,104068445069434,0,0,12,4,32,256,1,1,1000192,1,1
"KERNEL_DISPATCH","Agent 4",1,0,205911,360,1,"_RNvNtNtC9rust_perf4apps8pressure14pressure_calc2",360,104068445689275,104068445719195,0,0,12,4,32,256,1,1,1000192,1,1
"KERNEL_DISPATCH","Agent 4",1,0,205911,359,2,"_RNvNtNtC9rust_perf4apps8pressure14pressure_calc1",359,104068445622715,104068445640475,0,0,8,0,32,256,1,1,1000192,1,1
"KERNEL_DISPATCH","Agent 4",1,0,205911,358,1,"_RNvNtNtC9rust_perf4apps8pressure14pressure_calc2",358,104068445553915,104068445584795,0,0,12,4,32,256,1,1,1000192,1,1
"KERNEL_DISPATCH","Agent 4",1,0,205911,357,2,"_RNvNtNtC9rust_perf4apps8pressure14pressure_calc1",357,104068445483035,104068445500955,0,0,8,0,32,256,1,1,1000192,1,1
"KERNEL_DISPATCH","Agent 4",1,0,205911,356,1,"_RNvNtNtC9rust_perf4apps8pressure14pressure_calc2",356,104068445244794,104068445274874,0,0,12,4,32,256,1,1,1000192,1,1
"KERNEL_DISPATCH","Agent 4",1,0,205911,355,2,"_RNvNtNtC9rust_perf4apps8pressure14pressure_calc1",355,104068445217114,104068445234874,0,0,8,0,32,256,1,1,1000192,1,1
"KERNEL_DISPATCH","Agent 4",1,0,205911,354,1,"_RNvNtNtC9rust_perf4apps8pressure14pressure_calc2",354,104068445177274,104068445207194,0,0,12,4,32,256,1,1,1000192,1,1
"KERNEL_DISPATCH","Agent 4",1,0,205911,353,2,"_RNvNtNtC9rust_perf4apps8pressure14pressure_calc1",353,104068445149754,104068445167194,0,0,8,0,32,256,1,1,1000192,1,1
"KERNEL_DISPATCH","Agent 4",1,0,205911,352,1,"_RNvNtNtC9rust_perf4apps8pressure14pressure_calc2",352,104068445107994,104068445137914,0,0,12,4,32,256,1,1,1000192,1,1
"KERNEL_DISPATCH","Agent 4",1,0,205911,351,2,"_RNvNtNtC9rust_perf4apps8pressure14pressure_calc1",351,104068445079354,104068445097274,0,0,8,0,32,256,1,1,1000192,1,1
"KERNEL_DISPATCH","Agent 4",1,0,205911,361,2,"_RNvNtNtC9rust_perf4apps8pressure14pressure_calc1",361,104068445760155,104068445778075,0,0,8,0,32,256,1,1,1000192,1,1
"KERNEL_DISPATCH","Agent 4",1,0,205911,362,1,"_RNvNtNtC9rust_perf4apps8pressure14pressure_calc2",362,104068445787995,104068445817755,0,0,12,4,32,256,1,1,1000192,1,1
"KERNEL_DISPATCH","Agent 4",1,0,205911,363,2,"_RNvNtNtC9rust_perf4apps8pressure14pressure_calc1",363,104068445827995,104068445845435,0,0,8,0,32,256,1,1,1000192,1,1
"KERNEL_DISPATCH","Agent 4",1,0,205911,364,1,"_RNvNtNtC9rust_perf4apps8pressure14pressure_calc2",364,104068445856635,104068445886715,0,0,12,4,32,256,1,1,1000192,1,1
"KERNEL_DISPATCH","Agent 4",1,0,205911,365,2,"_RNvNtNtC9rust_perf4apps8pressure14pressure_calc1",365,104068445896795,104068445914235,0,0,8,0,32,256,1,1,1000192,1,1
"KERNEL_DISPATCH","Agent 4",1,0,205911,366,1,"_RNvNtNtC9rust_perf4apps8pressure14pressure_calc2",366,104068445926075,104068445955995,0,0,12,4,32,256,1,1,1000192,1,1
"KERNEL_DISPATCH","Agent 4",1,0,205911,367,2,"_RNvNtNtC9rust_perf4apps8pressure14pressure_calc1",367,104068445966075,104068445983515,0,0,8,0,32,256,1,1,1000192,1,1
"KERNEL_DISPATCH","Agent 4",1,0,205911,368,1,"_RNvNtNtC9rust_perf4apps8pressure14pressure_calc2",368,104068445993595,104068446023995,0,0,12,4,32,256,1,1,1000192,1,1
"KERNEL_DISPATCH","Agent 4",1,0,205911,369,2,"_RNvNtNtC9rust_perf4apps8pressure14pressure_calc1",369,104068446036475,104068446054236,0,0,8,0,32,256,1,1,1000192,1,1
"KERNEL_DISPATCH","Agent 4",1,0,205911,370,1,"_RNvNtNtC9rust_perf4apps8pressure14pressure_calc2",370,104068446066076,104068446095836,0,0,12,4,32,256,1,1,1000192,1,1
"KERNEL_DISPATCH","Agent 4",1,0,205911,371,2,"_RNvNtNtC9rust_perf4apps8pressure14pressure_calc1",371,104068446105916,104068446123356,0,0,8,0,32,256,1,1,1000192,1,1
"KERNEL_DISPATCH","Agent 4",1,0,205911,372,1,"_RNvNtNtC9rust_perf4apps8pressure14pressure_calc2",372,104068446133436,104068446163676,0,0,12,4,32,256,1,1,1000192,1,1
"KERNEL_DISPATCH","Agent 4",1,0,205911,373,2,"_RNvNtNtC9rust_perf4apps8pressure14pressure_calc1",373,104068446175516,104068446193276,0,0,8,0,32,256,1,1,1000192,1,1
"KERNEL_DISPATCH","Agent 4",1,0,205911,374,1,"_RNvNtNtC9rust_perf4apps8pressure14pressure_calc2",374,104068446203196,104068446233116,0,0,12,4,32,256,1,1,1000192,1,1
"KERNEL_DISPATCH","Agent 4",1,0,205911,375,2,"_RNvNtNtC9rust_perf4apps8pressure14pressure_calc1",375,104068446245276,104068446263036,0,0,8,0,32,256,1,1,1000192,1,1
"KERNEL_DISPATCH","Agent 4",1,0,205911,376,1,"_RNvNtNtC9rust_perf4apps8pressure14pressure_calc2",376,104068446272956,104068446303356,0,0,12,4,32,256,1,1,1000192,1,1
"KERNEL_DISPATCH","Agent 4",1,0,205911,377,2,"_RNvNtNtC9rust_perf4apps8pressure14pressure_calc1",377,104068446314716,104068446332316,0,0,8,0,32,256,1,1,1000192,1,1
"KERNEL_DISPATCH","Agent 4",1,0,205911,378,1,"_RNvNtNtC9rust_perf4apps8pressure14pressure_calc2",378,104068446342236,104068446371996,0,0,12,4,32,256,1,1,1000192,1,1
"KERNEL_DISPATCH","Agent 4",1,0,205911,379,2,"_RNvNtNtC9rust_perf4apps8pressure14pressure_calc1",379,104068446381916,104068446399356,0,0,8,0,32,256,1,1,1000192,1,1
"KERNEL_DISPATCH","Agent 4",1,0,205911,380,1,"_RNvNtNtC9rust_perf4apps8pressure14pressure_calc2",380,104068446409276,104068446439516,0,0,12,4,32,256,1,1,1000192,1,1
"KERNEL_DISPATCH","Agent 4",1,0,205911,381,2,"_RNvNtNtC9rust_perf4apps8pressure14pressure_calc1",381,104068446451356,104068446468796,0,0,8,0,32,256,1,1,1000192,1,1
"KERNEL_DISPATCH","Agent 4",1,0,205911,382,1,"_RNvNtNtC9rust_perf4apps8pressure14pressure_calc2",382,104068446478876,104068446508956,0,0,12,4,32,256,1,1,1000192,1,1
"KERNEL_DISPATCH","Agent 4",1,0,205911,383,2,"_RNvNtNtC9rust_perf4apps8pressure14pressure_calc1",383,104068446521116,104068446538556,0,0,8,0,32,256,1,1,1000192,1,1
"KERNEL_DISPATCH","Agent 4",1,0,205911,384,1,"_RNvNtNtC9rust_perf4apps8pressure14pressure_calc2",384,104068446551036,104068446581116,0,0,12,4,32,256,1,1,1000192,1,1
"KERNEL_DISPATCH","Agent 4",1,0,205911,385,2,"_RNvNtNtC9rust_perf4apps8pressure14pressure_calc1",385,104068446592796,104068446610076,0,0,8,0,32,256,1,1,1000192,1,1
"KERNEL_DISPATCH","Agent 4",1,0,205911,386,1,"_RNvNtNtC9rust_perf4apps8pressure14pressure_calc2",386,104068446620476,104068446650236,0,0,12,4,32,256,1,1,1000192,1,1
"KERNEL_DISPATCH","Agent 4",1,0,205911,387,2,"_RNvNtNtC9rust_perf4apps8pressure14pressure_calc1",387,104068446660157,104068446677757,0,0,8,0,32,256,1,1,1000192,1,1
"KERNEL_DISPATCH","Agent 4",1,0,205911,388,1,"_RNvNtNtC9rust_perf4apps8pressure14pressure_calc2",388,104068446687837,104068446718077,0,0,12,4,32,256,1,1,1000192,1,1
"KERNEL_DISPATCH","Agent 4",1,0,205911,389,2,"_RNvNtNtC9rust_perf4apps8pressure14pressure_calc1",389,104068446728157,104068446745597,0,0,8,0,32,256,1,1,1000192,1,1
"KERNEL_DISPATCH","Agent 4",1,0,205911,390,1,"_RNvNtNtC9rust_perf4apps8pressure14pressure_calc2",390,104068446755517,104068446785917,0,0,12,4,32,256,1,1,1000192,1,1
"KERNEL_DISPATCH","Agent 4",1,0,205911,391,2,"_RNvNtNtC9rust_perf4apps8pressure14pressure_calc1",391,104068446796157,104068446813437,0,0,8,0,32,256,1,1,1000192,1,1
"KERNEL_DISPATCH","Agent 4",1,0,205911,392,1,"_RNvNtNtC9rust_perf4apps8pressure14pressure_calc2",392,104068446825277,104068446855357,0,0,12,4,32,256,1,1,1000192,1,1
"KERNEL_DISPATCH","Agent 4",1,0,205911,393,2,"_RNvNtNtC9rust_perf4apps8pressure14pressure_calc1",393,104068446865437,104068446882557,0,0,8,0,32,256,1,1,1000192,1,1
"KERNEL_DISPATCH","Agent 4",1,0,205911,394,1,"_RNvNtNtC9rust_perf4apps8pressure14pressure_calc2",394,104068446892477,104068446922397,0,0,12,4,32,256,1,1,1000192,1,1
"KERNEL_DISPATCH","Agent 4",1,0,205911,395,2,"_RNvNtNtC9rust_perf4apps8pressure14pressure_calc1",395,104068446934077,104068446951997,0,0,8,0,32,256,1,1,1000192,1,1
"KERNEL_DISPATCH","Agent 4",1,0,205911,396,1,"_RNvNtNtC9rust_perf4apps8pressure14pressure_calc2",396,104068446962077,104068446991997,0,0,12,4,32,256,1,1,1000192,1,1
"KERNEL_DISPATCH","Agent 4",1,0,205911,397,2,"_RNvNtNtC9rust_perf4apps8pressure14pressure_calc1",397,104068447004797,104068447022397,0,0,8,0,32,256,1,1,1000192,1,1
"KERNEL_DISPATCH","Agent 4",1,0,205911,398,1,"_RNvNtNtC9rust_perf4apps8pressure14pressure_calc2",398,104068447034077,104068447064157,0,0,12,4,32,256,1,1,1000192,1,1
"KERNEL_DISPATCH","Agent 4",1,0,205911,399,2,"_RNvNtNtC9rust_perf4apps8pressure14pressure_calc1",399,104068447074237,104068447091677,0,0,8,0,32,256,1,1,1000192,1,1
"KERNEL_DISPATCH","Agent 4",1,0,205911,400,1,"_RNvNtNtC9rust_perf4apps8pressure14pressure_calc2",400,104068447103517,104068447133757,0,0,12,4,32,256,1,1,1000192,1,1
"KERNEL_DISPATCH","Agent 4",1,0,205911,401,2,"_RNvNtNtC9rust_perf4apps8pressure14pressure_calc1",401,104068447143677,104068447161277,0,0,8,0,32,256,1,1,1000192,1,1
"KERNEL_DISPATCH","Agent 4",1,0,205911,402,1,"_RNvNtNtC9rust_perf4apps8pressure14pressure_calc2",402,104068447171357,104068447200957,0,0,12,4,32,256,1,1,1000192,1,1
"KERNEL_DISPATCH","Agent 4",1,0,205911,403,2,"_RNvNtNtC9rust_perf4apps8pressure14pressure_calc1",403,104068447210877,104068447228477,0,0,8,0,32,256,1,1,1000192,1,1
"KERNEL_DISPATCH","Agent 4",1,0,205911,404,1,"_RNvNtNtC9rust_perf4apps8pressure14pressure_calc2",404,104068447238877,104068447268797,0,0,12,4,32,256,1,1,1000192,1,1
"KERNEL_DISPATCH","Agent 4",1,0,205911,405,2,"_RNvNtNtC9rust_perf4apps8pressure14pressure_calc1",405,104068447278718,104068447296478,0,0,8,0,32,256,1,1,1000192,1,1
"KERNEL_DISPATCH","Agent 4",1,0,205911,406,1,"_RNvNtNtC9rust_perf4apps8pressure14pressure_calc2",406,104068447306558,104068447336318,0,0,12,4,32,256,1,1,1000192,1,1
"KERNEL_DISPATCH","Agent 4",1,0,205911,407,2,"_RNvNtNtC9rust_perf4apps8pressure14pressure_calc1",407,104068447346398,104068447363998,0,0,8,0,32,256,1,1,1000192,1,1
"KERNEL_DISPATCH","Agent 4",1,0,205911,408,1,"_RNvNtNtC9rust_perf4apps8pressure14pressure_calc2",408,104068447374238,104068447404158,0,0,12,4,32,256,1,1,1000192,1,1
"KERNEL_DISPATCH","Agent 4",1,0,205911,409,2,"_RNvNtNtC9rust_perf4apps8pressure14pressure_calc1",409,104068447414078,104068447431678,0,0,8,0,32,256,1,1,1000192,1,1
"KERNEL_DISPATCH","Agent 4",1,0,205911,410,1,"_RNvNtNtC9rust_perf4apps8pressure14pressure_calc2",410,104068447441758,104068447471518,0,0,12,4,32,256,1,1,1000192,1,1
"KERNEL_DISPATCH","Agent 4",1,0,205911,411,2,"_RNvNtNtC9rust_perf4apps8pressure14pressure_calc1",411,104068447482398,104068447499998,0,0,8,0,32,256,1,1,1000192,1,1
"KERNEL_DISPATCH","Agent 4",1,0,205911,412,1,"_RNvNtNtC9rust_perf4apps8pressure14pressure_calc2",412,104068447510078,104068447540158,0,0,12,4,32,256,1,1,1000192,1,1
"KERNEL_DISPATCH","Agent 4",1,0,205911,413,2,"_RNvNtNtC9rust_perf4apps8pressure14pressure_calc1",413,104068447551038,104068447568638,0,0,8,0,32,256,1,1,1000192,1,1
"KERNEL_DISPATCH","Agent 4",1,0,205911,414,1,"_RNvNtNtC9rust_perf4apps8pressure14pressure_calc2",414,104068447578558,104068447608958,0,0,12,4,32,256,1,1,1000192,1,1
"KERNEL_DISPATCH","Agent 4",1,0,205911,415,2,"_RNvNtNtC9rust_perf4apps8pressure14pressure_calc1",415,104068447621118,104068447638718,0,0,8,0,32,256,1,1,1000192,1,1
"KERNEL_DISPATCH","Agent 4",1,0,205911,416,1,"_RNvNtNtC9rust_perf4apps8pressure14pressure_calc2",416,104068447649918,104068447679998,0,0,12,4,32,256,1,1,1000192,1,1
"KERNEL_DISPATCH","Agent 4",1,0,205911,417,2,"_RNvNtNtC9rust_perf4apps8pressure14pressure_calc1",417,104068447692158,104068447709438,0,0,8,0,32,256,1,1,1000192,1,1
"KERNEL_DISPATCH","Agent 4",1,0,205911,418,1,"_RNvNtNtC9rust_perf4apps8pressure14pressure_calc2",418,104068447719358,104068447749598,0,0,12,4,32,256,1,1,1000192,1,1
"KERNEL_DISPATCH","Agent 4",1,0,205911,419,2,"_RNvNtNtC9rust_perf4apps8pressure14pressure_calc1",419,104068447761598,104068447779198,0,0,8,0,32,256,1,1,1000192,1,1
"KERNEL_DISPATCH","Agent 4",1,0,205911,420,1,"_RNvNtNtC9rust_perf4apps8pressure14pressure_calc2",420,104068447789278,104068447819198,0,0,12,4,32,256,1,1,1000192,1,1
"KERNEL_DISPATCH","Agent 4",1,0,205911,421,2,"_RNvNtNtC9rust_perf4apps8pressure14pressure_calc1",421,104068447830558,104068447847998,0,0,8,0,32,256,1,1,1000192,1,1
"KERNEL_DISPATCH","Agent 4",1,0,205911,422,1,"_RNvNtNtC9rust_perf4apps8pressure14pressure_calc2",422,104068447859678,104068447889758,0,0,12,4,32,256,1,1,1000192,1,1
"KERNEL_DISPATCH","Agent 4",1,0,205911,423,2,"_RNvNtNtC9rust_perf4apps8pressure14pressure_calc1",423,104068447901599,104068447918879,0,0,8,0,32,256,1,1,1000192,1,1
"KERNEL_DISPATCH","Agent 4",1,0,205911,424,1,"_RNvNtNtC9rust_perf4apps8pressure14pressure_calc2",424,104068447928959,104068447958879,0,0,12,4,32,256,1,1,1000192,1,1
"KERNEL_DISPATCH","Agent 4",1,0,205911,425,2,"_RNvNtNtC9rust_perf4apps8pressure14pressure_calc1",425,104068447969919,104068447987519,0,0,8,0,32,256,1,1,1000192,1,1
"KERNEL_DISPATCH","Agent 4",1,0,205911,426,1,"_RNvNtNtC9rust_perf4apps8pressure14pressure_calc2",426,104068447999199,104068448029439,0,0,12,4,32,256,1,1,1000192,1,1
"KERNEL_DISPATCH","Agent 4",1,0,205911,427,2,"_RNvNtNtC9rust_perf4apps8pressure14pressure_calc1",427,104068448041919,104068448059519,0,0,8,0,32,256,1,1,1000192,1,1
"KERNEL_DISPATCH","Agent 4",1,0,205911,428,1,"_RNvNtNtC9rust_perf4apps8pressure14pressure_calc2",428,104068448071519,104068448101439,0,0,12,4,32,256,1,1,1000192,1,1
"KERNEL_DISPATCH","Agent 4",1,0,205911,429,2,"_RNvNtNtC9rust_perf4apps8pressure14pressure_calc1",429,104068448113119,104068448130559,0,0,8,0,32,256,1,1,1000192,1,1
"KERNEL_DISPATCH","Agent 4",1,0,205911,430,1,"_RNvNtNtC9rust_perf4apps8pressure14pressure_calc2",430,104068448142719,104068448172479,0,0,12,4,32,256,1,1,1000192,1,1
"KERNEL_DISPATCH","Agent 4",1,0,205911,431,2,"_RNvNtNtC9rust_perf4apps8pressure14pressure_calc1",431,104068448184159,104068448201439,0,0,8,0,32,256,1,1,1000192,1,1
"KERNEL_DISPATCH","Agent 4",1,0,205911,432,1,"_RNvNtNtC9rust_perf4apps8pressure14pressure_calc2",432,104068448211679,104068448241599,0,0,12,4,32,256,1,1,1000192,1,1
"KERNEL_DISPATCH","Agent 4",1,0,205911,433,2,"_RNvNtNtC9rust_perf4apps8pressure14pressure_calc1",433,104068448251679,104068448269119,0,0,8,0,32,256,1,1,1000192,1,1
"KERNEL_DISPATCH","Agent 4",1,0,205911,434,1,"_RNvNtNtC9rust_perf4apps8pressure14pressure_calc2",434,104068448279039,104068448308959,0,0,12,4,32,256,1,1,1000192,1,1
"KERNEL_DISPATCH","Agent 4",1,0,205911,435,2,"_RNvNtNtC9rust_perf4apps8pressure14pressure_calc1",435,104068448318879,104068448336159,0,0,8,0,32,256,1,1,1000192,1,1
"KERNEL_DISPATCH","Agent 4",1,0,205911,436,1,"_RNvNtNtC9rust_perf4apps8pressure14pressure_calc2",436,104068448346079,104068448375999,0,0,12,4,32,256,1,1,1000192,1,1
"KERNEL_DISPATCH","Agent 4",1,0,205911,437,2,"_RNvNtNtC9rust_perf4apps8pressure14pressure_calc1",437,104068448387679,104068448405759,0,0,8,0,32,256,1,1,1000192,1,1
"KERNEL_DISPATCH","Agent 4",1,0,205911,438,1,"_RNvNtNtC9rust_perf4apps8pressure14pressure_calc2",438,104068448416639,104068448446559,0,0,12,4,32,256,1,1,1000192,1,1
"KERNEL_DISPATCH","Agent 4",1,0,205911,439,2,"_RNvNtNtC9rust_perf4apps8pressure14pressure_calc1",439,104068448456479,104068448474239,0,0,8,0,32,256,1,1,1000192,1,1
"KERNEL_DISPATCH","Agent 4",1,0,205911,440,1,"_RNvNtNtC9rust_perf4apps8pressure14pressure_calc2",440,104068448486079,104068448516000,0,0,12,4,32,256,1,1,1000192,1,1
"KERNEL_DISPATCH","Agent 4",1,0,205911,441,2,"_RNvNtNtC9rust_perf4apps8pressure14pressure_calc1",441,104068448527680,104068448545440,0,0,8,0,32,256,1,1,1000192,1,1
"KERNEL_DISPATCH","Agent 4",1,0,205911,442,1,"_RNvNtNtC9rust_perf4apps8pressure14pressure_calc2",442,104068448557120,104068448586880,0,0,12,4,32,256,1,1,1000192,1,1
"KERNEL_DISPATCH","Agent 4",1,0,205911,443,2,"_RNvNtNtC9rust_perf4apps8pressure14pressure_calc1",443,104068448596800,104068448614400,0,0,8,0,32,256,1,1,1000192,1,1
"KERNEL_DISPATCH","Agent 4",1,0,205911,444,1,"_RNvNtNtC9rust_perf4apps8pressure14pressure_calc2",444,104068448626240,104068448656320,0,0,12,4,32,256,1,1,1000192,1,1
"KERNEL_DISPATCH","Agent 4",1,0,205911,445,2,"_RNvNtNtC9rust_perf4apps8pressure14pressure_calc1",445,104068448668160,104068448685600,0,0,8,0,32,256,1,1,1000192,1,1
"KERNEL_DISPATCH","Agent 4",1,0,205911,446,1,"_RNvNtNtC9rust_perf4apps8pressure14pressure_calc2",446,104068448695680,104068448725760,0,0,12,4,32,256,1,1,1000192,1,1
"KERNEL_DISPATCH","Agent 4",1,0,205911,447,2,"_RNvNtNtC9rust_perf4apps8pressure14pressure_calc1",447,104068448735680,104068448753280,0,0,8,0,32,256,1,1,1000192,1,1
"KERNEL_DISPATCH","Agent 4",1,0,205911,448,1,"_RNvNtNtC9rust_perf4apps8pressure14pressure_calc2",448,104068448765440,104068448795520,0,0,12,4,32,256,1,1,1000192,1,1
"KERNEL_DISPATCH","Agent 4",1,0,205911,449,2,"_RNvNtNtC9rust_perf4apps8pressure14pressure_calc1",449,104068448805760,104068448823360,0,0,8,0,32,256,1,1,1000192,1,1
"KERNEL_DISPATCH","Agent 4",1,0,205911,450,1,"_RNvNtNtC9rust_perf4apps8pressure14pressure_calc2",450,104068448835040,104068448865120,0,0,12,4,32,256,1,1,1000192,1,1
"KERNEL_DISPATCH","Agent 4",1,0,205911,451,2,"_RNvNtNtC9rust_perf4apps8pressure14pressure_calc1",451,104068448876640,104068448894400,0,0,8,0,32,256,1,1,1000192,1,1
"KERNEL_DISPATCH","Agent 4",1,0,205911,452,1,"_RNvNtNtC9rust_perf4apps8pressure14pressure_calc2",452,104068448906240,104068448936320,0,0,12,4,32,256,1,1,1000192,1,1
"KERNEL_DISPATCH","Agent 4",1,0,205911,453,2,"_RNvNtNtC9rust_perf4apps8pressure14pressure_calc1",453,104068448946400,104068448963840,0,0,8,0,32,256,1,1,1000192,1,1
"KERNEL_DISPATCH","Agent 4",1,0,205911,454,1,"_RNvNtNtC9rust_perf4apps8pressure14pressure_calc2",454,104068448975520,104068449005440,0,0,12,4,32,256,1,1,1000192,1,1
"KERNEL_DISPATCH","Agent 4",1,0,205911,455,2,"_RNvNtNtC9rust_perf4apps8pressure14pressure_calc1",455,104068449015840,104068449033600,0,0,8,0,32,256,1,1,1000192,1,1
"KERNEL_DISPATCH","Agent 4",1,0,205911,456,1,"_RNvNtNtC9rust_perf4apps8pressure14pressure_calc2",456,104068449046080,104068449076160,0,0,12,4,32,256,1,1,1000192,1,1
"KERNEL_DISPATCH","Agent 4",1,0,205911,457,2,"_RNvNtNtC9rust_perf4apps8pressure14pressure_calc1",457,104068449086880,104068449104480,0,0,8,0,32,256,1,1,1000192,1,1
"KERNEL_DISPATCH","Agent 4",1,0,205911,458,1,"_RNvNtNtC9rust_perf4apps8pressure14pressure_calc2",458,104068449114560,104068449144801,0,0,12,4,32,256,1,1,1000192,1,1
"KERNEL_DISPATCH","Agent 4",1,0,205911,459,2,"_RNvNtNtC9rust_perf4apps8pressure14pressure_calc1",459,104068449154721,104068449172801,0,0,8,0,32,256,1,1,1000192,1,1
"KERNEL_DISPATCH","Agent 4",1,0,205911,460,1,"_RNvNtNtC9rust_perf4apps8pressure14pressure_calc2",460,104068449182721,104068449212641,0,0,12,4,32,256,1,1,1000192,1,1
"KERNEL_DISPATCH","Agent 4",1,0,205911,461,2,"_RNvNtNtC9rust_perf4apps8pressure14pressure_calc1",461,104068449222721,104068449240481,0,0,8,0,32,256,1,1,1000192,1,1
"KERNEL_DISPATCH","Agent 4",1,0,205911,462,1,"_RNvNtNtC9rust_perf4apps8pressure14pressure_calc2",462,104068449252001,104068449282081,0,0,12,4,32,256,1,1,1000192,1,1
"KERNEL_DISPATCH","Agent 4",1,0,205911,463,2,"_RNvNtNtC9rust_perf4apps8pressure14pressure_calc1",463,104068449292161,104068449309441,0,0,8,0,32,256,1,1,1000192,1,1
"KERNEL_DISPATCH","Agent 4",1,0,205911,464,1,"_RNvNtNtC9rust_perf4apps8pressure14pressure_calc2",464,104068449319361,104068449349441,0,0,12,4,32,256,1,1,1000192,1,1
"KERNEL_DISPATCH","Agent 4",1,0,205911,465,2,"_RNvNtNtC9rust_perf4apps8pressure14pressure_calc1",465,104068449361281,104068449378881,0,0,8,0,32,256,1,1,1000192,1,1
"KERNEL_DISPATCH","Agent 4",1,0,205911,466,1,"_RNvNtNtC9rust_perf4apps8pressure14pressure_calc2",466,104068449388961,104068449419041,0,0,12,4,32,256,1,1,1000192,1,1
"KERNEL_DISPATCH","Agent 4",1,0,205911,467,2,"_RNvNtNtC9rust_perf4apps8pressure14pressure_calc1",467,104068449430401,104068449448321,0,0,8,0,32,256,1,1,1000192,1,1
"KERNEL_DISPATCH","Agent 4",1,0,205911,468,1,"_RNvNtNtC9rust_perf4apps8pressure14pressure_calc2",468,104068449458401,104068449488641,0,0,12,4,32,256,1,1,1000192,1,1
"KERNEL_DISPATCH","Agent 4",1,0,205911,469,2,"_RNvNtNtC9rust_perf4apps8pressure14pressure_calc1",469,104068449499521,104068449516801,0,0,8,0,32,256,1,1,1000192,1,1
"KERNEL_DISPATCH","Agent 4",1,0,205911,470,1,"_RNvNtNtC9rust_perf4apps8pressure14pressure_calc2",470,104068449528801,104068449558881,0,0,12,4,32,256,1,1,1000192,1,1
"KERNEL_DISPATCH","Agent 4",1,0,205911,471,2,"_RNvNtNtC9rust_perf4apps8pressure14pressure_calc1",471,104068449568801,104068449586241,0,0,8,0,32,256,1,1,1000192,1,1
"KERNEL_DISPATCH","Agent 4",1,0,205911,472,1,"_RNvNtNtC9rust_perf4apps8pressure14pressure_calc2",472,104068449598241,104068449628321,0,0,12,4,32,256,1,1,1000192,1,1
"KERNEL_DISPATCH","Agent 4",1,0,205911,473,2,"_RNvNtNtC9rust_perf4apps8pressure14pressure_calc1",473,104068449638401,104068449655841,0,0,8,0,32,256,1,1,1000192,1,1
"KERNEL_DISPATCH","Agent 4",1,0,205911,474,1,"_RNvNtNtC9rust_perf4apps8pressure14pressure_calc2",474,104068449665761,104068449696161,0,0,12,4,32,256,1,1,1000192,1,1
"KERNEL_DISPATCH","Agent 4",1,0,205911,475,2,"_RNvNtNtC9rust_perf4apps8pressure14pressure_calc1",475,104068449706241,104068449723841,0,0,8,0,32,256,1,1,1000192,1,1
"KERNEL_DISPATCH","Agent 4",1,0,205911,476,1,"_RNvNtNtC9rust_perf4apps8pressure14pressure_calc2",476,104068449735681,104068449765602,0,0,12,4,32,256,1,1,1000192,1,1
"KERNEL_DISPATCH","Agent 4",1,0,205911,477,2,"_RNvNtNtC9rust_perf4apps8pressure14pressure_calc1",477,104068449775522,104068449793122,0,0,8,0,32,256,1,1,1000192,1,1
"KERNEL_DISPATCH","Agent 4",1,0,205911,478,1,"_RNvNtNtC9rust_perf4apps8pressure14pressure_calc2",478,104068449803042,104068449833122,0,0,12,4,32,256,1,1,1000192,1,1
"KERNEL_DISPATCH","Agent 4",1,0,205911,479,2,"_RNvNtNtC9rust_perf4apps8pressure14pressure_calc1",479,104068449843042,104068449860802,0,0,8,0,32,256,1,1,1000192,1,1
"KERNEL_DISPATCH","Agent 4",1,0,205911,480,1,"_RNvNtNtC9rust_perf4apps8pressure14pressure_calc2",480,104068449873122,104068449903202,0,0,12,4,32,256,1,1,1000192,1,1
"KERNEL_DISPATCH","Agent 4",1,0,205911,481,2,"_RNvNtNtC9rust_perf4apps8pressure14pressure_calc1",481,104068449913122,104068449930882,0,0,8,0,32,256,1,1,1000192,1,1
"KERNEL_DISPATCH","Agent 4",1,0,205911,482,1,"_RNvNtNtC9rust_perf4apps8pressure14pressure_calc2",482,104068449943042,104068449973122,0,0,12,4,32,256,1,1,1000192,1,1
"KERNEL_DISPATCH","Agent 4",1,0,205911,483,2,"_RNvNtNtC9rust_perf4apps8pressure14pressure_calc1",483,104068449983042,104068450000322,0,0,8,0,32,256,1,1,1000192,1,1
"KERNEL_DISPATCH","Agent 4",1,0,205911,484,1,"_RNvNtNtC9rust_perf4apps8pressure14pressure_calc2",484,104068450012802,104068450042722,0,0,12,4,32,256,1,1,1000192,1,1
"KERNEL_DISPATCH","Agent 4",1,0,205911,485,2,"_RNvNtNtC9rust_perf4apps8pressure14pressure_calc1",485,104068450055202,104068450072482,0,0,8,0,32,256,1,1,1000192,1,1
"KERNEL_DISPATCH","Agent 4",1,0,205911,486,1,"_RNvNtNtC9rust_perf4apps8pressure14pressure_calc2",486,104068450082562,104068450112482,0,0,12,4,32,256,1,1,1000192,1,1
"KERNEL_DISPATCH","Agent 4",1,0,205911,487,2,"_RNvNtNtC9rust_perf4apps8pressure14pressure_calc1",487,104068450122882,104068450140322,0,0,8,0,32,256,1,1,1000192,1,1
"KERNEL_DISPATCH","Agent 4",1,0,205911,488,1,"_RNvNtNtC9rust_perf4apps8pressure14pressure_calc2",488,104068450150402,104068450180322,0,0,12,4,32,256,1,1,1000192,1,1
"KERNEL_DISPATCH","Agent 4",1,0,205911,489,2,"_RNvNtNtC9rust_perf4apps8pressure14pressure_calc1",489,104068450191842,104068450209442,0,0,8,0,32,256,1,1,1000192,1,1
"KERNEL_DISPATCH","Agent 4",1,0,205911,490,1,"_RNvNtNtC9rust_perf4apps8pressure14pressure_calc2",490,104068450219362,104068450249442,0,0,12,4,32,256,1,1,1000192,1,1
"KERNEL_DISPATCH","Agent 4",1,0,205911,491,2,"_RNvNtNtC9rust_perf4apps8pressure14pressure_calc1",491,104068450259522,104068450276962,0,0,8,0,32,256,1,1,1000192,1,1
"KERNEL_DISPATCH","Agent 4",1,0,205911,492,1,"_RNvNtNtC9rust_perf4apps8pressure14pressure_calc2",492,104068450287042,104068450316962,0,0,12,4,32,256,1,1,1000192,1,1
"KERNEL_DISPATCH","Agent 4",1,0,205911,493,2,"_RNvNtNtC9rust_perf4apps8pressure14pressure_calc1",493,104068450328642,104068450346082,0,0,8,0,32,256,1,1,1000192,1,1
"KERNEL_DISPATCH","Agent 4",1,0,205911,494,1,"_RNvNtNtC9rust_perf4apps8pressure14pressure_calc2",494,104068450357602,104068450387683,0,0,12,4,32,256,1,1,1000192,1,1
"KERNEL_DISPATCH","Agent 4",1,0,205911,495,2,"_RNvNtNtC9rust_perf4apps8pressure14pressure_calc1",495,104068450397763,104068450415843,0,0,8,0,32,256,1,1,1000192,1,1
"KERNEL_DISPATCH","Agent 4",1,0,205911,496,1,"_RNvNtNtC9rust_perf4apps8pressure14pressure_calc2",496,104068450426083,104068450456483,0,0,12,4,32,256,1,1,1000192,1,1
"KERNEL_DISPATCH","Agent 4",1,0,205911,497,2,"_RNvNtNtC9rust_perf4apps8pressure14pressure_calc1",497,104068450466723,104068450484323,0,0,8,0,32,256,1,1,1000192,1,1
"KERNEL_DISPATCH","Agent 4",1,0,205911,498,1,"_RNvNtNtC9rust_perf4apps8pressure14pressure_calc2",498,104068450494243,104068450524163,0,0,12,4,32,256,1,1,1000192,1,1
"KERNEL_DISPATCH","Agent 4",1,0,205911,499,2,"_RNvNtNtC9rust_perf4apps8pressure14pressure_calc1",499,104068450534083,104068450551683,0,0,8,0,32,256,1,1,1000192,1,1
"KERNEL_DISPATCH","Agent 4",1,0,205911,500,1,"_RNvNtNtC9rust_perf4apps8pressure14pressure_calc2",500,104068450561923,104068450591843,0,0,12,4,32,256,1,1,1000192,1,1
"KERNEL_DISPATCH","Agent 4",1,0,205911,501,2,"_RNvNtNtC9rust_perf4apps8pressure14pressure_calc1",501,104068450604003,104068450621123,0,0,8,0,32,256,1,1,1000192,1,1
"KERNEL_DISPATCH","Agent 4",1,0,205911,502,1,"_RNvNtNtC9rust_perf4apps8pressure14pressure_calc2",502,104068450632803,104068450662563,0,0,12,4,32,256,1,1,1000192,1,1
"KERNEL_DISPATCH","Agent 4",1,0,205911,503,2,"_RNvNtNtC9rust_perf4apps8pressure14pressure_calc1",503,104068450674243,104068450691843,0,0,8,0,32,256,1,1,1000192,1,1
"KERNEL_DISPATCH","Agent 4",1,0,205911,504,1,"_RNvNtNtC9rust_perf4apps8pressure14pressure_calc2",504,104068450702883,104068450732963,0,0,12,4,32,256,1,1,1000192,1,1
"KERNEL_DISPATCH","Agent 4",1,0,205911,505,2,"_RNvNtNtC9rust_perf4apps8pressure14pressure_calc1",505,104068450743043,104068450760643,0,0,8,0,32,256,1,1,1000192,1,1
"KERNEL_DISPATCH","Agent 4",1,0,205911,506,1,"_RNvNtNtC9rust_perf4apps8pressure14pressure_calc2",506,104068450770563,104068450800483,0,0,12,4,32,256,1,1,1000192,1,1
"KERNEL_DISPATCH","Agent 4",1,0,205911,507,2,"_RNvNtNtC9rust_perf4apps8pressure14pressure_calc1",507,104068450810563,104068450828483,0,0,8,0,32,256,1,1,1000192,1,1
"KERNEL_DISPATCH","Agent 4",1,0,205911,508,1,"_RNvNtNtC9rust_perf4apps8pressure14pressure_calc2",508,104068450840483,104068450870563,0,0,12,4,32,256,1,1,1000192,1,1
"KERNEL_DISPATCH","Agent 4",1,0,205911,509,2,"_RNvNtNtC9rust_perf4apps8pressure14pressure_calc1",509,104068450880643,104068450898563,0,0,8,0,32,256,1,1,1000192,1,1
"KERNEL_DISPATCH","Agent 4",1,0,205911,510,1,"_RNvNtNtC9rust_perf4apps8pressure14pressure_calc2",510,104068450910403,104068450940323,0,0,12,4,32,256,1,1,1000192,1,1
"KERNEL_DISPATCH","Agent 4",1,0,205911,511,2,"_RNvNtNtC9rust_perf4apps8pressure14pressure_calc1",511,104068450950403,104068450968323,0,0,8,0,32,256,1,1,1000192,1,1
"KERNEL_DISPATCH","Agent 4",1,0,205911,512,1,"_RNvNtNtC9rust_perf4apps8pressure14pressure_calc2",512,104068450978244,104068451008484,0,0,12,4,32,256,1,1,1000192,1,1
"KERNEL_DISPATCH","Agent 4",1,0,205911,513,2,"_RNvNtNtC9rust_perf4apps8pressure14pressure_calc1",513,104068451020164,104068451037924,0,0,8,0,32,256,1,1,1000192,1,1
"KERNEL_DISPATCH","Agent 4",1,0,205911,514,1,"_RNvNtNtC9rust_perf4apps8pressure14pressure_calc2",514,104068451050564,104068451081284,0,0,12,4,32,256,1,1,1000192,1,1
"KERNEL_DISPATCH","Agent 4",1,0,205911,515,2,"_RNvNtNtC9rust_perf4apps8pressure14pressure_calc1",515,104068451093124,104068451109924,0,0,8,0,32,256,1,1,1000192,1,1
"KERNEL_DISPATCH","Agent 4",1,0,205911,516,1,"_RNvNtNtC9rust_perf4apps8pressure14pressure_calc2",516,104068451121444,104068451151364,0,0,12,4,32,256,1,1,1000192,1,1
"KERNEL_DISPATCH","Agent 4",1,0,205911,517,2,"_RNvNtNtC9rust_perf4apps8pressure14pressure_calc1",517,104068451161444,104068451179204,0,0,8,0,32,256,1,1,1000192,1,1
"KERNEL_DISPATCH","Agent 4",1,0,205911,518,1,"_RNvNtNtC9rust_perf4apps8pressure14pressure_calc2",518,104068451189124,104068451219364,0,0,12,4,32,256,1,1,1000192,1,1
"KERNEL_DISPATCH","Agent 4",1,0,205911,519,2,"_RNvNtNtC9rust_perf4apps8pressure14pressure_calc1",519,104068451229604,104068451247204,0,0,8,0,32,256,1,1,1000192,1,1
"KERNEL_DISPATCH","Agent 4",1,0,205911,520,1,"_RNvNtNtC9rust_perf4apps8pressure14pressure_calc2",520,104068451258724,104068451288804,0,0,12,4,32,256,1,1,1000192,1,1
"KERNEL_DISPATCH","Agent 4",1,0,205911,521,2,"_RNvNtNtC9rust_perf4apps8pressure14pressure_calc1",521,104068451298884,104068451316324,0,0,8,0,32,256,1,1,1000192,1,1
"KERNEL_DISPATCH","Agent 4",1,0,205911,522,1,"_RNvNtNtC9rust_perf4apps8pressure14pressure_calc2",522,104068451327364,104068451356964,0,0,12,4,32,256,1,1,1000192,1,1
"KERNEL_DISPATCH","Agent 4",1,0,205911,523,2,"_RNvNtNtC9rust_perf4apps8pressure14pressure_calc1",523,104068451367044,104068451384324,0,0,8,0,32,256,1,1,1000192,1,1
"KERNEL_DISPATCH","Agent 4",1,0,205911,524,1,"_RNvNtNtC9rust_perf4apps8pressure14pressure_calc2",524,104068451396324,104068451426244,0,0,12,4,32,256,1,1,1000192,1,1
"KERNEL_DISPATCH","Agent 4",1,0,205911,525,2,"_RNvNtNtC9rust_perf4apps8pressure14pressure_calc1",525,104068451436324,104068451453604,0,0,8,0,32,256,1,1,1000192,1,1
"KERNEL_DISPATCH","Agent 4",1,0,205911,526,1,"_RNvNtNtC9rust_perf4apps8pressure14pressure_calc2",526,104068451465444,104068451495684,0,0,12,4,32,256,1,1,1000192,1,1
"KERNEL_DISPATCH","Agent 4",1,0,205911,527,2,"_RNvNtNtC9rust_perf4apps8pressure14pressure_calc1",527,104068451506244,104068451523684,0,0,8,0,32,256,1,1,1000192,1,1
"KERNEL_DISPATCH","Agent 4",1,0,205911,528,1,"_RNvNtNtC9rust_perf4apps8pressure14pressure_calc2",528,104068451535524,104068451565124,0,0,12,4,32,256,1,1,1000192,1,1
"KERNEL_DISPATCH","Agent 4",1,0,205911,529,2,"_RNvNtNtC9rust_perf4apps8pressure14pressure_calc1",529,104068451575204,104068451592805,0,0,8,0,32,256,1,1,1000192,1,1
"KERNEL_DISPATCH","Agent 4",1,0,205911,530,1,"_RNvNtNtC9rust_perf4apps8pressure14pressure_calc2",530,104068451604165,104068451634245,0,0,12,4,32,256,1,1,1000192,1,1
"KERNEL_DISPATCH","Agent 4",1,0,205911,531,2,"_RNvNtNtC9rust_perf4apps8pressure14pressure_calc1",531,104068451646085,104068451663525,0,0,8,0,32,256,1,1,1000192,1,1
"KERNEL_DISPATCH","Agent 4",1,0,205911,532,1,"_RNvNtNtC9rust_perf4apps8pressure14pressure_calc2",532,104068451673605,104068451703845,0,0,12,4,32,256,1,1,1000192,1,1
"KERNEL_DISPATCH","Agent 4",1,0,205911,533,2,"_RNvNtNtC9rust_perf4apps8pressure14pressure_calc1",533,104068451713765,104068451731205,0,0,8,0,32,256,1,1,1000192,1,1
"KERNEL_DISPATCH","Agent 4",1,0,205911,534,1,"_RNvNtNtC9rust_perf4apps8pressure14pressure_calc2",534,104068451741125,104068451771365,0,0,12,4,32,256,1,1,1000192,1,1
"KERNEL_DISPATCH","Agent 4",1,0,205911,535,2,"_RNvNtNtC9rust_perf4apps8pressure14pressure_calc1",535,104068451781285,104068451798885,0,0,8,0,32,256,1,1,1000192,1,1
"KERNEL_DISPATCH","Agent 4",1,0,205911,536,1,"_RNvNtNtC9rust_perf4apps8pressure14pressure_calc2",536,104068451810565,104068451840325,0,0,12,4,32,256,1,1,1000192,1,1
"KERNEL_DISPATCH","Agent 4",1,0,205911,537,2,"_RNvNtNtC9rust_perf4apps8pressure14pressure_calc1",537,104068451850245,104068451868005,0,0,8,0,32,256,1,1,1000192,1,1
"KERNEL_DISPATCH","Agent 4",1,0,205911,538,1,"_RNvNtNtC9rust_perf4apps8pressure14pressure_calc2",538,104068451879845,104068451909925,0,0,12,4,32,256,1,1,1000192,1,1
"KERNEL_DISPATCH","Agent 4",1,0,205911,539,2,"_RNvNtNtC9rust_perf4apps8pressure14pressure_calc1",539,104068451919845,104068451937445,0,0,8,0,32,256,1,1,1000192,1,1
"KERNEL_DISPATCH","Agent 4",1,0,205911,540,1,"_RNvNtNtC9rust_perf4apps8pressure14pressure_calc2",540,104068451947525,104068451977925,0,0,12,4,32,256,1,1,1000192,1,1
"KERNEL_DISPATCH","Agent 4",1,0,205911,541,2,"_RNvNtNtC9rust_perf4apps8pressure14pressure_calc1",541,104068451989765,104068452007205,0,0,8,0,32,256,1,1,1000192,1,1
"KERNEL_DISPATCH","Agent 4",1,0,205911,542,1,"_RNvNtNtC9rust_perf4apps8pressure14pressure_calc2",542,104068452017125,104068452047525,0,0,12,4,32,256,1,1,1000192,1,1
"KERNEL_DISPATCH","Agent 4",1,0,205911,543,2,"_RNvNtNtC9rust_perf4apps8pressure14pressure_calc1",543,104068452058245,104068452075685,0,0,8,0,32,256,1,1,1000192,1,1
"KERNEL_DISPATCH","Agent 4",1,0,205911,544,1,"_RNvNtNtC9rust_perf4apps8pressure14pressure_calc2",544,104068452085765,104068452115365,0,0,12,4,32,256,1,1,1000192,1,1
"KERNEL_DISPATCH","Agent 4",1,0,205911,545,2,"_RNvNtNtC9rust_perf4apps8pressure14pressure_calc1",545,104068452125445,104068452142885,0,0,8,0,32,256,1,1,1000192,1,1
"KERNEL_DISPATCH","Agent 4",1,0,205911,546,1,"_RNvNtNtC9rust_perf4apps8pressure14pressure_calc2",546,104068452153125,104068452183365,0,0,12,4,32,256,1,1,1000192,1,1
"KERNEL_DISPATCH","Agent 4",1,0,205911,547,2,"_RNvNtNtC9rust_perf4apps8pressure14pressure_calc1",547,104068452194725,104068452212326,0,0,8,0,32,256,1,1,1000192,1,1
"KERNEL_DISPATCH","Agent 4",1,0,205911,548,1,"_RNvNtNtC9rust_perf4apps8pressure14pressure_calc2",548,104068452224166,104068452254086,0,0,12,4,32,256,1,1,1000192,1,1
"KERNEL_DISPATCH","Agent 4",1,0,205911,549,2,"_RNvNtNtC9rust_perf4apps8pressure14pressure_calc1",549,104068452266086,104068452283526,0,0,8,0,32,256,1,1,1000192,1,1
"KERNEL_DISPATCH","Agent 4",1,0,205911,550,1,"_RNvNtNtC9rust_perf4apps8pressure14pressure_calc2",550,104068452295686,104068452325606,0,0,12,4,32,256,1,1,1000192,1,1
"KERNEL_DISPATCH","Agent 4",1,0,205911,551,2,"_RNvNtNtC9rust_perf4apps8pressure14pressure_calc1",551,104068452337286,104068452354886,0,0,8,0,32,256,1,1,1000192,1,1
"KERNEL_DISPATCH","Agent 4",1,0,205911,552,1,"_RNvNtNtC9rust_perf4apps8pressure14pressure_calc2",552,104068452364966,104068452395046,0,0,12,4,32,256,1,1,1000192,1,1
"KERNEL_DISPATCH","Agent 4",1,0,205911,553,2,"_RNvNtNtC9rust_perf4apps8pressure14pressure_calc1",553,104068452405126,104068452422246,0,0,8,0,32,256,1,1,1000192,1,1
"KERNEL_DISPATCH","Agent 4",1,0,205911,554,1,"_RNvNtNtC9rust_perf4apps8pressure14pressure_calc2",554,104068452432326,104068452462566,0,0,12,4,32,256,1,1,1000192,1,1
"KERNEL_DISPATCH","Agent 4",1,0,205911,555,2,"_RNvNtNtC9rust_perf4apps8pressure14pressure_calc1",555,104068452473926,104068452491366,0,0,8,0,32,256,1,1,1000192,1,1
"KERNEL_DISPATCH","Agent 4",1,0,205911,556,1,"_RNvNtNtC9rust_perf4apps8pressure14pressure_calc2",556,104068452503366,104068452533126,0,0,12,4,32,256,1,1,1000192,1,1
"KERNEL_DISPATCH","Agent 4",1,0,205911,557,2,"_RNvNtNtC9rust_perf4apps8pressure14pressure_calc1",557,104068452545126,104068452563206,0,0,8,0,32,256,1,1,1000192,1,1
"KERNEL_DISPATCH","Agent 4",1,0,205911,558,1,"_RNvNtNtC9rust_perf4apps8pressure14pressure_calc2",558,104068452573286,104068452603366,0,0,12,4,32,256,1,1,1000192,1,1
"KERNEL_DISPATCH","Agent 4",1,0,205911,559,2,"_RNvNtNtC9rust_perf4apps8pressure14pressure_calc1",559,104068452613286,104068452630886,0,0,8,0,32,256,1,1,1000192,1,1
"KERNEL_DISPATCH","Agent 4",1,0,205911,560,1,"_RNvNtNtC9rust_perf4apps8pressure14pressure_calc2",560,104068452640966,104068452671046,0,0,12,4,32,256,1,1,1000192,1,1
"KERNEL_DISPATCH","Agent 4",1,0,205911,561,2,"_RNvNtNtC9rust_perf4apps8pressure14pressure_calc1",561,104068452682555,104068452700155,0,0,8,0,32,256,1,1,1000192,1,1
"KERNEL_DISPATCH","Agent 4",1,0,205911,562,1,"_RNvNtNtC9rust_perf4apps8pressure14pressure_calc2",562,104068452710395,104068452740315,0,0,12,4,32,256,1,1,1000192,1,1
"KERNEL_DISPATCH","Agent 4",1,0,205911,563,2,"_RNvNtNtC9rust_perf4apps8pressure14pressure_calc1",563,104068452750395,104068452767995,0,0,8,0,32,256,1,1,1000192,1,1
"KERNEL_DISPATCH","Agent 4",1,0,205911,564,1,"_RNvNtNtC9rust_perf4apps8pressure14pressure_calc2",564,104068452778075,104068452807995,0,0,12,4,32,256,1,1,1000192,1,1
"KERNEL_DISPATCH","Agent 4",1,0,205911,565,2,"_RNvNtNtC9rust_perf4apps8pressure14pressure_calc1",565,104068452818075,104068452835675,0,0,8,0,32,256,1,1,1000192,1,1
"KERNEL_DISPATCH","Agent 4",1,0,205911,566,1,"_RNvNtNtC9rust_perf4apps8pressure14pressure_calc2",566,104068452845755,104068452875835,0,0,12,4,32,256,1,1,1000192,1,1
"KERNEL_DISPATCH","Agent 4",1,0,205911,567,2,"_RNvNtNtC9rust_perf4apps8pressure14pressure_calc1",567,104068452887195,104068452904635,0,0,8,0,32,256,1,1,1000192,1,1
"KERNEL_DISPATCH","Agent 4",1,0,205911,568,1,"_RNvNtNtC9rust_perf4apps8pressure14pressure_calc2",568,104068452914715,104068452944796,0,0,12,4,32,256,1,1,1000192,1,1
"KERNEL_DISPATCH","Agent 4",1,0,205911,569,2,"_RNvNtNtC9rust_perf4apps8pressure14pressure_calc1",569,104068452955996,104068452973756,0,0,8,0,32,256,1,1,1000192,1,1
"KERNEL_DISPATCH","Agent 4",1,0,205911,570,1,"_RNvNtNtC9rust_perf4apps8pressure14pressure_calc2",570,104068452985276,104068453015516,0,0,12,4,32,256,1,1,1000192,1,1
"KERNEL_DISPATCH","Agent 4",1,0,205911,571,2,"_RNvNtNtC9rust_perf4apps8pressure14pressure_calc1",571,104068453026236,104068453043356,0,0,8,0,32,256,1,1,1000192,1,1
"KERNEL_DISPATCH","Agent 4",1,0,205911,572,1,"_RNvNtNtC9rust_perf4apps8pressure14pressure_calc2",572,104068453056156,104068453086236,0,0,12,4,32,256,1,1,1000192,1,1
"KERNEL_DISPATCH","Agent 4",1,0,205911,573,2,"_RNvNtNtC9rust_perf4apps8pressure14pressure_calc1",573,104068453098076,104068453115356,0,0,8,0,32,256,1,1,1000192,1,1
"KERNEL_DISPATCH","Agent 4",1,0,205911,574,1,"_RNvNtNtC9rust_perf4apps8pressure14pressure_calc2",574,104068453125276,104068453155516,0,0,12,4,32,256,1,1,1000192,1,1
"KERNEL_DISPATCH","Agent 4",1,0,205911,575,2,"_RNvNtNtC9rust_perf4apps8pressure14pressure_calc1",575,104068453167357,104068453184797,0,0,8,0,32,256,1,1,1000192,1,1
"KERNEL_DISPATCH","Agent 4",1,0,205911,576,1,"_RNvNtNtC9rust_perf4apps8pressure14pressure_calc2",576,104068453197117,104068453227357,0,0,12,4,32,256,1,1,1000192,1,1
"KERNEL_DISPATCH","Agent 4",1,0,205911,577,2,"_RNvNtNtC9rust_perf4apps8pressure14pressure_calc1",577,104068453237757,104068453255037,0,0,8,0,32,256,1,1,1000192,1,1
"KERNEL_DISPATCH","Agent 4",1,0,205911,578,1,"_RNvNtNtC9rust_perf4apps8pressure14pressure_calc2",578,104068453264957,104068453295037,0,0,12,4,32,256,1,1,1000192,1,1
"KERNEL_DISPATCH","Agent 4",1,0,205911,579,2,"_RNvNtNtC9rust_perf4apps8pressure14pressure_calc1",579,104068453305277,104068453322557,0,0,8,0,32,256,1,1,1000192,1,1
"KERNEL_DISPATCH","Agent 4",1,0,205911,580,1,"_RNvNtNtC9rust_perf4apps8pressure14pressure_calc2",580,104068453333277,104068453363197,0,0,12,4,32,256,1,1,1000192,1,1
"KERNEL_DISPATCH","Agent 4",1,0,205911,581,2,"_RNvNtNtC9rust_perf4apps8pressure14pressure_calc1",581,104068453374557,104068453391997,0,0,8,0,32,256,1,1,1000192,1,1
"KERNEL_DISPATCH","Agent 4",1,0,205911,582,1,"_RNvNtNtC9rust_perf4apps8pressure14pressure_calc2",582,104068453403838,104068453433598,0,0,12,4,32,256,1,1,1000192,1,1
"KERNEL_DISPATCH","Agent 4",1,0,205911,583,2,"_RNvNtNtC9rust_perf4apps8pressure14pressure_calc1",583,104068453443518,104068453461118,0,0,8,0,32,256,1,1,1000192,1,1
"KERNEL_DISPATCH","Agent 4",1,0,205911,584,1,"_RNvNtNtC9rust_perf4apps8pressure14pressure_calc2",584,104068453471198,104068453501278,0,0,12,4,32,256,1,1,1000192,1,1
"KERNEL_DISPATCH","Agent 4",1,0,205911,585,2,"_RNvNtNtC9rust_perf4apps8pressure14pressure_calc1",585,104068453511198,104068453528798,0,0,8,0,32,256,1,1,1000192,1,1
"KERNEL_DISPATCH","Agent 4",1,0,205911,586,1,"_RNvNtNtC9rust_perf4apps8pressure14pressure_calc2",586,104068453540318,104068453569918,0,0,12,4,32,256,1,1,1000192,1,1
"KERNEL_DISPATCH","Agent 4",1,0,205911,587,2,"_RNvNtNtC9rust_perf4apps8pressure14pressure_calc1",587,104068453581438,104068453598718,0,0,8,0,32,256,1,1,1000192,1,1
"KERNEL_DISPATCH","Agent 4",1,0,205911,588,1,"_RNvNtNtC9rust_perf4apps8pressure14pressure_calc2",588,104068453609918,104068453639679,0,0,12,4,32,256,1,1,1000192,1,1
"KERNEL_DISPATCH","Agent 4",1,0,205911,589,2,"_RNvNtNtC9rust_perf4apps8pressure14pressure_calc1",589,104068453651519,104068453669119,0,0,8,0,32,256,1,1,1000192,1,1
"KERNEL_DISPATCH","Agent 4",1,0,205911,590,1,"_RNvNtNtC9rust_perf4apps8pressure14pressure_calc2",590,104068453680959,104068453710879,0,0,12,4,32,256,1,1,1000192,1,1
"KERNEL_DISPATCH","Agent 4",1,0,205911,591,2,"_RNvNtNtC9rust_perf4apps8pressure14pressure_calc1",591,104068453720959,104068453738559,0,0,8,0,32,256,1,1,1000192,1,1
"KERNEL_DISPATCH","Agent 4",1,0,205911,592,1,"_RNvNtNtC9rust_perf4apps8pressure14pressure_calc2",592,104068453748479,104068453778559,0,0,12,4,32,256,1,1,1000192,1,1
"KERNEL_DISPATCH","Agent 4",1,0,205911,593,2,"_RNvNtNtC9rust_perf4apps8pressure14pressure_calc1",593,104068453788639,104068453806399,0,0,8,0,32,256,1,1,1000192,1,1
"KERNEL_DISPATCH","Agent 4",1,0,205911,594,1,"_RNvNtNtC9rust_perf4apps8pressure14pressure_calc2",594,104068453816319,104068453846399,0,0,12,4,32,256,1,1,1000192,1,1
"KERNEL_DISPATCH","Agent 4",1,0,205911,595,2,"_RNvNtNtC9rust_perf4apps8pressure14pressure_calc1",595,104068453856479,104068453874240,0,0,8,0,32,256,1,1,1000192,1,1
"KERNEL_DISPATCH","Agent 4",1,0,205911,596,1,"_RNvNtNtC9rust_perf4apps8pressure14pressure_calc2",596,104068453885760,104068453915680,0,0,12,4,32,256,1,1,1000192,1,1
"KERNEL_DISPATCH","Agent 4",1,0,205911,597,2,"_RNvNtNtC9rust_perf4apps8pressure14pressure_calc1",597,104068453925760,104068453943040,0,0,8,0,32,256,1,1,1000192,1,1
"KERNEL_DISPATCH","Agent 4",1,0,205911,598,1,"_RNvNtNtC9rust_perf4apps8pressure14pressure_calc2",598,104068453952960,104068453983200,0,0,12,4,32,256,1,1,1000192,1,1
"KERNEL_DISPATCH","Agent 4",1,0,205911,599,2,"_RNvNtNtC9rust_perf4apps8pressure14pressure_calc1",599,104068453993280,104068454010720,0,0,8,0,32,256,1,1,1000192,1,1
"KERNEL_DISPATCH","Agent 4",1,0,205911,600,1,"_RNvNtNtC9rust_perf4apps8pressure14pressure_calc2",600,104068454020640,104068454051040,0,0,12,4,32,256,1,1,1000192,1,1
"KERNEL_DISPATCH","Agent 4",1,0,205911,601,2,"_RNvNtNtC9rust_perf4apps8pressure14pressure_calc1",601,104068454061280,104068454079040,0,0,8,0,32,256,1,1,1000192,1,1
"KERNEL_DISPATCH","Agent 4",1,0,205911,602,1,"_RNvNtNtC9rust_perf4apps8pressure14pressure_calc2",602,104068454088960,104068454119041,0,0,12,4,32,256,1,1,1000192,1,1
"KERNEL_DISPATCH","Agent 4",1,0,205911,603,2,"_RNvNtNtC9rust_perf4apps8pressure14pressure_calc1",603,104068454129601,104068454146721,0,0,8,0,32,256,1,1,1000192,1,1
"KERNEL_DISPATCH","Agent 4",1,0,205911,604,1,"_RNvNtNtC9rust_perf4apps8pressure14pressure_calc2",604,104068454156641,104068454186561,0,0,12,4,32,256,1,1,1000192,1,1
"KERNEL_DISPATCH","Agent 4",1,0,205911,605,2,"_RNvNtNtC9rust_perf4apps8pressure14pressure_calc1",605,104068454196641,104068454213921,0,0,8,0,32,256,1,1,1000192,1,1
"KERNEL_DISPATCH","Agent 4",1,0,205911,606,1,"_RNvNtNtC9rust_perf4apps8pressure14pressure_calc2",606,104068454225441,104068454255201,0,0,12,4,32,256,1,1,1000192,1,1
"KERNEL_DISPATCH","Agent 4",1,0,205911,607,2,"_RNvNtNtC9rust_perf4apps8pressure14pressure_calc1",607,104068454265281,104068454282721,0,0,8,0,32,256,1,1,1000192,1,1
"KERNEL_DISPATCH","Agent 4",1,0,205911,608,1,"_RNvNtNtC9rust_perf4apps8pressure14pressure_calc2",608,104068454294241,104068454324002,0,0,12,4,32,256,1,1,1000192,1,1
"KERNEL_DISPATCH","Agent 4",1,0,205911,609,2,"_RNvNtNtC9rust_perf4apps8pressure14pressure_calc1",609,104068454334082,104068454351522,0,0,8,0,32,256,1,1,1000192,1,1
"KERNEL_DISPATCH","Agent 4",1,0,205911,610,1,"_RNvNtNtC9rust_perf4apps8pressure14pressure_calc2",610,104068454362722,104068454392322,0,0,12,4,32,256,1,1,1000192,1,1
"KERNEL_DISPATCH","Agent 4",1,0,205911,611,2,"_RNvNtNtC9rust_perf4apps8pressure14pressure_calc1",611,104068454404002,104068454421602,0,0,8,0,32,256,1,1,1000192,1,1
"KERNEL_DISPATCH","Agent 4",1,0,205911,612,1,"_RNvNtNtC9rust_perf4apps8pressure14pressure_calc2",612,104068454431522,104068454461442,0,0,12,4,32,256,1,1,1000192,1,1
"KERNEL_DISPATCH","Agent 4",1,0,205911,613,2,"_RNvNtNtC9rust_perf4apps8pressure14pressure_calc1",613,104068455257126,104068455274886,0,0,8,0,32,256,1,1,1000192,1,1
"KERNEL_DISPATCH","Agent 4",1,0,205911,614,1,"_RNvNtNtC9rust_perf4apps8pressure14pressure_calc2",614,104068455285606,104068455315526,0,0,12,4,32,256,1,1,1000192,1,1
"KERNEL_DISPATCH","Agent 4",1,0,205911,615,2,"_RNvNtNtC9rust_perf4apps8pressure14pressure_calc1",615,104068455325606,104068455343206,0,0,8,0,32,256,1,1,1000192,1,1
"KERNEL_DISPATCH","Agent 4",1,0,205911,616,1,"_RNvNtNtC9rust_perf4apps8pressure14pressure_calc2",616,104068455355046,104068455385126,0,0,12,4,32,256,1,1,1000192,1,1
"KERNEL_DISPATCH","Agent 4",1,0,205911,617,2,"_RNvNtNtC9rust_perf4apps8pressure14pressure_calc1",617,104068455395206,104068455412486,0,0,8,0,32,256,1,1,1000192,1,1
"KERNEL_DISPATCH","Agent 4",1,0,205911,618,1,"_RNvNtNtC9rust_perf4apps8pressure14pressure_calc2",618,104068455422406,104068455452006,0,0,12,4,32,256,1,1,1000192,1,1
"KERNEL_DISPATCH","Agent 4",1,0,205911,619,2,"_RNvNtNtC9rust_perf4apps8pressure14pressure_calc1",619,104068455461926,104068455479527,0,0,8,0,32,256,1,1,1000192,1,1
"KERNEL_DISPATCH","Agent 4",1,0,205911,620,1,"_RNvNtNtC9rust_perf4apps8pressure14pressure_calc2",620,104068455490887,104068455520647,0,0,12,4,32,256,1,1,1000192,1,1
"KERNEL_DISPATCH","Agent 4",1,0,205911,621,2,"_RNvNtNtC9rust_perf4apps8pressure14pressure_calc1",621,104068455532007,104068455549447,0,0,8,0,32,256,1,1,1000192,1,1
"KERNEL_DISPATCH","Agent 4",1,0,205911,622,1,"_RNvNtNtC9rust_perf4apps8pressure14pressure_calc2",622,104068455561127,104068455591207,0,0,12,4,32,256,1,1,1000192,1,1
"KERNEL_DISPATCH","Agent 4",1,0,205911,623,2,"_RNvNtNtC9rust_perf4apps8pressure14pressure_calc1",623,104068455601767,104068455619047,0,0,8,0,32,256,1,1,1000192,1,1
"KERNEL_DISPATCH","Agent 4",1,0,205911,624,1,"_RNvNtNtC9rust_perf4apps8pressure14pressure_calc2",624,104068455630567,104068455660647,0,0,12,4,32,256,1,1,1000192,1,1
"KERNEL_DISPATCH","Agent 4",1,0,205911,625,2,"_RNvNtNtC9rust_perf4apps8pressure14pressure_calc1",625,104068455671207,104068455688647,0,0,8,0,32,256,1,1,1000192,1,1
"KERNEL_DISPATCH","Agent 4",1,0,205911,626,1,"_RNvNtNtC9rust_perf4apps8pressure14pressure_calc2",626,104068455700487,104068455730408,0,0,12,4,32,256,1,1,1000192,1,1
"KERNEL_DISPATCH","Agent 4",1,0,205911,627,2,"_RNvNtNtC9rust_perf4apps8pressure14pressure_calc1",627,104068455740648,104068455758088,0,0,8,0,32,256,1,1,1000192,1,1
"KERNEL_DISPATCH","Agent 4",1,0,205911,628,1,"_RNvNtNtC9rust_perf4apps8pressure14pressure_calc2",628,104068455768168,104068455798248,0,0,12,4,32,256,1,1,1000192,1,1
"KERNEL_DISPATCH","Agent 4",1,0,205911,629,2,"_RNvNtNtC9rust_perf4apps8pressure14pressure_calc1",629,104068455808328,104068455825768,0,0,8,0,32,256,1,1,1000192,1,1
"KERNEL_DISPATCH","Agent 4",1,0,205911,630,1,"_RNvNtNtC9rust_perf4apps8pressure14pressure_calc2",630,104068455836008,104068455865928,0,0,12,4,32,256,1,1,1000192,1,1
"KERNEL_DISPATCH","Agent 4",1,0,205911,631,2,"_RNvNtNtC9rust_perf4apps8pressure14pressure_calc1",631,104068455877608,104068455894728,0,0,8,0,32,256,1,1,1000192,1,1
"KERNEL_DISPATCH","Agent 4",1,0,205911,632,1,"_RNvNtNtC9rust_perf4apps8pressure14pressure_calc2",632,104068455904808,104068455934888,0,0,12,4,32,256,1,1,1000192,1,1
"KERNEL_DISPATCH","Agent 4",1,0,205911,633,2,"_RNvNtNtC9rust_perf4apps8pressure14pressure_calc1",633,104068455945449,104068455963049,0,0,8,0,32,256,1,1,1000192,1,1
"KERNEL_DISPATCH","Agent 4",1,0,205911,634,1,"_RNvNtNtC9rust_perf4apps8pressure14pressure_calc2",634,104068455972969,104068456003209,0,0,12,4,32,256,1,1,1000192,1,1
"KERNEL_DISPATCH","Agent 4",1,0,205911,635,2,"_RNvNtNtC9rust_perf4apps8pressure14pressure_calc1",635,104068456013609,104068456031209,0,0,8,0,32,256,1,1,1000192,1,1
"KERNEL_DISPATCH","Agent 4",1,0,205911,636,1,"_RNvNtNtC9rust_perf4apps8pressure14pressure_calc2",636,104068456043689,104068456073609,0,0,12,4,32,256,1,1,1000192,1,1
"KERNEL_DISPATCH","Agent 4",1,0,205911,637,2,"_RNvNtNtC9rust_perf4apps8pressure14pressure_calc1",637,104068456083689,104068456101129,0,0,8,0,32,256,1,1,1000192,1,1
"KERNEL_DISPATCH","Agent 4",1,0,205911,638,1,"_RNvNtNtC9rust_perf4apps8pressure14pressure_calc2",638,104068456111049,104068456140969,0,0,12,4,32,256,1,1,1000192,1,1
"KERNEL_DISPATCH","Agent 4",1,0,205911,639,2,"_RNvNtNtC9rust_perf4apps8pressure14pressure_calc1",639,104068456151049,104068456168649,0,0,8,0,32,256,1,1,1000192,1,1
"KERNEL_DISPATCH","Agent 4",1,0,205911,640,1,"_RNvNtNtC9rust_perf4apps8pressure14pressure_calc2",640,104068456179850,104068456209610,0,0,12,4,32,256,1,1,1000192,1,1
"KERNEL_DISPATCH","Agent 4",1,0,205911,641,2,"_RNvNtNtC9rust_perf4apps8pressure14pressure_calc1",641,104068456219690,104068456237290,0,0,8,0,32,256,1,1,1000192,1,1
"KERNEL_DISPATCH","Agent 4",1,0,205911,642,1,"_RNvNtNtC9rust_perf4apps8pressure14pressure_calc2",642,104068456247210,104068456277450,0,0,12,4,32,256,1,1,1000192,1,1
"KERNEL_DISPATCH","Agent 4",1,0,205911,643,2,"_RNvNtNtC9rust_perf4apps8pressure14pressure_calc1",643,104068456287370,104068456304650,0,0,8,0,32,256,1,1,1000192,1,1
"KERNEL_DISPATCH","Agent 4",1,0,205911,644,1,"_RNvNtNtC9rust_perf4apps8pressure14pressure_calc2",644,104068456316650,104068456346730,0,0,12,4,32,256,1,1,1000192,1,1
"KERNEL_DISPATCH","Agent 4",1,0,205911,645,2,"_RNvNtNtC9rust_perf4apps8pressure14pressure_calc1",645,104068456358890,104068456376170,0,0,8,0,32,256,1,1,1000192,1,1
"KERNEL_DISPATCH","Agent 4",1,0,205911,646,1,"_RNvNtNtC9rust_perf4apps8pressure14pressure_calc2",646,104068456386410,104068456416171,0,0,12,4,32,256,1,1,1000192,1,1
"KERNEL_DISPATCH","Agent 4",1,0,205911,647,2,"_RNvNtNtC9rust_perf4apps8pressure14pressure_calc1",647,104068456426251,104068456443851,0,0,8,0,32,256,1,1,1000192,1,1
"KERNEL_DISPATCH","Agent 4",1,0,205911,648,1,"_RNvNtNtC9rust_perf4apps8pressure14pressure_calc2",648,104068456454731,104068456484971,0,0,12,4,32,256,1,1,1000192,1,1
"KERNEL_DISPATCH","Agent 4",1,0,205911,649,2,"_RNvNtNtC9rust_perf4apps8pressure14pressure_calc1",649,104068456495051,104068456512651,0,0,8,0,32,256,1,1,1000192,1,1
"KERNEL_DISPATCH","Agent 4",1,0,205911,650,1,"_RNvNtNtC9rust_perf4apps8pressure14pressure_calc2",650,104068456522571,104068456552331,0,0,12,4,32,256,1,1,1000192,1,1
"KERNEL_DISPATCH","Agent 4",1,0,205911,651,2,"_RNvNtNtC9rust_perf4apps8pressure14pressure_calc1",651,104068456565451,104068456582731,0,0,8,0,32,256,1,1,1000192,1,1
"KERNEL_DISPATCH","Agent 4",1,0,205911,652,1,"_RNvNtNtC9rust_perf4apps8pressure14pressure_calc2",652,104068456592651,104068456622731,0,0,12,4,32,256,1,1,1000192,1,1
"KERNEL_DISPATCH","Agent 4",1,0,205911,653,2,"_RNvNtNtC9rust_perf4apps8pressure14pressure_calc1",653,104068456632811,104068456650252,0,0,8,0,32,256,1,1,1000192,1,1
"KERNEL_DISPATCH","Agent 4",1,0,205911,654,1,"_RNvNtNtC9rust_perf4apps8pressure14pressure_calc2",654,104068456661932,104068456692332,0,0,12,4,32,256,1,1,1000192,1,1
"KERNEL_DISPATCH","Agent 4",1,0,205911,655,2,"_RNvNtNtC9rust_perf4apps8pressure14pressure_calc1",655,104068456702412,104068456720172,0,0,8,0,32,256,1,1,1000192,1,1
"KERNEL_DISPATCH","Agent 4",1,0,205911,656,1,"_RNvNtNtC9rust_perf4apps8pressure14pressure_calc2",656,104068456732012,104068456761932,0,0,12,4,32,256,1,1,1000192,1,1
"KERNEL_DISPATCH","Agent 4",1,0,205911,657,2,"_RNvNtNtC9rust_perf4apps8pressure14pressure_calc1",657,104068456774092,104068456791692,0,0,8,0,32,256,1,1,1000192,1,1
"KERNEL_DISPATCH","Agent 4",1,0,205911,658,1,"_RNvNtNtC9rust_perf4apps8pressure14pressure_calc2",658,104068456801772,104068456831692,0,0,12,4,32,256,1,1,1000192,1,1
"KERNEL_DISPATCH","Agent 4",1,0,205911,659,2,"_RNvNtNtC9rust_perf4apps8pressure14pressure_calc1",659,104068456841772,104068456859532,0,0,8,0,32,256,1,1,1000192,1,1
"KERNEL_DISPATCH","Agent 4",1,0,205911,660,1,"_RNvNtNtC9rust_perf4apps8pressure14pressure_calc2",660,104068456869613,104068456899693,0,0,12,4,32,256,1,1,1000192,1,1
"KERNEL_DISPATCH","Agent 4",1,0,205911,661,2,"_RNvNtNtC9rust_perf4apps8pressure14pressure_calc1",661,104068456909613,104068456926893,0,0,8,0,32,256,1,1,1000192,1,1
"KERNEL_DISPATCH","Agent 4",1,0,205911,662,1,"_RNvNtNtC9rust_perf4apps8pressure14pressure_calc2",662,104068456938413,104068456968173,0,0,12,4,32,256,1,1,1000192,1,1
"KERNEL_DISPATCH","Agent 4",1,0,205911,663,2,"_RNvNtNtC9rust_perf4apps8pressure14pressure_calc1",663,104068456978253,104068456995853,0,0,8,0,32,256,1,1,1000192,1,1
"KERNEL_DISPATCH","Agent 4",1,0,205911,664,1,"_RNvNtNtC9rust_perf4apps8pressure14pressure_calc2",664,104068457005933,104068457036333,0,0,12,4,32,256,1,1,1000192,1,1
"KERNEL_DISPATCH","Agent 4",1,0,205911,665,2,"_RNvNtNtC9rust_perf4apps8pressure14pressure_calc1",665,104068457048333,104068457066253,0,0,8,0,32,256,1,1,1000192,1,1
"KERNEL_DISPATCH","Agent 4",1,0,205911,666,1,"_RNvNtNtC9rust_perf4apps8pressure14pressure_calc2",666,104068457076333,104068457106094,0,0,12,4,32,256,1,1,1000192,1,1
"KERNEL_DISPATCH","Agent 4",1,0,205911,667,2,"_RNvNtNtC9rust_perf4apps8pressure14pressure_calc1",667,104068457116174,104068457133614,0,0,8,0,32,256,1,1,1000192,1,1
"KERNEL_DISPATCH","Agent 4",1,0,205911,668,1,"_RNvNtNtC9rust_perf4apps8pressure14pressure_calc2",668,104068457143694,104068457173614,0,0,12,4,32,256,1,1,1000192,1,1
"KERNEL_DISPATCH","Agent 4",1,0,205911,669,2,"_RNvNtNtC9rust_perf4apps8pressure14pressure_calc1",669,104068457184174,104068457201934,0,0,8,0,32,256,1,1,1000192,1,1
"KERNEL_DISPATCH","Agent 4",1,0,205911,673,2,"_RNvNtNtC9rust_perf4apps8pressure14pressure_calc1",673,104068457321934,104068457339375,0,0,8,0,32,256,1,1,1000192,1,1
"KERNEL_DISPATCH","Agent 4",1,0,205911,670,1,"_RNvNtNtC9rust_perf4apps8pressure14pressure_calc2",670,104068457212014,104068457242094,0,0,12,4,32,256,1,1,1000192,1,1
"KERNEL_DISPATCH","Agent 4",1,0,205911,671,2,"_RNvNtNtC9rust_perf4apps8pressure14pressure_calc1",671,104068457252014,104068457269454,0,0,8,0,32,256,1,1,1000192,1,1
"KERNEL_DISPATCH","Agent 4",1,0,205911,674,1,"_RNvNtNtC9rust_perf4apps8pressure14pressure_calc2",674,104068457349455,104068457379535,0,0,12,4,32,256,1,1,1000192,1,1
"KERNEL_DISPATCH","Agent 4",1,0,205911,672,1,"_RNvNtNtC9rust_perf4apps8pressure14pressure_calc2",672,104068457281454,104068457311854,0,0,12,4,32,256,1,1,1000192,1,1
"KERNEL_DISPATCH","Agent 4",1,0,205911,675,2,"_RNvNtNtC9rust_perf4apps8pressure14pressure_calc1",675,104068457391535,104068457409135,0,0,8,0,32,256,1,1,1000192,1,1
"KERNEL_DISPATCH","Agent 4",1,0,205911,676,1,"_RNvNtNtC9rust_perf4apps8pressure14pressure_calc2",676,104068457419055,104068457448975,0,0,12,4,32,256,1,1,1000192,1,1
"KERNEL_DISPATCH","Agent 4",1,0,205911,677,2,"_RNvNtNtC9rust_perf4apps8pressure14pressure_calc1",677,104068457459215,104068457476815,0,0,8,0,32,256,1,1,1000192,1,1
"KERNEL_DISPATCH","Agent 4",1,0,205911,678,1,"_RNvNtNtC9rust_perf4apps8pressure14pressure_calc2",678,104068457486735,104068457516975,0,0,12,4,32,256,1,1,1000192,1,1
"KERNEL_DISPATCH","Agent 4",1,0,205911,679,2,"_RNvNtNtC9rust_perf4apps8pressure14pressure_calc1",679,104068457528655,104068457546255,0,0,8,0,32,256,1,1,1000192,1,1
"KERNEL_DISPATCH","Agent 4",1,0,205911,680,1,"_RNvNtNtC9rust_perf4apps8pressure14pressure_calc2",680,104068457556335,104068457586096,0,0,12,4,32,256,1,1,1000192,1,1
"KERNEL_DISPATCH","Agent 4",1,0,205911,681,2,"_RNvNtNtC9rust_perf4apps8pressure14pressure_calc1",681,104068457596176,104068457613616,0,0,8,0,32,256,1,1,1000192,1,1
"KERNEL_DISPATCH","Agent 4",1,0,205911,682,1,"_RNvNtNtC9rust_perf4apps8pressure14pressure_calc2",682,104068457623536,104068457653456,0,0,12,4,32,256,1,1,1000192,1,1
"KERNEL_DISPATCH","Agent 4",1,0,205911,683,2,"_RNvNtNtC9rust_perf4apps8pressure14pressure_calc1",683,104068457663536,104068457681136,0,0,8,0,32,256,1,1,1000192,1,1
"KERNEL_DISPATCH","Agent 4",1,0,205911,684,1,"_RNvNtNtC9rust_perf4apps8pressure14pressure_calc2",684,104068457692816,104068457722896,0,0,12,4,32,256,1,1,1000192,1,1
"KERNEL_DISPATCH","Agent 4",1,0,205911,685,2,"_RNvNtNtC9rust_perf4apps8pressure14pressure_calc1",685,104068457732976,104068457750576,0,0,8,0,32,256,1,1,1000192,1,1
"KERNEL_DISPATCH","Agent 4",1,0,205911,686,1,"_RNvNtNtC9rust_perf4apps8pressure14pressure_calc2",686,104068457762256,104068457792177,0,0,12,4,32,256,1,1,1000192,1,1
"KERNEL_DISPATCH","Agent 4",1,0,205911,687,2,"_RNvNtNtC9rust_perf4apps8pressure14pressure_calc1",687,104068457804497,104068457821457,0,0,8,0,32,256,1,1,1000192,1,1
"KERNEL_DISPATCH","Agent 4",1,0,205911,688,1,"_RNvNtNtC9rust_perf4apps8pressure14pressure_calc2",688,104068457833297,104068457863377,0,0,12,4,32,256,1,1,1000192,1,1
"KERNEL_DISPATCH","Agent 4",1,0,205911,689,2,"_RNvNtNtC9rust_perf4apps8pressure14pressure_calc1",689,104068457873457,104068457890737,0,0,8,0,32,256,1,1,1000192,1,1
"KERNEL_DISPATCH","Agent 4",1,0,205911,690,1,"_RNvNtNtC9rust_perf4apps8pressure14pressure_calc2",690,104068457900817,104068457930737,0,0,12,4,32,256,1,1,1000192,1,1
"KERNEL_DISPATCH","Agent 4",1,0,205911,691,2,"_RNvNtNtC9rust_perf4apps8pressure14pressure_calc1",691,104068457940817,104068457958577,0,0,8,0,32,256,1,1,1000192,1,1
"KERNEL_DISPATCH","Agent 4",1,0,205911,692,1,"_RNvNtNtC9rust_perf4apps8pressure14pressure_calc2",692,104068457968817,104068457998737,0,0,12,4,32,256,1,1,1000192,1,1
"KERNEL_DISPATCH","Agent 4",1,0,205911,693,2,"_RNvNtNtC9rust_perf4apps8pressure14pressure_calc1",693,104068458008977,104068458026258,0,0,8,0,32,256,1,1,1000192,1,1
"KERNEL_DISPATCH","Agent 4",1,0,205911,694,1,"_RNvNtNtC9rust_perf4apps8pressure14pressure_calc2",694,104068458038898,104068458068978,0,0,12,4,32,256,1,1,1000192,1,1
"KERNEL_DISPATCH","Agent 4",1,0,205911,695,2,"_RNvNtNtC9rust_perf4apps8pressure14pressure_calc1",695,104068458079218,104068458096658,0,0,8,0,32,256,1,1,1000192,1,1
"KERNEL_DISPATCH","Agent 4",1,0,205911,696,1,"_RNvNtNtC9rust_perf4apps8pressure14pressure_calc2",696,104068458108498,104068458138258,0,0,12,4,32,256,1,1,1000192,1,1
"KERNEL_DISPATCH","Agent 4",1,0,205911,697,2,"_RNvNtNtC9rust_perf4apps8pressure14pressure_calc1",697,104068458148338,104068458165618,0,0,8,0,32,256,1,1,1000192,1,1
"KERNEL_DISPATCH","Agent 4",1,0,205911,698,1,"_RNvNtNtC9rust_perf4apps8pressure14pressure_calc2",698,104068458177458,104068458207538,0,0,12,4,32,256,1,1,1000192,1,1
"KERNEL_DISPATCH","Agent 4",1,0,205911,699,2,"_RNvNtNtC9rust_perf4apps8pressure14pressure_calc1",699,104068458217458,104068458234578,0,0,8,0,32,256,1,1,1000192,1,1
"KERNEL_DISPATCH","Agent 4",1,0,205911,700,1,"_RNvNtNtC9rust_perf4apps8pressure14pressure_calc2",700,104068458244658,104068458274579,0,0,12,4,32,256,1,1,1000192,1,1
"KERNEL_DISPATCH","Agent 4",1,0,205911,701,2,"_RNvNtNtC9rust_perf4apps8pressure14pressure_calc1",701,104068458284659,104068458302419,0,0,8,0,32,256,1,1,1000192,1,1
"KERNEL_DISPATCH","Agent 4",1,0,205911,702,1,"_RNvNtNtC9rust_perf4apps8pressure14pressure_calc2",702,104068458312499,104068458342259,0,0,12,4,32,256,1,1,1000192,1,1
"KERNEL_DISPATCH","Agent 4",1,0,205911,703,2,"_RNvNtNtC9rust_perf4apps8pressure14pressure_calc1",703,104068458353939,104068458372019,0,0,8,0,32,256,1,1,1000192,1,1
"KERNEL_DISPATCH","Agent 4",1,0,205911,704,1,"_RNvNtNtC9rust_perf4apps8pressure14pressure_calc2",704,104068458384179,104068458414099,0,0,12,4,32,256,1,1,1000192,1,1
"KERNEL_DISPATCH","Agent 4",1,0,205911,705,2,"_RNvNtNtC9rust_perf4apps8pressure14pressure_calc1",705,104068458425939,104068458443379,0,0,8,0,32,256,1,1,1000192,1,1
"KERNEL_DISPATCH","Agent 4",1,0,205911,706,1,"_RNvNtNtC9rust_perf4apps8pressure14pressure_calc2",706,104068458453459,104068458483860,0,0,12,4,32,256,1,1,1000192,1,1
"KERNEL_DISPATCH","Agent 4",1,0,205911,707,2,"_RNvNtNtC9rust_perf4apps8pressure14pressure_calc1",707,104068458493940,104068458511540,0,0,8,0,32,256,1,1,1000192,1,1
"KERNEL_DISPATCH","Agent 4",1,0,205911,708,1,"_RNvNtNtC9rust_perf4apps8pressure14pressure_calc2",708,104068458523860,104068458553940,0,0,12,4,32,256,1,1,1000192,1,1
"KERNEL_DISPATCH","Agent 4",1,0,205911,709,2,"_RNvNtNtC9rust_perf4apps8pressure14pressure_calc1",709,104068458563860,104068458581460,0,0,8,0,32,256,1,1,1000192,1,1
"KERNEL_DISPATCH","Agent 4",1,0,205911,710,1,"_RNvNtNtC9rust_perf4apps8pressure14pressure_calc2",710,104068458591380,104068458621620,0,0,12,4,32,256,1,1,1000192,1,1
"KERNEL_DISPATCH","Agent 4",1,0,205911,711,2,"_RNvNtNtC9rust_perf4apps8pressure14pressure_calc1",711,104068458631700,104068458649140,0,0,8,0,32,256,1,1,1000192,1,1
"KERNEL_DISPATCH","Agent 4",1,0,205911,712,1,"_RNvNtNtC9rust_perf4apps8pressure14pressure_calc2",712,104068458659060,104068458689140,0,0,12,4,32,256,1,1,1000192,1,1
"KERNEL_DISPATCH","Agent 4",1,0,205911,713,2,"_RNvNtNtC9rust_perf4apps8pressure14pressure_calc1",713,104068458699860,104068458717621,0,0,8,0,32,256,1,1,1000192,1,1
"KERNEL_DISPATCH","Agent 4",1,0,205911,714,1,"_RNvNtNtC9rust_perf4apps8pressure14pressure_calc2",714,104068458728021,104068458758581,0,0,12,4,32,256,1,1,1000192,1,1
"KERNEL_DISPATCH","Agent 4",1,0,205911,715,2,"_RNvNtNtC9rust_perf4apps8pressure14pressure_calc1",715,104068458768501,104068458785621,0,0,8,0,32,256,1,1,1000192,1,1
"KERNEL_DISPATCH","Agent 4",1,0,205911,716,1,"_RNvNtNtC9rust_perf4apps8pressure14pressure_calc2",716,104068458797461,104068458827701,0,0,12,4,32,256,1,1,1000192,1,1
"KERNEL_DISPATCH","Agent 4",1,0,205911,717,2,"_RNvNtNtC9rust_perf4apps8pressure14pressure_calc1",717,104068458839541,104068458857301,0,0,8,0,32,256,1,1,1000192,1,1
"KERNEL_DISPATCH","Agent 4",1,0,205911,718,1,"_RNvNtNtC9rust_perf4apps8pressure14pressure_calc2",718,104068458869141,104068458898901,0,0,12,4,32,256,1,1,1000192,1,1
"KERNEL_DISPATCH","Agent 4",1,0,205911,719,2,"_RNvNtNtC9rust_perf4apps8pressure14pressure_calc1",719,104068458908981,104068458926741,0,0,8,0,32,256,1,1,1000192,1,1
"KERNEL_DISPATCH","Agent 4",1,0,205911,720,1,"_RNvNtNtC9rust_perf4apps8pressure14pressure_calc2",720,104068458939061,104068458968822,0,0,12,4,32,256,1,1,1000192,1,1
"KERNEL_DISPATCH","Agent 4",1,0,205911,721,2,"_RNvNtNtC9rust_perf4apps8pressure14pressure_calc1",721,104068458978742,104068458996342,0,0,8,0,32,256,1,1,1000192,1,1
"KERNEL_DISPATCH","Agent 4",1,0,205911,722,1,"_RNvNtNtC9rust_perf4apps8pressure14pressure_calc2",722,104068459006582,104068459036822,0,0,12,4,32,256,1,1,1000192,1,1
"KERNEL_DISPATCH","Agent 4",1,0,205911,723,2,"_RNvNtNtC9rust_perf4apps8pressure14pressure_calc1",723,104068459049462,104068459067222,0,0,8,0,32,256,1,1,1000192,1,1
"KERNEL_DISPATCH","Agent 4",1,0,205911,724,1,"_RNvNtNtC9rust_perf4apps8pressure14pressure_calc2",724,104068459077302,104068459107382,0,0,12,4,32,256,1,1,1000192,1,1
"KERNEL_DISPATCH","Agent 4",1,0,205911,725,2,"_RNvNtNtC9rust_perf4apps8pressure14pressure_calc1",725,104068459117302,104068459135222,0,0,8,0,32,256,1,1,1000192,1,1
"KERNEL_DISPATCH","Agent 4",1,0,205911,726,1,"_RNvNtNtC9rust_perf4apps8pressure14pressure_calc2",726,104068459145302,104068459175542,0,0,12,4,32,256,1,1,1000192,1,1
"KERNEL_DISPATCH","Agent 4",1,0,205911,727,2,"_RNvNtNtC9rust_perf4apps8pressure14pressure_calc1",727,104068459185463,104068459203063,0,0,8,0,32,256,1,1,1000192,1,1
"KERNEL_DISPATCH","Agent 4",1,0,205911,728,1,"_RNvNtNtC9rust_perf4apps8pressure14pressure_calc2",728,104068459212983,104068459243063,0,0,12,4,32,256,1,1,1000192,1,1
"KERNEL_DISPATCH","Agent 4",1,0,205911,729,2,"_RNvNtNtC9rust_perf4apps8pressure14pressure_calc1",729,104068459252983,104068459270423,0,0,8,0,32,256,1,1,1000192,1,1
"KERNEL_DISPATCH","Agent 4",1,0,205911,730,1,"_RNvNtNtC9rust_perf4apps8pressure14pressure_calc2",730,104068459280343,104068459310423,0,0,12,4,32,256,1,1,1000192,1,1
"KERNEL_DISPATCH","Agent 4",1,0,205911,731,2,"_RNvNtNtC9rust_perf4apps8pressure14pressure_calc1",731,104068459320503,104068459338263,0,0,8,0,32,256,1,1,1000192,1,1
"KERNEL_DISPATCH","Agent 4",1,0,205911,732,1,"_RNvNtNtC9rust_perf4apps8pressure14pressure_calc2",732,104068459348183,104068459378743,0,0,12,4,32,256,1,1,1000192,1,1
"KERNEL_DISPATCH","Agent 4",1,0,205911,733,2,"_RNvNtNtC9rust_perf4apps8pressure14pressure_calc1",733,104068459388663,104068459405943,0,0,8,0,32,256,1,1,1000192,1,1
"KERNEL_DISPATCH","Agent 4",1,0,205911,734,1,"_RNvNtNtC9rust_perf4apps8pressure14pressure_calc2",734,104068459417464,104068459447544,0,0,12,4,32,256,1,1,1000192,1,1
"KERNEL_DISPATCH","Agent 4",1,0,205911,735,2,"_RNvNtNtC9rust_perf4apps8pressure14pressure_calc1",735,104068459459704,104068459476984,0,0,8,0,32,256,1,1,1000192,1,1
"KERNEL_DISPATCH","Agent 4",1,0,205911,736,1,"_RNvNtNtC9rust_perf4apps8pressure14pressure_calc2",736,104068459486904,104068459516984,0,0,12,4,32,256,1,1,1000192,1,1
"KERNEL_DISPATCH","Agent 4",1,0,205911,737,2,"_RNvNtNtC9rust_perf4apps8pressure14pressure_calc1",737,104068459528024,104068459545464,0,0,8,0,32,256,1,1,1000192,1,1
"KERNEL_DISPATCH","Agent 4",1,0,205911,738,1,"_RNvNtNtC9rust_perf4apps8pressure14pressure_calc2",738,104068459555384,104068459585304,0,0,12,4,32,256,1,1,1000192,1,1
"KERNEL_DISPATCH","Agent 4",1,0,205911,739,2,"_RNvNtNtC9rust_perf4apps8pressure14pressure_calc1",739,104068459595544,104068459612984,0,0,8,0,32,256,1,1,1000192,1,1
"KERNEL_DISPATCH","Agent 4",1,0,205911,740,1,"_RNvNtNtC9rust_perf4apps8pressure14pressure_calc2",740,104068459623064,104068459652665,0,0,12,4,32,256,1,1,1000192,1,1
"KERNEL_DISPATCH","Agent 4",1,0,205911,741,2,"_RNvNtNtC9rust_perf4apps8pressure14pressure_calc1",741,104068459664505,104068459681945,0,0,8,0,32,256,1,1,1000192,1,1
"KERNEL_DISPATCH","Agent 4",1,0,205911,742,1,"_RNvNtNtC9rust_perf4apps8pressure14pressure_calc2",742,104068459691865,104068459721945,0,0,12,4,32,256,1,1,1000192,1,1
"KERNEL_DISPATCH","Agent 4",1,0,205911,743,2,"_RNvNtNtC9rust_perf4apps8pressure14pressure_calc1",743,104068459732025,104068459749465,0,0,8,0,32,256,1,1,1000192,1,1
"KERNEL_DISPATCH","Agent 4",1,0,205911,744,1,"_RNvNtNtC9rust_perf4apps8pressure14pressure_calc2",744,104068459759705,104068459789625,0,0,12,4,32,256,1,1,1000192,1,1
"KERNEL_DISPATCH","Agent 4",1,0,205911,745,2,"_RNvNtNtC9rust_perf4apps8pressure14pressure_calc1",745,104068459799705,104068459817305,0,0,8,0,32,256,1,1,1000192,1,1
"KERNEL_DISPATCH","Agent 4",1,0,205911,746,1,"_RNvNtNtC9rust_perf4apps8pressure14pressure_calc2",746,104068459827225,104068459856985,0,0,12,4,32,256,1,1,1000192,1,1
"KERNEL_DISPATCH","Agent 4",1,0,205911,747,2,"_RNvNtNtC9rust_perf4apps8pressure14pressure_calc1",747,104068459869145,104068459886426,0,0,8,0,32,256,1,1,1000192,1,1
"KERNEL_DISPATCH","Agent 4",1,0,205911,748,1,"_RNvNtNtC9rust_perf4apps8pressure14pressure_calc2",748,104068459896666,104068459927066,0,0,12,4,32,256,1,1,1000192,1,1
"KERNEL_DISPATCH","Agent 4",1,0,205911,749,2,"_RNvNtNtC9rust_perf4apps8pressure14pressure_calc1",749,104068459939386,104068459956826,0,0,8,0,32,256,1,1,1000192,1,1
"KERNEL_DISPATCH","Agent 4",1,0,205911,750,1,"_RNvNtNtC9rust_perf4apps8pressure14pressure_calc2",750,104068459968346,104068459998426,0,0,12,4,32,256,1,1,1000192,1,1
"KERNEL_DISPATCH","Agent 4",1,0,205911,751,2,"_RNvNtNtC9rust_perf4apps8pressure14pressure_calc1",751,104068460008346,104068460025946,0,0,8,0,32,256,1,1,1000192,1,1
"KERNEL_DISPATCH","Agent 4",1,0,205911,752,1,"_RNvNtNtC9rust_perf4apps8pressure14pressure_calc2",752,104068460037946,104068460067866,0,0,12,4,32,256,1,1,1000192,1,1
"KERNEL_DISPATCH","Agent 4",1,0,205911,753,2,"_RNvNtNtC9rust_perf4apps8pressure14pressure_calc1",753,104068460077946,104068460095866,0,0,8,0,32,256,1,1,1000192,1,1
"KERNEL_DISPATCH","Agent 4",1,0,205911,754,1,"_RNvNtNtC9rust_perf4apps8pressure14pressure_calc2",754,104068460107547,104068460137307,0,0,12,4,32,256,1,1,1000192,1,1
"KERNEL_DISPATCH","Agent 4",1,0,205911,755,2,"_RNvNtNtC9rust_perf4apps8pressure14pressure_calc1",755,104068460147867,104068460165147,0,0,8,0,32,256,1,1,1000192,1,1
"KERNEL_DISPATCH","Agent 4",1,0,205911,756,1,"_RNvNtNtC9rust_perf4apps8pressure14pressure_calc2",756,104068460176987,104068460207227,0,0,12,4,32,256,1,1,1000192,1,1
"KERNEL_DISPATCH","Agent 4",1,0,205911,757,2,"_RNvNtNtC9rust_perf4apps8pressure14pressure_calc1",757,104068460217147,104068460234587,0,0,8,0,32,256,1,1,1000192,1,1
"KERNEL_DISPATCH","Agent 4",1,0,205911,758,1,"_RNvNtNtC9rust_perf4apps8pressure14pressure_calc2",758,104068460246747,104068460276507,0,0,12,4,32,256,1,1,1000192,1,1
"KERNEL_DISPATCH","Agent 4",1,0,205911,759,2,"_RNvNtNtC9rust_perf4apps8pressure14pressure_calc1",759,104068460286587,104068460303867,0,0,8,0,32,256,1,1,1000192,1,1
"KERNEL_DISPATCH","Agent 4",1,0,205911,760,1,"_RNvNtNtC9rust_perf4apps8pressure14pressure_calc2",760,104068460313947,104068460344188,0,0,12,4,32,256,1,1,1000192,1,1
"KERNEL_DISPATCH","Agent 4",1,0,205911,761,2,"_RNvNtNtC9rust_perf4apps8pressure14pressure_calc1",761,104068460354108,104068460371548,0,0,8,0,32,256,1,1,1000192,1,1
"KERNEL_DISPATCH","Agent 4",1,0,205911,762,1,"_RNvNtNtC9rust_perf4apps8pressure14pressure_calc2",762,104068460383388,104068460413148,0,0,12,4,32,256,1,1,1000192,1,1
"KERNEL_DISPATCH","Agent 4",1,0,205911,763,2,"_RNvNtNtC9rust_perf4apps8pressure14pressure_calc1",763,104068460424668,104068460442108,0,0,8,0,32,256,1,1,1000192,1,1
"KERNEL_DISPATCH","Agent 4",1,0,205911,764,1,"_RNvNtNtC9rust_perf4apps8pressure14pressure_calc2",764,104068460452028,104068460481948,0,0,12,4,32,256,1,1,1000192,1,1
"KERNEL_DISPATCH","Agent 4",1,0,205911,765,2,"_RNvNtNtC9rust_perf4apps8pressure14pressure_calc1",765,104068460491868,104068460509148,0,0,8,0,32,256,1,1,1000192,1,1
"KERNEL_DISPATCH","Agent 4",1,0,205911,766,1,"_RNvNtNtC9rust_perf4apps8pressure14pressure_calc2",766,104068460519228,104068460549308,0,0,12,4,32,256,1,1,1000192,1,1
"KERNEL_DISPATCH","Agent 4",1,0,205911,767,2,"_RNvNtNtC9rust_perf4apps8pressure14pressure_calc1",767,104068460559388,104068460577149,0,0,8,0,32,256,1,1,1000192,1,1
"KERNEL_DISPATCH","Agent 4",1,0,205911,768,1,"_RNvNtNtC9rust_perf4apps8pressure14pressure_calc2",768,104068460587069,104068460617149,0,0,12,4,32,256,1,1,1000192,1,1
"KERNEL_DISPATCH","Agent 4",1,0,205911,769,2,"_RNvNtNtC9rust_perf4apps8pressure14pressure_calc1",769,104068460627229,104068460644829,0,0,8,0,32,256,1,1,1000192,1,1
"KERNEL_DISPATCH","Agent 4",1,0,205911,770,1,"_RNvNtNtC9rust_perf4apps8pressure14pressure_calc2",770,104068460654749,104068460684989,0,0,12,4,32,256,1,1,1000192,1,1
"KERNEL_DISPATCH","Agent 4",1,0,205911,771,2,"_RNvNtNtC9rust_perf4apps8pressure14pressure_calc1",771,104068460695069,104068460712829,0,0,8,0,32,256,1,1,1000192,1,1
"KERNEL_DISPATCH","Agent 4",1,0,205911,772,1,"_RNvNtNtC9rust_perf4apps8pressure14pressure_calc2",772,104068460724509,104068460754429,0,0,12,4,32,256,1,1,1000192,1,1
"KERNEL_DISPATCH","Agent 4",1,0,205911,773,2,"_RNvNtNtC9rust_perf4apps8pressure14pressure_calc1",773,104068460766429,104068460783709,0,0,8,0,32,256,1,1,1000192,1,1
"KERNEL_DISPATCH","Agent 4",1,0,205911,774,1,"_RNvNtNtC9rust_perf4apps8pressure14pressure_calc2",774,104068460793789,104068460823870,0,0,12,4,32,256,1,1,1000192,1,1
"KERNEL_DISPATCH","Agent 4",1,0,205911,775,2,"_RNvNtNtC9rust_perf4apps8pressure14pressure_calc1",775,104068460833950,104068460851390,0,0,8,0,32,256,1,1,1000192,1,1
"KERNEL_DISPATCH","Agent 4",1,0,205911,776,1,"_RNvNtNtC9rust_perf4apps8pressure14pressure_calc2",776,104068460861790,104068460891870,0,0,12,4,32,256,1,1,1000192,1,1
"KERNEL_DISPATCH","Agent 4",1,0,205911,777,2,"_RNvNtNtC9rust_perf4apps8pressure14pressure_calc1",777,104068460901790,104068460919550,0,0,8,0,32,256,1,1,1000192,1,1
"KERNEL_DISPATCH","Agent 4",1,0,205911,778,1,"_RNvNtNtC9rust_perf4apps8pressure14pressure_calc2",778,104068460929470,104068460959550,0,0,12,4,32,256,1,1,1000192,1,1
"KERNEL_DISPATCH","Agent 4",1,0,205911,779,2,"_RNvNtNtC9rust_perf4apps8pressure14pressure_calc1",779,104068460969630,104068460987230,0,0,8,0,32,256,1,1,1000192,1,1
"KERNEL_DISPATCH","Agent 4",1,0,205911,780,1,"_RNvNtNtC9rust_perf4apps8pressure14pressure_calc2",780,104068460997150,104068461027231,0,0,12,4,32,256,1,1,1000192,1,1
"KERNEL_DISPATCH","Agent 4",1,0,205911,781,2,"_RNvNtNtC9rust_perf4apps8pressure14pressure_calc1",781,104068461037151,104068461055071,0,0,8,0,32,256,1,1,1000192,1,1
"KERNEL_DISPATCH","Agent 4",1,0,205911,782,1,"_RNvNtNtC9rust_perf4apps8pressure14pressure_calc2",782,104068461066911,104068461096671,0,0,12,4,32,256,1,1,1000192,1,1
"KERNEL_DISPATCH","Agent 4",1,0,205911,783,2,"_RNvNtNtC9rust_perf4apps8pressure14pressure_calc1",783,104068461106591,104068461124031,0,0,8,0,32,256,1,1,1000192,1,1
"KERNEL_DISPATCH","Agent 4",1,0,205911,784,1,"_RNvNtNtC9rust_perf4apps8pressure14pressure_calc2",784,104068461135871,104068461165631,0,0,12,4,32,256,1,1,1000192,1,1
"KERNEL_DISPATCH","Agent 4",1,0,205911,785,2,"_RNvNtNtC9rust_perf4apps8pressure14pressure_calc1",785,104068461175711,104068461193151,0,0,8,0,32,256,1,1,1000192,1,1
"KERNEL_DISPATCH","Agent 4",1,0,205911,786,1,"_RNvNtNtC9rust_perf4apps8pressure14pressure_calc2",786,104068461204191,104068461234271,0,0,12,4,32,256,1,1,1000192,1,1
"KERNEL_DISPATCH","Agent 4",1,0,205911,787,2,"_RNvNtNtC9rust_perf4apps8pressure14pressure_calc1",787,104068461244511,104068461261952,0,0,8,0,32,256,1,1,1000192,1,1
"KERNEL_DISPATCH","Agent 4",1,0,205911,788,1,"_RNvNtNtC9rust_perf4apps8pressure14pressure_calc2",788,104068461273792,104068461303872,0,0,12,4,32,256,1,1,1000192,1,1
"KERNEL_DISPATCH","Agent 4",1,0,205911,789,2,"_RNvNtNtC9rust_perf4apps8pressure14pressure_calc1",789,104068461313952,104068461331232,0,0,8,0,32,256,1,1,1000192,1,1
"KERNEL_DISPATCH","Agent 4",1,0,205911,790,1,"_RNvNtNtC9rust_perf4apps8pressure14pressure_calc2",790,104068461343552,104068461373152,0,0,12,4,32,256,1,1,1000192,1,1
"KERNEL_DISPATCH","Agent 4",1,0,205911,791,2,"_RNvNtNtC9rust_perf4apps8pressure14pressure_calc1",791,104068461383232,104068461401152,0,0,8,0,32,256,1,1,1000192,1,1
"KERNEL_DISPATCH","Agent 4",1,0,205911,792,1,"_RNvNtNtC9rust_perf4apps8pressure14pressure_calc2",792,104068461411232,104068461441312,0,0,12,4,32,256,1,1,1000192,1,1
"KERNEL_DISPATCH","Agent 4",1,0,205911,793,2,"_RNvNtNtC9rust_perf4apps8pressure14pressure_calc1",793,104068461451392,104068461469152,0,0,8,0,32,256,1,1,1000192,1,1
"KERNEL_DISPATCH","Agent 4",1,0,205911,794,1,"_RNvNtNtC9rust_perf4apps8pressure14pressure_calc2",794,104068461479392,104068461509473,0,0,12,4,32,256,1,1,1000192,1,1
"KERNEL_DISPATCH","Agent 4",1,0,205911,795,2,"_RNvNtNtC9rust_perf4apps8pressure14pressure_calc1",795,104068461519553,104068461536993,0,0,8,0,32,256,1,1,1000192,1,1
"KERNEL_DISPATCH","Agent 4",1,0,205911,796,1,"_RNvNtNtC9rust_perf4apps8pressure14pressure_calc2",796,104068461547073,104068461577153,0,0,12,4,32,256,1,1,1000192,1,1
"KERNEL_DISPATCH","Agent 4",1,0,205911,797,2,"_RNvNtNtC9rust_perf4apps8pressure14pressure_calc1",797,104068461587233,104068461604673,0,0,8,0,32,256,1,1,1000192,1,1
"KERNEL_DISPATCH","Agent 4",1,0,205911,798,1,"_RNvNtNtC9rust_perf4apps8pressure14pressure_calc2",798,104068461614593,104068461644833,0,0,12,4,32,256,1,1,1000192,1,1
"KERNEL_DISPATCH","Agent 4",1,0,205911,799,2,"_RNvNtNtC9rust_perf4apps8pressure14pressure_calc1",799,104068461656673,104068461674113,0,0,8,0,32,256,1,1,1000192,1,1
"KERNEL_DISPATCH","Agent 4",1,0,205911,800,1,"_RNvNtNtC9rust_perf4apps8pressure14pressure_calc2",800,104068461684193,104068461714273,0,0,12,4,32,256,1,1,1000192,1,1
"KERNEL_DISPATCH","Agent 4",1,0,205911,801,2,"_RNvNtNtC9rust_perf4apps8pressure14pressure_calc1",801,104068461724194,104068461741474,0,0,8,0,32,256,1,1,1000192,1,1
"KERNEL_DISPATCH","Agent 4",1,0,205911,802,1,"_RNvNtNtC9rust_perf4apps8pressure14pressure_calc2",802,104068461751554,104068461781634,0,0,12,4,32,256,1,1,1000192,1,1
"KERNEL_DISPATCH","Agent 4",1,0,205911,803,2,"_RNvNtNtC9rust_perf4apps8pressure14pressure_calc1",803,104068461791554,104068461809474,0,0,8,0,32,256,1,1,1000192,1,1
"KERNEL_DISPATCH","Agent 4",1,0,205911,804,1,"_RNvNtNtC9rust_perf4apps8pressure14pressure_calc2",804,104068461819554,104068461849634,0,0,12,4,32,256,1,1,1000192,1,1
"KERNEL_DISPATCH","Agent 4",1,0,205911,805,2,"_RNvNtNtC9rust_perf4apps8pressure14pressure_calc1",805,104068461859714,104068461877154,0,0,8,0,32,256,1,1,1000192,1,1
"KERNEL_DISPATCH","Agent 4",1,0,205911,806,1,"_RNvNtNtC9rust_perf4apps8pressure14pressure_calc2",806,104068461887234,104068461917634,0,0,12,4,32,256,1,1,1000192,1,1
"KERNEL_DISPATCH","Agent 4",1,0,205911,807,2,"_RNvNtNtC9rust_perf4apps8pressure14pressure_calc1",807,104068461929474,104068461946914,0,0,8,0,32,256,1,1,1000192,1,1
"KERNEL_DISPATCH","Agent 4",1,0,205911,808,1,"_RNvNtNtC9rust_perf4apps8pressure14pressure_calc2",808,104068461956995,104068461986915,0,0,12,4,32,256,1,1,1000192,1,1
"KERNEL_DISPATCH","Agent 4",1,0,205911,809,2,"_RNvNtNtC9rust_perf4apps8pressure14pressure_calc1",809,104068461998915,104068462016995,0,0,8,0,32,256,1,1,1000192,1,1
"KERNEL_DISPATCH","Agent 4",1,0,205911,810,1,"_RNvNtNtC9rust_perf4apps8pressure14pressure_calc2",810,104068462027075,104068462057315,0,0,12,4,32,256,1,1,1000192,1,1
"KERNEL_DISPATCH","Agent 4",1,0,205911,811,2,"_RNvNtNtC9rust_perf4apps8pressure14pressure_calc1",811,104068462067395,104068462084995,0,0,8,0,32,256,1,1,1000192,1,1
"KERNEL_DISPATCH","Agent 4",1,0,205911,812,1,"_RNvNtNtC9rust_perf4apps8pressure14pressure_calc2",812,104068462096515,104068462126595,0,0,12,4,32,256,1,1,1000192,1,1
"KERNEL_DISPATCH","Agent 4",1,0,205911,813,2,"_RNvNtNtC9rust_perf4apps8pressure14pressure_calc1",813,104068462138275,104068462155715,0,0,8,0,32,256,1,1,1000192,1,1
"KERNEL_DISPATCH","Agent 4",1,0,205911,814,1,"_RNvNtNtC9rust_perf4apps8pressure14pressure_calc2",814,104068462167555,104068462197476,0,0,12,4,32,256,1,1,1000192,1,1
"KERNEL_DISPATCH","Agent 4",1,0,205911,815,2,"_RNvNtNtC9rust_perf4apps8pressure14pressure_calc1",815,104068462209636,104068462227076,0,0,8,0,32,256,1,1,1000192,1,1
"KERNEL_DISPATCH","Agent 4",1,0,205911,816,1,"_RNvNtNtC9rust_perf4apps8pressure14pressure_calc2",816,104068462237316,104068462267396,0,0,12,4,32,256,1,1,1000192,1,1
"KERNEL_DISPATCH","Agent 4",1,0,205911,817,2,"_RNvNtNtC9rust_perf4apps8pressure14pressure_calc1",817,104068462279236,104068462296836,0,0,8,0,32,256,1,1,1000192,1,1
"KERNEL_DISPATCH","Agent 4",1,0,205911,818,1,"_RNvNtNtC9rust_perf4apps8pressure14pressure_calc2",818,104068462308676,104068462338596,0,0,12,4,32,256,1,1,1000192,1,1
"KERNEL_DISPATCH","Agent 4",1,0,205911,819,2,"_RNvNtNtC9rust_perf4apps8pressure14pressure_calc1",819,104068462348676,104068462366116,0,0,8,0,32,256,1,1,1000192,1,1
"KERNEL_DISPATCH","Agent 4",1,0,205911,820,1,"_RNvNtNtC9rust_perf4apps8pressure14pressure_calc2",820,104068462376196,104068462406436,0,0,12,4,32,256,1,1,1000192,1,1
"KERNEL_DISPATCH","Agent 4",1,0,205911,821,2,"_RNvNtNtC9rust_perf4apps8pressure14pressure_calc1",821,104068462416357,104068462434277,0,0,8,0,32,256,1,1,1000192,1,1
"KERNEL_DISPATCH","Agent 4",1,0,205911,822,1,"_RNvNtNtC9rust_perf4apps8pressure14pressure_calc2",822,104068462446757,104068462476677,0,0,12,4,32,256,1,1,1000192,1,1
"KERNEL_DISPATCH","Agent 4",1,0,205911,823,2,"_RNvNtNtC9rust_perf4apps8pressure14pressure_calc1",823,104068462486757,104068462504357,0,0,8,0,32,256,1,1,1000192,1,1
"KERNEL_DISPATCH","Agent 4",1,0,205911,824,1,"_RNvNtNtC9rust_perf4apps8pressure14pressure_calc2",824,104068462514437,104068462544677,0,0,12,4,32,256,1,1,1000192,1,1
"KERNEL_DISPATCH","Agent 4",1,0,205911,825,2,"_RNvNtNtC9rust_perf4apps8pressure14pressure_calc1",825,104068462554757,104068462572357,0,0,8,0,32,256,1,1,1000192,1,1
"KERNEL_DISPATCH","Agent 4",1,0,205911,826,1,"_RNvNtNtC9rust_perf4apps8pressure14pressure_calc2",826,104068462582437,104068462612197,0,0,12,4,32,256,1,1,1000192,1,1
"KERNEL_DISPATCH","Agent 4",1,0,205911,827,2,"_RNvNtNtC9rust_perf4apps8pressure14pressure_calc1",827,104068462623877,104068462641477,0,0,8,0,32,256,1,1,1000192,1,1
"KERNEL_DISPATCH","Agent 4",1,0,205911,828,1,"_RNvNtNtC9rust_perf4apps8pressure14pressure_calc2",828,104068462653478,104068462683398,0,0,12,4,32,256,1,1,1000192,1,1
"KERNEL_DISPATCH","Agent 4",1,0,205911,829,2,"_RNvNtNtC9rust_perf4apps8pressure14pressure_calc1",829,104068462693478,104068462710918,0,0,8,0,32,256,1,1,1000192,1,1
"KERNEL_DISPATCH","Agent 4",1,0,205911,830,1,"_RNvNtNtC9rust_perf4apps8pressure14pressure_calc2",830,104068462720998,104068462751238,0,0,12,4,32,256,1,1,1000192,1,1
"KERNEL_DISPATCH","Agent 4",1,0,205911,831,2,"_RNvNtNtC9rust_perf4apps8pressure14pressure_calc1",831,104068462761158,104068462778598,0,0,8,0,32,256,1,1,1000192,1,1
"KERNEL_DISPATCH","Agent 4",1,0,205911,832,1,"_RNvNtNtC9rust_perf4apps8pressure14pressure_calc2",832,104068462788518,104068462818598,0,0,12,4,32,256,1,1,1000192,1,1
"KERNEL_DISPATCH","Agent 4",1,0,205911,833,2,"_RNvNtNtC9rust_perf4apps8pressure14pressure_calc1",833,104068462828518,104068462845798,0,0,8,0,32,256,1,1,1000192,1,1
"KERNEL_DISPATCH","Agent 4",1,0,205911,834,1,"_RNvNtNtC9rust_perf4apps8pressure14pressure_calc2",834,104068462855878,104068462885639,0,0,12,4,32,256,1,1,1000192,1,1
"KERNEL_DISPATCH","Agent 4",1,0,205911,835,2,"_RNvNtNtC9rust_perf4apps8pressure14pressure_calc1",835,104068462895559,104068462912839,0,0,8,0,32,256,1,1,1000192,1,1
"KERNEL_DISPATCH","Agent 4",1,0,205911,836,1,"_RNvNtNtC9rust_perf4apps8pressure14pressure_calc2",836,104068462924679,104068462954599,0,0,12,4,32,256,1,1,1000192,1,1
"KERNEL_DISPATCH","Agent 4",1,0,205911,837,2,"_RNvNtNtC9rust_perf4apps8pressure14pressure_calc1",837,104068462965319,104068462982759,0,0,8,0,32,256,1,1,1000192,1,1
"KERNEL_DISPATCH","Agent 4",1,0,205911,838,1,"_RNvNtNtC9rust_perf4apps8pressure14pressure_calc2",838,104068462992839,104068463022759,0,0,12,4,32,256,1,1,1000192,1,1
"KERNEL_DISPATCH","Agent 4",1,0,205911,839,2,"_RNvNtNtC9rust_perf4apps8pressure14pressure_calc1",839,104068463034759,104068463052519,0,0,8,0,32,256,1,1,1000192,1,1
"KERNEL_DISPATCH","Agent 4",1,0,205911,840,1,"_RNvNtNtC9rust_perf4apps8pressure14pressure_calc2",840,104068463062439,104068463092519,0,0,12,4,32,256,1,1,1000192,1,1
"KERNEL_DISPATCH","Agent 4",1,0,205911,841,2,"_RNvNtNtC9rust_perf4apps8pressure14pressure_calc1",841,104068463102439,104068463120200,0,0,8,0,32,256,1,1,1000192,1,1
"KERNEL_DISPATCH","Agent 4",1,0,205911,842,1,"_RNvNtNtC9rust_perf4apps8pressure14pressure_calc2",842,104068463130280,104068463160040,0,0,12,4,32,256,1,1,1000192,1,1
"KERNEL_DISPATCH","Agent 4",1,0,205911,843,2,"_RNvNtNtC9rust_perf4apps8pressure14pressure_calc1",843,104068463170120,104068463187720,0,0,8,0,32,256,1,1,1000192,1,1
"KERNEL_DISPATCH","Agent 4",1,0,205911,844,1,"_RNvNtNtC9rust_perf4apps8pressure14pressure_calc2",844,104068463197800,104068463227880,0,0,12,4,32,256,1,1,1000192,1,1
"KERNEL_DISPATCH","Agent 4",1,0,205911,845,2,"_RNvNtNtC9rust_perf4apps8pressure14pressure_calc1",845,104068463237800,104068463255240,0,0,8,0,32,256,1,1,1000192,1,1
"KERNEL_DISPATCH","Agent 4",1,0,205911,846,1,"_RNvNtNtC9rust_perf4apps8pressure14pressure_calc2",846,104068463266600,104068463296360,0,0,12,4,32,256,1,1,1000192,1,1
"KERNEL_DISPATCH","Agent 4",1,0,205911,847,2,"_RNvNtNtC9rust_perf4apps8pressure14pressure_calc1",847,104068463306280,104068463323560,0,0,8,0,32,256,1,1,1000192,1,1
"KERNEL_DISPATCH","Agent 4",1,0,205911,848,1,"_RNvNtNtC9rust_perf4apps8pressure14pressure_calc2",848,104068463333640,104068463364041,0,0,12,4,32,256,1,1,1000192,1,1
"KERNEL_DISPATCH","Agent 4",1,0,205911,849,2,"_RNvNtNtC9rust_perf4apps8pressure14pressure_calc1",849,104068463374281,104068463391241,0,0,8,0,32,256,1,1,1000192,1,1
"KERNEL_DISPATCH","Agent 4",1,0,205911,850,1,"_RNvNtNtC9rust_perf4apps8pressure14pressure_calc2",850,104068463401321,104068463431241,0,0,12,4,32,256,1,1,1000192,1,1
"KERNEL_DISPATCH","Agent 4",1,0,205911,851,2,"_RNvNtNtC9rust_perf4apps8pressure14pressure_calc1",851,104068463441641,104068463459081,0,0,8,0,32,256,1,1,1000192,1,1
"KERNEL_DISPATCH","Agent 4",1,0,205911,852,1,"_RNvNtNtC9rust_perf4apps8pressure14pressure_calc2",852,104068463469161,104068463499081,0,0,12,4,32,256,1,1,1000192,1,1
"KERNEL_DISPATCH","Agent 4",1,0,205911,853,2,"_RNvNtNtC9rust_perf4apps8pressure14pressure_calc1",853,104068463511241,104068463528361,0,0,8,0,32,256,1,1,1000192,1,1
"KERNEL_DISPATCH","Agent 4",1,0,205911,854,1,"_RNvNtNtC9rust_perf4apps8pressure14pressure_calc2",854,104068463540681,104068463570442,0,0,12,4,32,256,1,1,1000192,1,1
"KERNEL_DISPATCH","Agent 4",1,0,205911,855,2,"_RNvNtNtC9rust_perf4apps8pressure14pressure_calc1",855,104068463581962,104068463599242,0,0,8,0,32,256,1,1,1000192,1,1
"KERNEL_DISPATCH","Agent 4",1,0,205911,856,1,"_RNvNtNtC9rust_perf4apps8pressure14pressure_calc2",856,104068463610922,104068463640522,0,0,12,4,32,256,1,1,1000192,1,1
"KERNEL_DISPATCH","Agent 4",1,0,205911,857,2,"_RNvNtNtC9rust_perf4apps8pressure14pressure_calc1",857,104068463652522,104068463669802,0,0,8,0,32,256,1,1,1000192,1,1
"KERNEL_DISPATCH","Agent 4",1,0,205911,858,1,"_RNvNtNtC9rust_perf4apps8pressure14pressure_calc2",858,104068463679882,104068463709962,0,0,12,4,32,256,1,1,1000192,1,1
"KERNEL_DISPATCH","Agent 4",1,0,205911,859,2,"_RNvNtNtC9rust_perf4apps8pressure14pressure_calc1",859,104068463720042,104068463738122,0,0,8,0,32,256,1,1,1000192,1,1
"KERNEL_DISPATCH","Agent 4",1,0,205911,860,1,"_RNvNtNtC9rust_perf4apps8pressure14pressure_calc2",860,104068463748202,104068463778282,0,0,12,4,32,256,1,1,1000192,1,1
"KERNEL_DISPATCH","Agent 4",1,0,205911,861,2,"_RNvNtNtC9rust_perf4apps8pressure14pressure_calc1",861,104068463788362,104068463806283,0,0,8,0,32,256,1,1,1000192,1,1
"KERNEL_DISPATCH","Agent 4",1,0,205911,862,1,"_RNvNtNtC9rust_perf4apps8pressure14pressure_calc2",862,104068463816363,104068463846603,0,0,12,4,32,256,1,1,1000192,1,1
"KERNEL_DISPATCH","Agent 4",1,0,205911,863,2,"_RNvNtNtC9rust_perf4apps8pressure14pressure_calc1",863,104068463856523,104068463874283,0,0,8,0,32,256,1,1,1000192,1,1
"KERNEL_DISPATCH","Agent 4",1,0,205911,864,1,"_RNvNtNtC9rust_perf4apps8pressure14pressure_calc2",864,104068463886123,104068463916043,0,0,12,4,32,256,1,1,1000192,1,1
"KERNEL_DISPATCH","Agent 4",1,0,205911,865,2,"_RNvNtNtC9rust_perf4apps8pressure14pressure_calc1",865,104068463925963,104068463943563,0,0,8,0,32,256,1,1,1000192,1,1
"KERNEL_DISPATCH","Agent 4",1,0,205911,866,1,"_RNvNtNtC9rust_perf4apps8pressure14pressure_calc2",866,104068463953483,104068463983403,0,0,12,4,32,256,1,1,1000192,1,1
"KERNEL_DISPATCH","Agent 4",1,0,205911,867,2,"_RNvNtNtC9rust_perf4apps8pressure14pressure_calc1",867,104068463993323,104068464010763,0,0,8,0,32,256,1,1,1000192,1,1
"KERNEL_DISPATCH","Agent 4",1,0,205911,868,1,"_RNvNtNtC9rust_perf4apps8pressure14pressure_calc2",868,104068464022603,104068464052844,0,0,12,4,32,256,1,1,1000192,1,1
"KERNEL_DISPATCH","Agent 4",1,0,205911,869,2,"_RNvNtNtC9rust_perf4apps8pressure14pressure_calc1",869,104068464062764,104068464080204,0,0,8,0,32,256,1,1,1000192,1,1
"KERNEL_DISPATCH","Agent 4",1,0,205911,870,1,"_RNvNtNtC9rust_perf4apps8pressure14pressure_calc2",870,104068464090284,104068464120524,0,0,12,4,32,256,1,1,1000192,1,1
"KERNEL_DISPATCH","Agent 4",1,0,205911,871,2,"_RNvNtNtC9rust_perf4apps8pressure14pressure_calc1",871,104068464132684,104068464150284,0,0,8,0,32,256,1,1,1000192,1,1
"KERNEL_DISPATCH","Agent 4",1,0,205911,872,1,"_RNvNtNtC9rust_perf4apps8pressure14pressure_calc2",872,104068464160204,104068464190124,0,0,12,4,32,256,1,1,1000192,1,1
"KERNEL_DISPATCH","Agent 4",1,0,205911,873,2,"_RNvNtNtC9rust_perf4apps8pressure14pressure_calc1",873,104068464200044,104068464217484,0,0,8,0,32,256,1,1,1000192,1,1
"KERNEL_DISPATCH","Agent 4",1,0,205911,874,1,"_RNvNtNtC9rust_perf4apps8pressure14pressure_calc2",874,104068464227404,104068464257324,0,0,12,4,32,256,1,1,1000192,1,1
"KERNEL_DISPATCH","Agent 4",1,0,205911,875,2,"_RNvNtNtC9rust_perf4apps8pressure14pressure_calc1",875,104068464269485,104068464286925,0,0,8,0,32,256,1,1,1000192,1,1
"KERNEL_DISPATCH","Agent 4",1,0,205911,876,1,"_RNvNtNtC9rust_perf4apps8pressure14pressure_calc2",876,104068464298125,104068464328685,0,0,12,4,32,256,1,1,1000192,1,1
"KERNEL_DISPATCH","Agent 4",1,0,205911,877,2,"_RNvNtNtC9rust_perf4apps8pressure14pressure_calc1",877,104068464338605,104068464356365,0,0,8,0,32,256,1,1,1000192,1,1
"KERNEL_DISPATCH","Agent 4",1,0,205911,878,1,"_RNvNtNtC9rust_perf4apps8pressure14pressure_calc2",878,104068464368045,104068464397965,0,0,12,4,32,256,1,1,1000192,1,1
"KERNEL_DISPATCH","Agent 4",1,0,205911,879,2,"_RNvNtNtC9rust_perf4apps8pressure14pressure_calc1",879,104068464409965,104068464427565,0,0,8,0,32,256,1,1,1000192,1,1
"KERNEL_DISPATCH","Agent 4",1,0,205911,880,1,"_RNvNtNtC9rust_perf4apps8pressure14pressure_calc2",880,104068464439085,104068464469165,0,0,12,4,32,256,1,1,1000192,1,1
"KERNEL_DISPATCH","Agent 4",1,0,205911,881,2,"_RNvNtNtC9rust_perf4apps8pressure14pressure_calc1",881,104068464479565,104068464496686,0,0,8,0,32,256,1,1,1000192,1,1
"KERNEL_DISPATCH","Agent 4",1,0,205911,882,1,"_RNvNtNtC9rust_perf4apps8pressure14pressure_calc2",882,104068464506766,104068464536846,0,0,12,4,32,256,1,1,1000192,1,1
"KERNEL_DISPATCH","Agent 4",1,0,205911,883,2,"_RNvNtNtC9rust_perf4apps8pressure14pressure_calc1",883,104068464546926,104068464564686,0,0,8,0,32,256,1,1,1000192,1,1
"KERNEL_DISPATCH","Agent 4",1,0,205911,884,1,"_RNvNtNtC9rust_perf4apps8pressure14pressure_calc2",884,104068464576526,104068464606126,0,0,12,4,32,256,1,1,1000192,1,1
"KERNEL_DISPATCH","Agent 4",1,0,205911,885,2,"_RNvNtNtC9rust_perf4apps8pressure14pressure_calc1",885,104068464618126,104068464635406,0,0,8,0,32,256,1,1,1000192,1,1
"KERNEL_DISPATCH","Agent 4",1,0,205911,886,1,"_RNvNtNtC9rust_perf4apps8pressure14pressure_calc2",886,104068464645966,104068464675726,0,0,12,4,32,256,1,1,1000192,1,1
"KERNEL_DISPATCH","Agent 4",1,0,205911,887,2,"_RNvNtNtC9rust_perf4apps8pressure14pressure_calc1",887,104068464685646,104068464703566,0,0,8,0,32,256,1,1,1000192,1,1
"KERNEL_DISPATCH","Agent 4",1,0,205911,888,1,"_RNvNtNtC9rust_perf4apps8pressure14pressure_calc2",888,104068464713486,104068464743247,0,0,12,4,32,256,1,1,1000192,1,1
"KERNEL_DISPATCH","Agent 4",1,0,205911,889,2,"_RNvNtNtC9rust_perf4apps8pressure14pressure_calc1",889,104068464754927,104068464772527,0,0,8,0,32,256,1,1,1000192,1,1
"KERNEL_DISPATCH","Agent 4",1,0,205911,890,1,"_RNvNtNtC9rust_perf4apps8pressure14pressure_calc2",890,104068464782607,104068464812687,0,0,12,4,32,256,1,1,1000192,1,1
"KERNEL_DISPATCH","Agent 4",1,0,205911,891,2,"_RNvNtNtC9rust_perf4apps8pressure14pressure_calc1",891,104068464822767,104068464840527,0,0,8,0,32,256,1,1,1000192,1,1
"KERNEL_DISPATCH","Agent 4",1,0,205911,892,1,"_RNvNtNtC9rust_perf4apps8pressure14pressure_calc2",892,104068464850447,104068464880527,0,0,12,4,32,256,1,1,1000192,1,1
"KERNEL_DISPATCH","Agent 4",1,0,205911,893,2,"_RNvNtNtC9rust_perf4apps8pressure14pressure_calc1",893,104068464890447,104068464908047,0,0,8,0,32,256,1,1,1000192,1,1
"KERNEL_DISPATCH","Agent 4",1,0,205911,894,1,"_RNvNtNtC9rust_perf4apps8pressure14pressure_calc2",894,104068464918127,104068464948207,0,0,12,4,32,256,1,1,1000192,1,1
"KERNEL_DISPATCH","Agent 4",1,0,205911,895,2,"_RNvNtNtC9rust_perf4apps8pressure14pressure_calc1",895,104068464958128,104068464975408,0,0,8,0,32,256,1,1,1000192,1,1
"KERNEL_DISPATCH","Agent 4",1,0,205911,896,1,"_RNvNtNtC9rust_perf4apps8pressure14pressure_calc2",896,104068464987248,104068465017488,0,0,12,4,32,256,1,1,1000192,1,1
"KERNEL_DISPATCH","Agent 4",1,0,205911,897,2,"_RNvNtNtC9rust_perf4apps8pressure14pressure_calc1",897,104068465029808,104068465047248,0,0,8,0,32,256,1,1,1000192,1,1
"KERNEL_DISPATCH","Agent 4",1,0,205911,898,1,"_RNvNtNtC9rust_perf4apps8pressure14pressure_calc2",898,104068465059728,104068465089488,0,0,12,4,32,256,1,1,1000192,1,1
"KERNEL_DISPATCH","Agent 4",1,0,205911,899,2,"_RNvNtNtC9rust_perf4apps8pressure14pressure_calc1",899,104068465099568,104068465117168,0,0,8,0,32,256,1,1,1000192,1,1
"KERNEL_DISPATCH","Agent 4",1,0,205911,900,1,"_RNvNtNtC9rust_perf4apps8pressure14pressure_calc2",900,104068465127088,104068465157008,0,0,12,4,32,256,1,1,1000192,1,1
"KERNEL_DISPATCH","Agent 4",1,0,205911,901,2,"_RNvNtNtC9rust_perf4apps8pressure14pressure_calc1",901,104068465167088,104068465185008,0,0,8,0,32,256,1,1,1000192,1,1
"KERNEL_DISPATCH","Agent 4",1,0,205911,902,1,"_RNvNtNtC9rust_perf4apps8pressure14pressure_calc2",902,104068465194929,104068465224849,0,0,12,4,32,256,1,1,1000192,1,1
"KERNEL_DISPATCH","Agent 4",1,0,205911,903,2,"_RNvNtNtC9rust_perf4apps8pressure14pressure_calc1",903,104068465236049,104068465253489,0,0,8,0,32,256,1,1,1000192,1,1
"KERNEL_DISPATCH","Agent 4",1,0,205911,904,1,"_RNvNtNtC9rust_perf4apps8pressure14pressure_calc2",904,104068465263409,104068465293489,0,0,12,4,32,256,1,1,1000192,1,1
"KERNEL_DISPATCH","Agent 4",1,0,205911,905,2,"_RNvNtNtC9rust_perf4apps8pressure14pressure_calc1",905,104068465303569,104068465320849,0,0,8,0,32,256,1,1,1000192,1,1
"KERNEL_DISPATCH","Agent 4",1,0,205911,906,1,"_RNvNtNtC9rust_perf4apps8pressure14pressure_calc2",906,104068465330929,104068465360689,0,0,12,4,32,256,1,1,1000192,1,1
"KERNEL_DISPATCH","Agent 4",1,0,205911,907,2,"_RNvNtNtC9rust_perf4apps8pressure14pressure_calc1",907,104068465370769,104068465387889,0,0,8,0,32,256,1,1,1000192,1,1
"KERNEL_DISPATCH","Agent 4",1,0,205911,908,1,"_RNvNtNtC9rust_perf4apps8pressure14pressure_calc2",908,104068465397969,104068465428050,0,0,12,4,32,256,1,1,1000192,1,1
"KERNEL_DISPATCH","Agent 4",1,0,205911,909,2,"_RNvNtNtC9rust_perf4apps8pressure14pressure_calc1",909,104068465439890,104068465457330,0,0,8,0,32,256,1,1,1000192,1,1
"KERNEL_DISPATCH","Agent 4",1,0,205911,910,1,"_RNvNtNtC9rust_perf4apps8pressure14pressure_calc2",910,104068465467890,104068465498290,0,0,12,4,32,256,1,1,1000192,1,1
"KERNEL_DISPATCH","Agent 4",1,0,205911,911,2,"_RNvNtNtC9rust_perf4apps8pressure14pressure_calc1",911,104068465508210,104068465525970,0,0,8,0,32,256,1,1,1000192,1,1
"KERNEL_DISPATCH","Agent 4",1,0,205911,912,1,"_RNvNtNtC9rust_perf4apps8pressure14pressure_calc2",912,104068465537970,104068465567890,0,0,12,4,32,256,1,1,1000192,1,1
"KERNEL_DISPATCH","Agent 4",1,0,205911,913,2,"_RNvNtNtC9rust_perf4apps8pressure14pressure_calc1",913,104068465579570,104068465596690,0,0,8,0,32,256,1,1,1000192,1,1
"KERNEL_DISPATCH","Agent 4",1,0,205911,914,1,"_RNvNtNtC9rust_perf4apps8pressure14pressure_calc2",914,104068465606770,104068465636530,0,0,12,4,32,256,1,1,1000192,1,1
"KERNEL_DISPATCH","Agent 4",1,0,205911,915,2,"_RNvNtNtC9rust_perf4apps8pressure14pressure_calc1",915,104068465646930,104068465664691,0,0,8,0,32,256,1,1,1000192,1,1
"KERNEL_DISPATCH","Agent 4",1,0,205911,916,1,"_RNvNtNtC9rust_perf4apps8pressure14pressure_calc2",916,104068465676211,104068465706291,0,0,12,4,32,256,1,1,1000192,1,1
"KERNEL_DISPATCH","Agent 4",1,0,205911,917,2,"_RNvNtNtC9rust_perf4apps8pressure14pressure_calc1",917,104068465716371,104068465734291,0,0,8,0,32,256,1,1,1000192,1,1
"KERNEL_DISPATCH","Agent 4",1,0,205911,918,1,"_RNvNtNtC9rust_perf4apps8pressure14pressure_calc2",918,104068465744211,104068465774131,0,0,12,4,32,256,1,1,1000192,1,1
"KERNEL_DISPATCH","Agent 4",1,0,205911,919,2,"_RNvNtNtC9rust_perf4apps8pressure14pressure_calc1",919,104068465784851,104068465802771,0,0,8,0,32,256,1,1,1000192,1,1
"KERNEL_DISPATCH","Agent 4",1,0,205911,920,1,"_RNvNtNtC9rust_perf4apps8pressure14pressure_calc2",920,104068465812851,104068465842931,0,0,12,4,32,256,1,1,1000192,1,1
"KERNEL_DISPATCH","Agent 4",1,0,205911,921,2,"_RNvNtNtC9rust_perf4apps8pressure14pressure_calc1",921,104068465854771,104068465872371,0,0,8,0,32,256,1,1,1000192,1,1
"KERNEL_DISPATCH","Agent 4",1,0,205911,922,1,"_RNvNtNtC9rust_perf4apps8pressure14pressure_calc2",922,104068465883892,104068465913972,0,0,12,4,32,256,1,1,1000192,1,1
"KERNEL_DISPATCH","Agent 4",1,0,205911,923,2,"_RNvNtNtC9rust_perf4apps8pressure14pressure_calc1",923,104068465925652,104068465943092,0,0,8,0,32,256,1,1,1000192,1,1
"KERNEL_DISPATCH","Agent 4",1,0,205911,924,1,"_RNvNtNtC9rust_perf4apps8pressure14pressure_calc2",924,104068465954132,104068465984052,0,0,12,4,32,256,1,1,1000192,1,1
"KERNEL_DISPATCH","Agent 4",1,0,205911,925,2,"_RNvNtNtC9rust_perf4apps8pressure14pressure_calc1",925,104068465994132,104068466011732,0,0,8,0,32,256,1,1,1000192,1,1
"KERNEL_DISPATCH","Agent 4",1,0,205911,926,1,"_RNvNtNtC9rust_perf4apps8pressure14pressure_calc2",926,104068466021812,104068466052052,0,0,12,4,32,256,1,1,1000192,1,1
"KERNEL_DISPATCH","Agent 4",1,0,205911,927,2,"_RNvNtNtC9rust_perf4apps8pressure14pressure_calc1",927,104068466061972,104068466079732,0,0,8,0,32,256,1,1,1000192,1,1
"KERNEL_DISPATCH","Agent 4",1,0,205911,928,1,"_RNvNtNtC9rust_perf4apps8pressure14pressure_calc2",928,104068466089652,104068466119893,0,0,12,4,32,256,1,1,1000192,1,1
"KERNEL_DISPATCH","Agent 4",1,0,205911,929,2,"_RNvNtNtC9rust_perf4apps8pressure14pressure_calc1",929,104068466129973,104068466147893,0,0,8,0,32,256,1,1,1000192,1,1
"KERNEL_DISPATCH","Agent 4",1,0,205911,930,1,"_RNvNtNtC9rust_perf4apps8pressure14pressure_calc2",930,104068466158453,104068466188533,0,0,12,4,32,256,1,1,1000192,1,1
"KERNEL_DISPATCH","Agent 4",1,0,205911,931,2,"_RNvNtNtC9rust_perf4apps8pressure14pressure_calc1",931,104068466198453,104068466216053,0,0,8,0,32,256,1,1,1000192,1,1
"KERNEL_DISPATCH","Agent 4",1,0,205911,932,1,"_RNvNtNtC9rust_perf4apps8pressure14pressure_calc2",932,104068466226133,104068466256053,0,0,12,4,32,256,1,1,1000192,1,1
"KERNEL_DISPATCH","Agent 4",1,0,205911,933,2,"_RNvNtNtC9rust_perf4apps8pressure14pressure_calc1",933,104068466267573,104068466284853,0,0,8,0,32,256,1,1,1000192,1,1
"KERNEL_DISPATCH","Agent 4",1,0,205911,934,1,"_RNvNtNtC9rust_perf4apps8pressure14pressure_calc2",934,104068466294773,104068466325013,0,0,12,4,32,256,1,1,1000192,1,1
"KERNEL_DISPATCH","Agent 4",1,0,205911,935,2,"_RNvNtNtC9rust_perf4apps8pressure14pressure_calc1",935,104068466335093,104068466352374,0,0,8,0,32,256,1,1,1000192,1,1
"KERNEL_DISPATCH","Agent 4",1,0,205911,936,1,"_RNvNtNtC9rust_perf4apps8pressure14pressure_calc2",936,104068466362294,104068466391894,0,0,12,4,32,256,1,1,1000192,1,1
"KERNEL_DISPATCH","Agent 4",1,0,205911,937,2,"_RNvNtNtC9rust_perf4apps8pressure14pressure_calc1",937,104068466402564,104068466420164,0,0,8,0,32,256,1,1,1000192,1,1
"KERNEL_DISPATCH","Agent 4",1,0,205911,938,1,"_RNvNtNtC9rust_perf4apps8pressure14pressure_calc2",938,104068466430084,104068466460324,0,0,12,4,32,256,1,1,1000192,1,1
"KERNEL_DISPATCH","Agent 4",1,0,205911,939,2,"_RNvNtNtC9rust_perf4apps8pressure14pressure_calc1",939,104068466470244,104068466487684,0,0,8,0,32,256,1,1,1000192,1,1
"KERNEL_DISPATCH","Agent 4",1,0,205911,940,1,"_RNvNtNtC9rust_perf4apps8pressure14pressure_calc2",940,104068466497764,104068466528324,0,0,12,4,32,256,1,1,1000192,1,1
"KERNEL_DISPATCH","Agent 4",1,0,205911,941,2,"_RNvNtNtC9rust_perf4apps8pressure14pressure_calc1",941,104068466538404,104068466555524,0,0,8,0,32,256,1,1,1000192,1,1
"KERNEL_DISPATCH","Agent 4",1,0,205911,942,1,"_RNvNtNtC9rust_perf4apps8pressure14pressure_calc2",942,104068466567364,104068466597444,0,0,12,4,32,256,1,1,1000192,1,1
"KERNEL_DISPATCH","Agent 4",1,0,205911,943,2,"_RNvNtNtC9rust_perf4apps8pressure14pressure_calc1",943,104068466607684,104068466625284,0,0,8,0,32,256,1,1,1000192,1,1
"KERNEL_DISPATCH","Agent 4",1,0,205911,944,1,"_RNvNtNtC9rust_perf4apps8pressure14pressure_calc2",944,104068466635204,104068466665444,0,0,12,4,32,256,1,1,1000192,1,1
"KERNEL_DISPATCH","Agent 4",1,0,205911,945,2,"_RNvNtNtC9rust_perf4apps8pressure14pressure_calc1",945,104068466675524,104068466693124,0,0,8,0,32,256,1,1,1000192,1,1
"KERNEL_DISPATCH","Agent 4",1,0,205911,946,1,"_RNvNtNtC9rust_perf4apps8pressure14pressure_calc2",946,104068466703205,104068466733125,0,0,12,4,32,256,1,1,1000192,1,1
"KERNEL_DISPATCH","Agent 4",1,0,205911,947,2,"_RNvNtNtC9rust_perf4apps8pressure14pressure_calc1",947,104068466744645,104068466762245,0,0,8,0,32,256,1,1,1000192,1,1
"KERNEL_DISPATCH","Agent 4",1,0,205911,948,1,"_RNvNtNtC9rust_perf4apps8pressure14pressure_calc2",948,104068466772325,104068466802245,0,0,12,4,32,256,1,1,1000192,1,1
"KERNEL_DISPATCH","Agent 4",1,0,205911,949,2,"_RNvNtNtC9rust_perf4apps8pressure14pressure_calc1",949,104068466812165,104068466829925,0,0,8,0,32,256,1,1,1000192,1,1
"KERNEL_DISPATCH","Agent 4",1,0,205911,950,1,"_RNvNtNtC9rust_perf4apps8pressure14pressure_calc2",950,104068466840005,104068466870245,0,0,12,4,32,256,1,1,1000192,1,1
"KERNEL_DISPATCH","Agent 4",1,0,205911,951,2,"_RNvNtNtC9rust_perf4apps8pressure14pressure_calc1",951,104068466880165,104068466897765,0,0,8,0,32,256,1,1,1000192,1,1
"KERNEL_DISPATCH","Agent 4",1,0,205911,952,1,"_RNvNtNtC9rust_perf4apps8pressure14pressure_calc2",952,104068466909925,104068466940005,0,0,12,4,32,256,1,1,1000192,1,1
"KERNEL_DISPATCH","Agent 4",1,0,205911,953,2,"_RNvNtNtC9rust_perf4apps8pressure14pressure_calc1",953,104068466950885,104068466968805,0,0,8,0,32,256,1,1,1000192,1,1
"KERNEL_DISPATCH","Agent 4",1,0,205911,954,1,"_RNvNtNtC9rust_perf4apps8pressure14pressure_calc2",954,104068466979845,104068467009606,0,0,12,4,32,256,1,1,1000192,1,1
"KERNEL_DISPATCH","Agent 4",1,0,205911,955,2,"_RNvNtNtC9rust_perf4apps8pressure14pressure_calc1",955,104068467019686,104068467037606,0,0,8,0,32,256,1,1,1000192,1,1
"KERNEL_DISPATCH","Agent 4",1,0,205911,956,1,"_RNvNtNtC9rust_perf4apps8pressure14pressure_calc2",956,104068467049926,104068467080326,0,0,12,4,32,256,1,1,1000192,1,1
"KERNEL_DISPATCH","Agent 4",1,0,205911,957,2,"_RNvNtNtC9rust_perf4apps8pressure14pressure_calc1",957,104068467092326,104068467109446,0,0,8,0,32,256,1,1,1000192,1,1
"KERNEL_DISPATCH","Agent 4",1,0,205911,958,1,"_RNvNtNtC9rust_perf4apps8pressure14pressure_calc2",958,104068467119366,104068467149446,0,0,12,4,32,256,1,1,1000192,1,1
"KERNEL_DISPATCH","Agent 4",1,0,205911,959,2,"_RNvNtNtC9rust_perf4apps8pressure14pressure_calc1",959,104068467159366,104068467176646,0,0,8,0,32,256,1,1,1000192,1,1
"KERNEL_DISPATCH","Agent 4",1,0,205911,960,1,"_RNvNtNtC9rust_perf4apps8pressure14pressure_calc2",960,104068467186566,104068467216326,0,0,12,4,32,256,1,1,1000192,1,1
"KERNEL_DISPATCH","Agent 4",1,0,205911,961,2,"_RNvNtNtC9rust_perf4apps8pressure14pressure_calc1",961,104068467228646,104068467246246,0,0,8,0,32,256,1,1,1000192,1,1
"KERNEL_DISPATCH","Agent 4",1,0,205911,962,1,"_RNvNtNtC9rust_perf4apps8pressure14pressure_calc2",962,104068467258086,104068467287847,0,0,12,4,32,256,1,1,1000192,1,1
"KERNEL_DISPATCH","Agent 4",1,0,205911,963,2,"_RNvNtNtC9rust_perf4apps8pressure14pressure_calc1",963,104068467300007,104068467317287,0,0,8,0,32,256,1,1,1000192,1,1
"KERNEL_DISPATCH","Agent 4",1,0,205911,964,1,"_RNvNtNtC9rust_perf4apps8pressure14pressure_calc2",964,104068467328807,104068467358407,0,0,12,4,32,256,1,1,1000192,1,1
"KERNEL_DISPATCH","Agent 4",1,0,205911,965,2,"_RNvNtNtC9rust_perf4apps8pressure14pressure_calc1",965,104068467370087,104068467387527,0,0,8,0,32,256,1,1,1000192,1,1
"KERNEL_DISPATCH","Agent 4",1,0,205911,966,1,"_RNvNtNtC9rust_perf4apps8pressure14pressure_calc2",966,104068467398887,104068467428487,0,0,12,4,32,256,1,1,1000192,1,1
"KERNEL_DISPATCH","Agent 4",1,0,205911,967,2,"_RNvNtNtC9rust_perf4apps8pressure14pressure_calc1",967,104068467438567,104068467456487,0,0,8,0,32,256,1,1,1000192,1,1
"KERNEL_DISPATCH","Agent 4",1,0,205911,968,1,"_RNvNtNtC9rust_perf4apps8pressure14pressure_calc2",968,104068467466407,104068467496327,0,0,12,4,32,256,1,1,1000192,1,1
"KERNEL_DISPATCH","Agent 4",1,0,205911,969,2,"_RNvNtNtC9rust_perf4apps8pressure14pressure_calc1",969,104068467506407,104068467524007,0,0,8,0,32,256,1,1,1000192,1,1
"KERNEL_DISPATCH","Agent 4",1,0,205911,970,1,"_RNvNtNtC9rust_perf4apps8pressure14pressure_calc2",970,104068467534087,104068467564008,0,0,12,4,32,256,1,1,1000192,1,1
"KERNEL_DISPATCH","Agent 4",1,0,205911,971,2,"_RNvNtNtC9rust_perf4apps8pressure14pressure_calc1",971,104068467573928,104068467591368,0,0,8,0,32,256,1,1,1000192,1,1
"KERNEL_DISPATCH","Agent 4",1,0,205911,972,1,"_RNvNtNtC9rust_perf4apps8pressure14pressure_calc2",972,104068467601288,104068467631368,0,0,12,4,32,256,1,1,1000192,1,1
"KERNEL_DISPATCH","Agent 4",1,0,205911,973,2,"_RNvNtNtC9rust_perf4apps8pressure14pressure_calc1",973,104068467643208,104068467660808,0,0,8,0,32,256,1,1,1000192,1,1
"KERNEL_DISPATCH","Agent 4",1,0,205911,974,1,"_RNvNtNtC9rust_perf4apps8pressure14pressure_calc2",974,104068467672488,104068467702728,0,0,12,4,32,256,1,1,1000192,1,1
"KERNEL_DISPATCH","Agent 4",1,0,205911,975,2,"_RNvNtNtC9rust_perf4apps8pressure14pressure_calc1",975,104068467713768,104068467730888,0,0,8,0,32,256,1,1,1000192,1,1
"KERNEL_DISPATCH","Agent 4",1,0,205911,976,1,"_RNvNtNtC9rust_perf4apps8pressure14pressure_calc2",976,104068467740968,104068467771208,0,0,12,4,32,256,1,1,1000192,1,1
"KERNEL_DISPATCH","Agent 4",1,0,205911,977,2,"_RNvNtNtC9rust_perf4apps8pressure14pressure_calc1",977,104068467783528,104068467800968,0,0,8,0,32,256,1,1,1000192,1,1
"KERNEL_DISPATCH","Agent 4",1,0,205911,978,1,"_RNvNtNtC9rust_perf4apps8pressure14pressure_calc2",978,104068467812808,104068467842729,0,0,12,4,32,256,1,1,1000192,1,1
"KERNEL_DISPATCH","Agent 4",1,0,205911,979,2,"_RNvNtNtC9rust_perf4apps8pressure14pressure_calc1",979,104068467852809,104068467870249,0,0,8,0,32,256,1,1,1000192,1,1
"KERNEL_DISPATCH","Agent 4",1,0,205911,980,1,"_RNvNtNtC9rust_perf4apps8pressure14pressure_calc2",980,104068467880489,104068467910409,0,0,12,4,32,256,1,1,1000192,1,1
"KERNEL_DISPATCH","Agent 4",1,0,205911,981,2,"_RNvNtNtC9rust_perf4apps8pressure14pressure_calc1",981,104068467920489,104068467937929,0,0,8,0,32,256,1,1,1000192,1,1
"KERNEL_DISPATCH","Agent 4",1,0,205911,982,1,"_RNvNtNtC9rust_perf4apps8pressure14pressure_calc2",982,104068467950249,104068467980489,0,0,12,4,32,256,1,1,1000192,1,1
"KERNEL_DISPATCH","Agent 4",1,0,205911,983,2,"_RNvNtNtC9rust_perf4apps8pressure14pressure_calc1",983,104068467991049,104068468008809,0,0,8,0,32,256,1,1,1000192,1,1
"KERNEL_DISPATCH","Agent 4",1,0,205911,984,1,"_RNvNtNtC9rust_perf4apps8pressure14pressure_calc2",984,104068468018889,104068468049129,0,0,12,4,32,256,1,1,1000192,1,1
"KERNEL_DISPATCH","Agent 4",1,0,205911,985,2,"_RNvNtNtC9rust_perf4apps8pressure14pressure_calc1",985,104068468059049,104068468076489,0,0,8,0,32,256,1,1,1000192,1,1
"KERNEL_DISPATCH","Agent 4",1,0,205911,986,1,"_RNvNtNtC9rust_perf4apps8pressure14pressure_calc2",986,104068468088169,104068468117930,0,0,12,4,32,256,1,1,1000192,1,1
"KERNEL_DISPATCH","Agent 4",1,0,205911,987,2,"_RNvNtNtC9rust_perf4apps8pressure14pressure_calc1",987,104068468128010,104068468145290,0,0,8,0,32,256,1,1,1000192,1,1
"KERNEL_DISPATCH","Agent 4",1,0,205911,988,1,"_RNvNtNtC9rust_perf4apps8pressure14pressure_calc2",988,104068468155370,104068468185290,0,0,12,4,32,256,1,1,1000192,1,1
"KERNEL_DISPATCH","Agent 4",1,0,205911,989,2,"_RNvNtNtC9rust_perf4apps8pressure14pressure_calc1",989,104068468195370,104068468212970,0,0,8,0,32,256,1,1,1000192,1,1
"KERNEL_DISPATCH","Agent 4",1,0,205911,990,1,"_RNvNtNtC9rust_perf4apps8pressure14pressure_calc2",990,104068468223050,104068468252970,0,0,12,4,32,256,1,1,1000192,1,1
"KERNEL_DISPATCH","Agent 4",1,0,205911,991,2,"_RNvNtNtC9rust_perf4apps8pressure14pressure_calc1",991,104068468262890,104068468280330,0,0,8,0,32,256,1,1,1000192,1,1
"KERNEL_DISPATCH","Agent 4",1,0,205911,992,1,"_RNvNtNtC9rust_perf4apps8pressure14pressure_calc2",992,104068468290250,104068468320330,0,0,12,4,32,256,1,1,1000192,1,1
"KERNEL_DISPATCH","Agent 4",1,0,205911,993,2,"_RNvNtNtC9rust_perf4apps8pressure14pressure_calc1",993,104068468330410,104068468348010,0,0,8,0,32,256,1,1,1000192,1,1
"KERNEL_DISPATCH","Agent 4",1,0,205911,994,1,"_RNvNtNtC9rust_perf4apps8pressure14pressure_calc2",994,104068468357930,104068468388011,0,0,12,4,32,256,1,1,1000192,1,1
"KERNEL_DISPATCH","Agent 4",1,0,205911,995,2,"_RNvNtNtC9rust_perf4apps8pressure14pressure_calc1",995,104068468398091,104068468415371,0,0,8,0,32,256,1,1,1000192,1,1
"KERNEL_DISPATCH","Agent 4",1,0,205911,996,1,"_RNvNtNtC9rust_perf4apps8pressure14pressure_calc2",996,104068468427051,104068468457131,0,0,12,4,32,256,1,1,1000192,1,1
"KERNEL_DISPATCH","Agent 4",1,0,205911,997,2,"_RNvNtNtC9rust_perf4apps8pressure14pressure_calc1",997,104068468467211,104068468484651,0,0,8,0,32,256,1,1,1000192,1,1
"KERNEL_DISPATCH","Agent 4",1,0,205911,998,1,"_RNvNtNtC9rust_perf4apps8pressure14pressure_calc2",998,104068468496491,104068468526571,0,0,12,4,32,256,1,1,1000192,1,1
"KERNEL_DISPATCH","Agent 4",1,0,205911,999,2,"_RNvNtNtC9rust_perf4apps8pressure14pressure_calc1",999,104068468536491,104068468554251,0,0,8,0,32,256,1,1,1000192,1,1
"KERNEL_DISPATCH","Agent 4",1,0,205911,1000,1,"_RNvNtNtC9rust_perf4apps8pressure14pressure_calc2",1000,104068468564171,104068468594091,0,0,12,4,32,256,1,1,1000192,1,1
"KERNEL_DISPATCH","Agent 4",1,0,205911,1001,2,"_RNvNtNtC9rust_perf4apps8pressure14pressure_calc1",1001,104068468604011,104068468621451,0,0,8,0,32,256,1,1,1000192,1,1
"KERNEL_DISPATCH","Agent 4",1,0,205911,1002,1,"_RNvNtNtC9rust_perf4apps8pressure14pressure_calc2",1002,104068468631531,104068468661612,0,0,12,4,32,256,1,1,1000192,1,1
"KERNEL_DISPATCH","Agent 4",1,0,205911,1003,2,"_RNvNtNtC9rust_perf4apps8pressure14pressure_calc1",1003,104068468671532,104068468688812,0,0,8,0,32,256,1,1,1000192,1,1
"KERNEL_DISPATCH","Agent 4",1,0,205911,1007,2,"_RNvNtNtC9rust_perf4apps8pressure14pressure_calc1",1007,104068468809772,104068468827692,0,0,8,0,32,256,1,1,1000192,1,1
"KERNEL_DISPATCH","Agent 4",1,0,205911,1006,1,"_RNvNtNtC9rust_perf4apps8pressure14pressure_calc2",1006,104068468769612,104068468799692,0,0,12,4,32,256,1,1,1000192,1,1
"KERNEL_DISPATCH","Agent 4",1,0,205911,1005,2,"_RNvNtNtC9rust_perf4apps8pressure14pressure_calc1",1005,104068468740332,104068468757932,0,0,8,0,32,256,1,1,1000192,1,1
"KERNEL_DISPATCH","Agent 4",1,0,205911,1004,1,"_RNvNtNtC9rust_perf4apps8pressure14pressure_calc2",1004,104068468700652,104068468730412,0,0,12,4,32,256,1,1,1000192,1,1
"KERNEL_DISPATCH","Agent 4",1,0,205911,1008,1,"_RNvNtNtC9rust_perf4apps8pressure14pressure_calc2",1008,104068468837612,104068468867852,0,0,12,4,32,256,1,1,1000192,1,1
"KERNEL_DISPATCH","Agent 4",1,0,205911,1009,2,"_RNvNtNtC9rust_perf4apps8pressure14pressure_calc1",1009,104068468879692,104068468897132,0,0,8,0,32,256,1,1,1000192,1,1
"KERNEL_DISPATCH","Agent 4",1,0,205911,1010,1,"_RNvNtNtC9rust_perf4apps8pressure14pressure_calc2",1010,104068468908972,104068468939053,0,0,12,4,32,256,1,1,1000192,1,1
"KERNEL_DISPATCH","Agent 4",1,0,205911,1011,2,"_RNvNtNtC9rust_perf4apps8pressure14pressure_calc1",1011,104068468949293,104068468966573,0,0,8,0,32,256,1,1,1000192,1,1
"KERNEL_DISPATCH","Agent 4",1,0,205911,1012,1,"_RNvNtNtC9rust_perf4apps8pressure14pressure_calc2",1012,104068468976493,104068469006573,0,0,12,4,32,256,1,1,1000192,1,1
"KERNEL_DISPATCH","Agent 4",1,0,205911,1013,2,"_RNvNtNtC9rust_perf4apps8pressure14pressure_calc1",1013,104068469016653,104068469034093,0,0,8,0,32,256,1,1,1000192,1,1
"KERNEL_DISPATCH","Agent 4",1,0,205911,1014,1,"_RNvNtNtC9rust_perf4apps8pressure14pressure_calc2",1014,104068469047053,104068469077613,0,0,12,4,32,256,1,1,1000192,1,1
"KERNEL_DISPATCH","Agent 4",1,0,205911,1015,2,"_RNvNtNtC9rust_perf4apps8pressure14pressure_calc1",1015,104068469087533,104068469104973,0,0,8,0,32,256,1,1,1000192,1,1
"KERNEL_DISPATCH","Agent 4",1,0,205911,1016,1,"_RNvNtNtC9rust_perf4apps8pressure14pressure_calc2",1016,104068469115053,104068469144813,0,0,12,4,32,256,1,1,1000192,1,1
"KERNEL_DISPATCH","Agent 4",1,0,205911,1017,2,"_RNvNtNtC9rust_perf4apps8pressure14pressure_calc1",1017,104068469155373,104068469172973,0,0,8,0,32,256,1,1,1000192,1,1
"KERNEL_DISPATCH","Agent 4",1,0,205911,1018,1,"_RNvNtNtC9rust_perf4apps8pressure14pressure_calc2",1018,104068469183853,104068469213774,0,0,12,4,32,256,1,1,1000192,1,1
"KERNEL_DISPATCH","Agent 4",1,0,205911,1019,2,"_RNvNtNtC9rust_perf4apps8pressure14pressure_calc1",1019,104068469224174,104068469241934,0,0,8,0,32,256,1,1,1000192,1,1
"KERNEL_DISPATCH","Agent 4",1,0,205911,1020,1,"_RNvNtNtC9rust_perf4apps8pressure14pressure_calc2",1020,104068469253454,104068469283534,0,0,12,4,32,256,1,1,1000192,1,1
"KERNEL_DISPATCH","Agent 4",1,0,205911,1021,2,"_RNvNtNtC9rust_perf4apps8pressure14pressure_calc1",1021,104068469293454,104068469310894,0,0,8,0,32,256,1,1,1000192,1,1
"KERNEL_DISPATCH","Agent 4",1,0,205911,1022,1,"_RNvNtNtC9rust_perf4apps8pressure14pressure_calc2",1022,104068469323214,104068469353134,0,0,12,4,32,256,1,1,1000192,1,1
"KERNEL_DISPATCH","Agent 4",1,0,205911,1023,2,"_RNvNtNtC9rust_perf4apps8pressure14pressure_calc1",1023,104068469363214,104068469380814,0,0,8,0,32,256,1,1,1000192,1,1
"KERNEL_DISPATCH","Agent 4",1,0,205911,1024,1,"_RNvNtNtC9rust_perf4apps8pressure14pressure_calc2",1024,104068469390734,104068469420494,0,0,12,4,32,256,1,1,1000192,1,1
"KERNEL_DISPATCH","Agent 4",1,0,205911,1025,2,"_RNvNtNtC9rust_perf4apps8pressure14pressure_calc1",1025,104068469430574,104068469447854,0,0,8,0,32,256,1,1,1000192,1,1
"KERNEL_DISPATCH","Agent 4",1,0,205911,1026,1,"_RNvNtNtC9rust_perf4apps8pressure14pressure_calc2",1026,104068469457934,104068469487855,0,0,12,4,32,256,1,1,1000192,1,1
"KERNEL_DISPATCH","Agent 4",1,0,205911,1027,2,"_RNvNtNtC9rust_perf4apps8pressure14pressure_calc1",1027,104068469497775,104068469515535,0,0,8,0,32,256,1,1,1000192,1,1
"KERNEL_DISPATCH","Agent 4",1,0,205911,1028,1,"_RNvNtNtC9rust_perf4apps8pressure14pressure_calc2",1028,104068469527375,104068469557295,0,0,12,4,32,256,1,1,1000192,1,1
"KERNEL_DISPATCH","Agent 4",1,0,205911,1029,2,"_RNvNtNtC9rust_perf4apps8pressure14pressure_calc1",1029,104068469567375,104068469584815,0,0,8,0,32,256,1,1,1000192,1,1
"KERNEL_DISPATCH","Agent 4",1,0,205911,1030,1,"_RNvNtNtC9rust_perf4apps8pressure14pressure_calc2",1030,104068469594895,104068469625135,0,0,12,4,32,256,1,1,1000192,1,1
"KERNEL_DISPATCH","Agent 4",1,0,205911,1031,2,"_RNvNtNtC9rust_perf4apps8pressure14pressure_calc1",1031,104068469635855,104068469653455,0,0,8,0,32,256,1,1,1000192,1,1
"KERNEL_DISPATCH","Agent 4",1,0,205911,1032,1,"_RNvNtNtC9rust_perf4apps8pressure14pressure_calc2",1032,104068469663375,104068469694095,0,0,12,4,32,256,1,1,1000192,1,1
"KERNEL_DISPATCH","Agent 4",1,0,205911,1033,2,"_RNvNtNtC9rust_perf4apps8pressure14pressure_calc1",1033,104068469704175,104068469721935,0,0,8,0,32,256,1,1,1000192,1,1
"KERNEL_DISPATCH","Agent 4",1,0,205911,1034,1,"_RNvNtNtC9rust_perf4apps8pressure14pressure_calc2",1034,104068469731855,104068469761935,0,0,12,4,32,256,1,1,1000192,1,1
"KERNEL_DISPATCH","Agent 4",1,0,205911,1035,2,"_RNvNtNtC9rust_perf4apps8pressure14pressure_calc1",1035,104068469772016,104068469789776,0,0,8,0,32,256,1,1,1000192,1,1
"KERNEL_DISPATCH","Agent 4",1,0,205911,1036,1,"_RNvNtNtC9rust_perf4apps8pressure14pressure_calc2",1036,104068469799856,104068469830096,0,0,12,4,32,256,1,1,1000192,1,1
"KERNEL_DISPATCH","Agent 4",1,0,205911,1037,2,"_RNvNtNtC9rust_perf4apps8pressure14pressure_calc1",1037,104068469840016,104068469857456,0,0,8,0,32,256,1,1,1000192,1,1
"KERNEL_DISPATCH","Agent 4",1,0,205911,1038,1,"_RNvNtNtC9rust_perf4apps8pressure14pressure_calc2",1038,104068469869776,104068469899536,0,0,12,4,32,256,1,1,1000192,1,1
"KERNEL_DISPATCH","Agent 4",1,0,205911,1039,2,"_RNvNtNtC9rust_perf4apps8pressure14pressure_calc1",1039,104068469911216,104068469928496,0,0,8,0,32,256,1,1,1000192,1,1
"KERNEL_DISPATCH","Agent 4",1,0,205911,1040,1,"_RNvNtNtC9rust_perf4apps8pressure14pressure_calc2",1040,104068469938736,104068469969296,0,0,12,4,32,256,1,1,1000192,1,1
"KERNEL_DISPATCH","Agent 4",1,0,205911,1041,2,"_RNvNtNtC9rust_perf4apps8pressure14pressure_calc1",1041,104068469980016,104068469997776,0,0,8,0,32,256,1,1,1000192,1,1
"KERNEL_DISPATCH","Agent 4",1,0,205911,1042,1,"_RNvNtNtC9rust_perf4apps8pressure14pressure_calc2",1042,104068470009296,104068470039216,0,0,12,4,32,256,1,1,1000192,1,1
"KERNEL_DISPATCH","Agent 4",1,0,205911,1043,2,"_RNvNtNtC9rust_perf4apps8pressure14pressure_calc1",1043,104068470049457,104068470067377,0,0,8,0,32,256,1,1,1000192,1,1
"KERNEL_DISPATCH","Agent 4",1,0,205911,1044,1,"_RNvNtNtC9rust_perf4apps8pressure14pressure_calc2",1044,104068470077457,104068470107537,0,0,12,4,32,256,1,1,1000192,1,1
"KERNEL_DISPATCH","Agent 4",1,0,205911,1045,2,"_RNvNtNtC9rust_perf4apps8pressure14pressure_calc1",1045,104068470119377,104068470136817,0,0,8,0,32,256,1,1,1000192,1,1
"KERNEL_DISPATCH","Agent 4",1,0,205911,1046,1,"_RNvNtNtC9rust_perf4apps8pressure14pressure_calc2",1046,104068470149297,104068470178897,0,0,12,4,32,256,1,1,1000192,1,1
"KERNEL_DISPATCH","Agent 4",1,0,205911,1047,2,"_RNvNtNtC9rust_perf4apps8pressure14pressure_calc1",1047,104068470188977,104068470206257,0,0,8,0,32,256,1,1,1000192,1,1
"KERNEL_DISPATCH","Agent 4",1,0,205911,1048,1,"_RNvNtNtC9rust_perf4apps8pressure14pressure_calc2",1048,104068470216337,104068470246417,0,0,12,4,32,256,1,1,1000192,1,1
"KERNEL_DISPATCH","Agent 4",1,0,205911,1049,2,"_RNvNtNtC9rust_perf4apps8pressure14pressure_calc1",1049,104068470256337,104068470273777,0,0,8,0,32,256,1,1,1000192,1,1
"KERNEL_DISPATCH","Agent 4",1,0,205911,1050,1,"_RNvNtNtC9rust_perf4apps8pressure14pressure_calc2",1050,104068470285457,104068470315537,0,0,12,4,32,256,1,1,1000192,1,1
"KERNEL_DISPATCH","Agent 4",1,0,205911,1051,2,"_RNvNtNtC9rust_perf4apps8pressure14pressure_calc1",1051,104068470325458,104068470342898,0,0,8,0,32,256,1,1,1000192,1,1
"KERNEL_DISPATCH","Agent 4",1,0,205911,1052,1,"_RNvNtNtC9rust_perf4apps8pressure14pressure_calc2",1052,104068470352818,104068470382578,0,0,12,4,32,256,1,1,1000192,1,1
"KERNEL_DISPATCH","Agent 4",1,0,205911,1053,2,"_RNvNtNtC9rust_perf4apps8pressure14pressure_calc1",1053,104068470393618,104068470411218,0,0,8,0,32,256,1,1,1000192,1,1
"KERNEL_DISPATCH","Agent 4",1,0,205911,1054,1,"_RNvNtNtC9rust_perf4apps8pressure14pressure_calc2",1054,104068470423058,104068470453298,0,0,12,4,32,256,1,1,1000192,1,1
"KERNEL_DISPATCH","Agent 4",1,0,205911,1055,2,"_RNvNtNtC9rust_perf4apps8pressure14pressure_calc1",1055,104068470463378,104068470480818,0,0,8,0,32,256,1,1,1000192,1,1
"KERNEL_DISPATCH","Agent 4",1,0,205911,1056,1,"_RNvNtNtC9rust_perf4apps8pressure14pressure_calc2",1056,104068470490738,104068470520978,0,0,12,4,32,256,1,1,1000192,1,1
"KERNEL_DISPATCH","Agent 4",1,0,205911,1057,2,"_RNvNtNtC9rust_perf4apps8pressure14pressure_calc1",1057,104068470531058,104068470548658,0,0,8,0,32,256,1,1,1000192,1,1
"KERNEL_DISPATCH","Agent 4",1,0,205911,1058,1,"_RNvNtNtC9rust_perf4apps8pressure14pressure_calc2",1058,104068470558738,104068470588978,0,0,12,4,32,256,1,1,1000192,1,1
"KERNEL_DISPATCH","Agent 4",1,0,205911,1059,2,"_RNvNtNtC9rust_perf4apps8pressure14pressure_calc1",1059,104068470599058,104068470616659,0,0,8,0,32,256,1,1,1000192,1,1
"KERNEL_DISPATCH","Agent 4",1,0,205911,1060,1,"_RNvNtNtC9rust_perf4apps8pressure14pressure_calc2",1060,104068470626739,104068470656819,0,0,12,4,32,256,1,1,1000192,1,1
"KERNEL_DISPATCH","Agent 4",1,0,205911,1061,2,"_RNvNtNtC9rust_perf4apps8pressure14pressure_calc1",1061,104068470666739,104068470684659,0,0,8,0,32,256,1,1,1000192,1,1
"KERNEL_DISPATCH","Agent 4",1,0,205911,1062,1,"_RNvNtNtC9rust_perf4apps8pressure14pressure_calc2",1062,104068470694739,104068470724659,0,0,12,4,32,256,1,1,1000192,1,1
"KERNEL_DISPATCH","Agent 4",1,0,205911,1063,2,"_RNvNtNtC9rust_perf4apps8pressure14pressure_calc1",1063,104068470734579,104068470752019,0,0,8,0,32,256,1,1,1000192,1,1
"KERNEL_DISPATCH","Agent 4",1,0,205911,1064,1,"_RNvNtNtC9rust_perf4apps8pressure14pressure_calc2",1064,104068470761939,104068470792179,0,0,12,4,32,256,1,1,1000192,1,1
"KERNEL_DISPATCH","Agent 4",1,0,205911,1065,2,"_RNvNtNtC9rust_perf4apps8pressure14pressure_calc1",1065,104068470802259,104068470819699,0,0,8,0,32,256,1,1,1000192,1,1
"KERNEL_DISPATCH","Agent 4",1,0,205911,1066,1,"_RNvNtNtC9rust_perf4apps8pressure14pressure_calc2",1066,104068470831539,104068470861299,0,0,12,4,32,256,1,1,1000192,1,1
"KERNEL_DISPATCH","Agent 4",1,0,205911,1067,2,"_RNvNtNtC9rust_perf4apps8pressure14pressure_calc1",1067,104068470871219,104068470888500,0,0,8,0,32,256,1,1,1000192,1,1
"KERNEL_DISPATCH","Agent 4",1,0,205911,1068,1,"_RNvNtNtC9rust_perf4apps8pressure14pressure_calc2",1068,104068470898420,104068470928500,0,0,12,4,32,256,1,1,1000192,1,1
"KERNEL_DISPATCH","Agent 4",1,0,205911,1069,2,"_RNvNtNtC9rust_perf4apps8pressure14pressure_calc1",1069,104068470938420,104068470956020,0,0,8,0,32,256,1,1,1000192,1,1
"KERNEL_DISPATCH","Agent 4",1,0,205911,1070,1,"_RNvNtNtC9rust_perf4apps8pressure14pressure_calc2",1070,104068470965940,104068470995860,0,0,12,4,32,256,1,1,1000192,1,1
"KERNEL_DISPATCH","Agent 4",1,0,205911,1071,2,"_RNvNtNtC9rust_perf4apps8pressure14pressure_calc1",1071,104068471006100,104068471023860,0,0,8,0,32,256,1,1,1000192,1,1
"KERNEL_DISPATCH","Agent 4",1,0,205911,1072,1,"_RNvNtNtC9rust_perf4apps8pressure14pressure_calc2",1072,104068471033780,104068471063700,0,0,12,4,32,256,1,1,1000192,1,1
"KERNEL_DISPATCH","Agent 4",1,0,205911,1073,2,"_RNvNtNtC9rust_perf4apps8pressure14pressure_calc1",1073,104068471073780,104068471091540,0,0,8,0,32,256,1,1,1000192,1,1
"KERNEL_DISPATCH","Agent 4",1,0,205911,1074,1,"_RNvNtNtC9rust_perf4apps8pressure14pressure_calc2",1074,104068471103380,104068471133780,0,0,12,4,32,256,1,1,1000192,1,1
"KERNEL_DISPATCH","Agent 4",1,0,205911,1075,2,"_RNvNtNtC9rust_perf4apps8pressure14pressure_calc1",1075,104068471143700,104068471160981,0,0,8,0,32,256,1,1,1000192,1,1
"KERNEL_DISPATCH","Agent 4",1,0,205911,1076,1,"_RNvNtNtC9rust_perf4apps8pressure14pressure_calc2",1076,104068471171381,104068471201781,0,0,12,4,32,256,1,1,1000192,1,1
"KERNEL_DISPATCH","Agent 4",1,0,205911,1077,2,"_RNvNtNtC9rust_perf4apps8pressure14pressure_calc1",1077,104068471213301,104068471231061,0,0,8,0,32,256,1,1,1000192,1,1
"KERNEL_DISPATCH","Agent 4",1,0,205911,1078,1,"_RNvNtNtC9rust_perf4apps8pressure14pressure_calc2",1078,104068471242901,104068471272661,0,0,12,4,32,256,1,1,1000192,1,1
"KERNEL_DISPATCH","Agent 4",1,0,205911,1079,2,"_RNvNtNtC9rust_perf4apps8pressure14pressure_calc1",1079,104068471282741,104068471300501,0,0,8,0,32,256,1,1,1000192,1,1
"KERNEL_DISPATCH","Agent 4",1,0,205911,1080,1,"_RNvNtNtC9rust_perf4apps8pressure14pressure_calc2",1080,104068471312181,104068471342421,0,0,12,4,32,256,1,1,1000192,1,1
"KERNEL_DISPATCH","Agent 4",1,0,205911,1081,2,"_RNvNtNtC9rust_perf4apps8pressure14pressure_calc1",1081,104068471352341,104068471370101,0,0,8,0,32,256,1,1,1000192,1,1
"KERNEL_DISPATCH","Agent 4",1,0,205911,1082,1,"_RNvNtNtC9rust_perf4apps8pressure14pressure_calc2",1082,104068471382101,104068471412501,0,0,12,4,32,256,1,1,1000192,1,1
"KERNEL_DISPATCH","Agent 4",1,0,205911,1083,2,"_RNvNtNtC9rust_perf4apps8pressure14pressure_calc1",1083,104068471424341,104068471441462,0,0,8,0,32,256,1,1,1000192,1,1
"KERNEL_DISPATCH","Agent 4",1,0,205911,1084,1,"_RNvNtNtC9rust_perf4apps8pressure14pressure_calc2",1084,104068471453622,104068471483862,0,0,12,4,32,256,1,1,1000192,1,1
"KERNEL_DISPATCH","Agent 4",1,0,205911,1085,2,"_RNvNtNtC9rust_perf4apps8pressure14pressure_calc1",1085,104068471493782,104068471511222,0,0,8,0,32,256,1,1,1000192,1,1
"KERNEL_DISPATCH","Agent 4",1,0,205911,1086,1,"_RNvNtNtC9rust_perf4apps8pressure14pressure_calc2",1086,104068471521302,104068471551702,0,0,12,4,32,256,1,1,1000192,1,1
"KERNEL_DISPATCH","Agent 4",1,0,205911,1087,2,"_RNvNtNtC9rust_perf4apps8pressure14pressure_calc1",1087,104068471561782,104068471579382,0,0,8,0,32,256,1,1,1000192,1,1
"KERNEL_DISPATCH","Agent 4",1,0,205911,1088,1,"_RNvNtNtC9rust_perf4apps8pressure14pressure_calc2",1088,104068471589462,104068471619702,0,0,12,4,32,256,1,1,1000192,1,1
"KERNEL_DISPATCH","Agent 4",1,0,205911,1089,2,"_RNvNtNtC9rust_perf4apps8pressure14pressure_calc1",1089,104068471629942,104068471647702,0,0,8,0,32,256,1,1,1000192,1,1
"KERNEL_DISPATCH","Agent 4",1,0,205911,1090,1,"_RNvNtNtC9rust_perf4apps8pressure14pressure_calc2",1090,104068471657622,104068471687542,0,0,12,4,32,256,1,1,1000192,1,1
"KERNEL_DISPATCH","Agent 4",1,0,205911,1091,2,"_RNvNtNtC9rust_perf4apps8pressure14pressure_calc1",1091,104068471699862,104068471717623,0,0,8,0,32,256,1,1,1000192,1,1
"KERNEL_DISPATCH","Agent 4",1,0,205911,1092,1,"_RNvNtNtC9rust_perf4apps8pressure14pressure_calc2",1092,104068471727703,104068471757943,0,0,12,4,32,256,1,1,1000192,1,1
"KERNEL_DISPATCH","Agent 4",1,0,205911,1093,2,"_RNvNtNtC9rust_perf4apps8pressure14pressure_calc1",1093,104068471769463,104068471786743,0,0,8,0,32,256,1,1,1000192,1,1
"KERNEL_DISPATCH","Agent 4",1,0,205911,1094,1,"_RNvNtNtC9rust_perf4apps8pressure14pressure_calc2",1094,104068471798103,104068471828183,0,0,12,4,32,256,1,1,1000192,1,1
"KERNEL_DISPATCH","Agent 4",1,0,205911,1095,2,"_RNvNtNtC9rust_perf4apps8pressure14pressure_calc1",1095,104068471838263,104068471855863,0,0,8,0,32,256,1,1,1000192,1,1
"KERNEL_DISPATCH","Agent 4",1,0,205911,1096,1,"_RNvNtNtC9rust_perf4apps8pressure14pressure_calc2",1096,104068471866103,104068471896023,0,0,12,4,32,256,1,1,1000192,1,1
"KERNEL_DISPATCH","Agent 4",1,0,205911,1097,2,"_RNvNtNtC9rust_perf4apps8pressure14pressure_calc1",1097,104068471907863,104068471925463,0,0,8,0,32,256,1,1,1000192,1,1
"KERNEL_DISPATCH","Agent 4",1,0,205911,1098,1,"_RNvNtNtC9rust_perf4apps8pressure14pressure_calc2",1098,104068471935703,104068471965463,0,0,12,4,32,256,1,1,1000192,1,1
"KERNEL_DISPATCH","Agent 4",1,0,205911,1099,2,"_RNvNtNtC9rust_perf4apps8pressure14pressure_calc1",1099,104068471975543,104068471993144,0,0,8,0,32,256,1,1,1000192,1,1
"KERNEL_DISPATCH","Agent 4",1,0,205911,1100,1,"_RNvNtNtC9rust_perf4apps8pressure14pressure_calc2",1100,104068472003864,104068472033944,0,0,12,4,32,256,1,1,1000192,1,1
"KERNEL_DISPATCH","Agent 4",1,0,205911,1101,2,"_RNvNtNtC9rust_perf4apps8pressure14pressure_calc1",1101,104068472046904,104068472064664,0,0,8,0,32,256,1,1,1000192,1,1
"KERNEL_DISPATCH","Agent 4",1,0,205911,1102,1,"_RNvNtNtC9rust_perf4apps8pressure14pressure_calc2",1102,104068472074584,104068472104824,0,0,12,4,32,256,1,1,1000192,1,1
"KERNEL_DISPATCH","Agent 4",1,0,205911,1103,2,"_RNvNtNtC9rust_perf4apps8pressure14pressure_calc1",1103,104068472114744,104068472132504,0,0,8,0,32,256,1,1,1000192,1,1
"KERNEL_DISPATCH","Agent 4",1,0,205911,1104,1,"_RNvNtNtC9rust_perf4apps8pressure14pressure_calc2",1104,104068472144184,104068472174264,0,0,12,4,32,256,1,1,1000192,1,1
"KERNEL_DISPATCH","Agent 4",1,0,205911,1105,2,"_RNvNtNtC9rust_perf4apps8pressure14pressure_calc1",1105,104068472186104,104068472203704,0,0,8,0,32,256,1,1,1000192,1,1
"KERNEL_DISPATCH","Agent 4",1,0,205911,1106,1,"_RNvNtNtC9rust_perf4apps8pressure14pressure_calc2",1106,104068472215384,104068472245304,0,0,12,4,32,256,1,1,1000192,1,1
"KERNEL_DISPATCH","Agent 4",1,0,205911,1107,2,"_RNvNtNtC9rust_perf4apps8pressure14pressure_calc1",1107,104068472257144,104068472274425,0,0,8,0,32,256,1,1,1000192,1,1
"KERNEL_DISPATCH","Agent 4",1,0,205911,1108,1,"_RNvNtNtC9rust_perf4apps8pressure14pressure_calc2",1108,104068472286265,104068472316345,0,0,12,4,32,256,1,1,1000192,1,1
"KERNEL_DISPATCH","Agent 4",1,0,205911,1109,2,"_RNvNtNtC9rust_perf4apps8pressure14pressure_calc1",1109,104068472326425,104068472343865,0,0,8,0,32,256,1,1,1000192,1,1
"KERNEL_DISPATCH","Agent 4",1,0,205911,1110,1,"_RNvNtNtC9rust_perf4apps8pressure14pressure_calc2",1110,104068472353945,104068472384185,0,0,12,4,32,256,1,1,1000192,1,1
"KERNEL_DISPATCH","Agent 4",1,0,205911,1111,2,"_RNvNtNtC9rust_perf4apps8pressure14pressure_calc1",1111,104068472396025,104068472413465,0,0,8,0,32,256,1,1,1000192,1,1
"KERNEL_DISPATCH","Agent 4",1,0,205911,1112,1,"_RNvNtNtC9rust_perf4apps8pressure14pressure_calc2",1112,104068472423545,104068472453625,0,0,12,4,32,256,1,1,1000192,1,1
"KERNEL_DISPATCH","Agent 4",1,0,205911,1113,2,"_RNvNtNtC9rust_perf4apps8pressure14pressure_calc1",1113,104068472463545,104068472481305,0,0,8,0,32,256,1,1,1000192,1,1
"KERNEL_DISPATCH","Agent 4",1,0,205911,1114,1,"_RNvNtNtC9rust_perf4apps8pressure14pressure_calc2",1114,104068472491545,104068472521305,0,0,12,4,32,256,1,1,1000192,1,1
"KERNEL_DISPATCH","Agent 4",1,0,205911,1115,2,"_RNvNtNtC9rust_perf4apps8pressure14pressure_calc1",1115,104068472531385,104068472548665,0,0,8,0,32,256,1,1,1000192,1,1
"KERNEL_DISPATCH","Agent 4",1,0,205911,1116,1,"_RNvNtNtC9rust_perf4apps8pressure14pressure_calc2",1116,104068472560666,104068472590586,0,0,12,4,32,256,1,1,1000192,1,1
"KERNEL_DISPATCH","Agent 4",1,0,205911,1117,2,"_RNvNtNtC9rust_perf4apps8pressure14pressure_calc1",1117,104068472600506,104068472617946,0,0,8,0,32,256,1,1,1000192,1,1
"KERNEL_DISPATCH","Agent 4",1,0,205911,1118,1,"_RNvNtNtC9rust_perf4apps8pressure14pressure_calc2",1118,104068472628026,104068472658106,0,0,12,4,32,256,1,1,1000192,1,1
"KERNEL_DISPATCH","Agent 4",1,0,205911,1119,2,"_RNvNtNtC9rust_perf4apps8pressure14pressure_calc1",1119,104068472669946,104068472687386,0,0,8,0,32,256,1,1,1000192,1,1
"KERNEL_DISPATCH","Agent 4",1,0,205911,1120,1,"_RNvNtNtC9rust_perf4apps8pressure14pressure_calc2",1120,104068472699546,104068472729786,0,0,12,4,32,256,1,1,1000192,1,1
"KERNEL_DISPATCH","Agent 4",1,0,205911,1121,2,"_RNvNtNtC9rust_perf4apps8pressure14pressure_calc1",1121,104068472739706,104068472757626,0,0,8,0,32,256,1,1,1000192,1,1
"KERNEL_DISPATCH","Agent 4",1,0,205911,1122,1,"_RNvNtNtC9rust_perf4apps8pressure14pressure_calc2",1122,104068472767546,104068472797306,0,0,12,4,32,256,1,1,1000192,1,1
"KERNEL_DISPATCH","Agent 4",1,0,205911,1123,2,"_RNvNtNtC9rust_perf4apps8pressure14pressure_calc1",1123,104068472807386,104068472824666,0,0,8,0,32,256,1,1,1000192,1,1
"KERNEL_DISPATCH","Agent 4",1,0,205911,1124,1,"_RNvNtNtC9rust_perf4apps8pressure14pressure_calc2",1124,104068472835387,104068472865467,0,0,12,4,32,256,1,1,1000192,1,1
"KERNEL_DISPATCH","Agent 4",1,0,205911,1125,2,"_RNvNtNtC9rust_perf4apps8pressure14pressure_calc1",1125,104068474819074,104068474836514,0,0,8,0,32,256,1,1,1000192,1,1
"KERNEL_DISPATCH","Agent 4",1,0,205911,1126,1,"_RNvNtNtC9rust_perf4apps8pressure14pressure_calc2",1126,104068474847554,104068474877314,0,0,12,4,32,256,1,1,1000192,1,1
"KERNEL_DISPATCH","Agent 4",1,0,205911,1127,2,"_RNvNtNtC9rust_perf4apps8pressure14pressure_calc1",1127,104068474887554,104068474905154,0,0,8,0,32,256,1,1,1000192,1,1
"KERNEL_DISPATCH","Agent 4",1,0,205911,1128,1,"_RNvNtNtC9rust_perf4apps8pressure14pressure_calc2",1128,104068474915394,104068474945154,0,0,12,4,32,256,1,1,1000192,1,1
"KERNEL_DISPATCH","Agent 4",1,0,205911,1129,2,"_RNvNtNtC9rust_perf4apps8pressure14pressure_calc1",1129,104068474955394,104068474973634,0,0,8,0,32,256,1,1,1000192,1,1
"KERNEL_DISPATCH","Agent 4",1,0,205911,1130,1,"_RNvNtNtC9rust_perf4apps8pressure14pressure_calc2",1130,104068474983874,104068475013954,0,0,12,4,32,256,1,1,1000192,1,1
"KERNEL_DISPATCH","Agent 4",1,0,205911,1131,2,"_RNvNtNtC9rust_perf4apps8pressure14pressure_calc1",1131,104068475024514,104068475042274,0,0,8,0,32,256,1,1,1000192,1,1
"KERNEL_DISPATCH","Agent 4",1,0,205911,1132,1,"_RNvNtNtC9rust_perf4apps8pressure14pressure_calc2",1132,104068475055554,104068475085475,0,0,12,4,32,256,1,1,1000192,1,1
"KERNEL_DISPATCH","Agent 4",1,0,205911,1133,2,"_RNvNtNtC9rust_perf4apps8pressure14pressure_calc1",1133,104068475095555,104068475112995,0,0,8,0,32,256,1,1,1000192,1,1
"KERNEL_DISPATCH","Agent 4",1,0,205911,1134,1,"_RNvNtNtC9rust_perf4apps8pressure14pressure_calc2",1134,104068475123235,104068475153155,0,0,12,4,32,256,1,1,1000192,1,1
"KERNEL_DISPATCH","Agent 4",1,0,205911,1135,2,"_RNvNtNtC9rust_perf4apps8pressure14pressure_calc1",1135,104068475163555,104068475181315,0,0,8,0,32,256,1,1,1000192,1,1
"KERNEL_DISPATCH","Agent 4",1,0,205911,1136,1,"_RNvNtNtC9rust_perf4apps8pressure14pressure_calc2",1136,104068475191555,104068475221475,0,0,12,4,32,256,1,1,1000192,1,1
"KERNEL_DISPATCH","Agent 4",1,0,205911,1137,2,"_RNvNtNtC9rust_perf4apps8pressure14pressure_calc1",1137,104068475232035,104068475249635,0,0,8,0,32,256,1,1,1000192,1,1
"KERNEL_DISPATCH","Agent 4",1,0,205911,1138,1,"_RNvNtNtC9rust_perf4apps8pressure14pressure_calc2",1138,104068475260035,104068475290275,0,0,12,4,32,256,1,1,1000192,1,1
"KERNEL_DISPATCH","Agent 4",1,0,205911,1139,2,"_RNvNtNtC9rust_perf4apps8pressure14pressure_calc1",1139,104068475300515,104068475317955,0,0,8,0,32,256,1,1,1000192,1,1
"KERNEL_DISPATCH","Agent 4",1,0,205911,1140,1,"_RNvNtNtC9rust_perf4apps8pressure14pressure_calc2",1140,104068475328195,104068475357956,0,0,12,4,32,256,1,1,1000192,1,1
"KERNEL_DISPATCH","Agent 4",1,0,205911,1141,2,"_RNvNtNtC9rust_perf4apps8pressure14pressure_calc1",1141,104068475368356,104068475385796,0,0,8,0,32,256,1,1,1000192,1,1
"KERNEL_DISPATCH","Agent 4",1,0,205911,1142,1,"_RNvNtNtC9rust_perf4apps8pressure14pressure_calc2",1142,104068475396036,104068475425956,0,0,12,4,32,256,1,1,1000192,1,1
"KERNEL_DISPATCH","Agent 4",1,0,205911,1143,2,"_RNvNtNtC9rust_perf4apps8pressure14pressure_calc1",1143,104068475436356,104068475453796,0,0,8,0,32,256,1,1,1000192,1,1
"KERNEL_DISPATCH","Agent 4",1,0,205911,1144,1,"_RNvNtNtC9rust_perf4apps8pressure14pressure_calc2",1144,104068475464196,104068475494436,0,0,12,4,32,256,1,1,1000192,1,1
"KERNEL_DISPATCH","Agent 4",1,0,205911,1145,2,"_RNvNtNtC9rust_perf4apps8pressure14pressure_calc1",1145,104068475504996,104068475522916,0,0,8,0,32,256,1,1,1000192,1,1
"KERNEL_DISPATCH","Agent 4",1,0,205911,1146,1,"_RNvNtNtC9rust_perf4apps8pressure14pressure_calc2",1146,104068475533156,104068475563236,0,0,12,4,32,256,1,1,1000192,1,1
"KERNEL_DISPATCH","Agent 4",1,0,205911,1147,2,"_RNvNtNtC9rust_perf4apps8pressure14pressure_calc1",1147,104068475573476,104068475591236,0,0,8,0,32,256,1,1,1000192,1,1
"KERNEL_DISPATCH","Agent 4",1,0,205911,1148,1,"_RNvNtNtC9rust_perf4apps8pressure14pressure_calc2",1148,104068475601796,104068475631717,0,0,12,4,32,256,1,1,1000192,1,1
"KERNEL_DISPATCH","Agent 4",1,0,205911,1149,2,"_RNvNtNtC9rust_perf4apps8pressure14pressure_calc1",1149,104068475641957,104068475659397,0,0,8,0,32,256,1,1,1000192,1,1
"KERNEL_DISPATCH","Agent 4",1,0,205911,1150,1,"_RNvNtNtC9rust_perf4apps8pressure14pressure_calc2",1150,104068475669637,104068475700197,0,0,12,4,32,256,1,1,1000192,1,1
"KERNEL_DISPATCH","Agent 4",1,0,205911,1151,2,"_RNvNtNtC9rust_perf4apps8pressure14pressure_calc1",1151,104068475710597,104068475728677,0,0,8,0,32,256,1,1,1000192,1,1
"KERNEL_DISPATCH","Agent 4",1,0,205911,1152,1,"_RNvNtNtC9rust_perf4apps8pressure14pressure_calc2",1152,104068475738917,104068475769317,0,0,12,4,32,256,1,1,1000192,1,1
"KERNEL_DISPATCH","Agent 4",1,0,205911,1153,2,"_RNvNtNtC9rust_perf4apps8pressure14pressure_calc1",1153,104068475779397,104068475797157,0,0,8,0,32,256,1,1,1000192,1,1
"KERNEL_DISPATCH","Agent 4",1,0,205911,1154,1,"_RNvNtNtC9rust_perf4apps8pressure14pressure_calc2",1154,104068475807077,104068475836997,0,0,12,4,32,256,1,1,1000192,1,1
"KERNEL_DISPATCH","Agent 4",1,0,205911,1155,2,"_RNvNtNtC9rust_perf4apps8pressure14pressure_calc1",1155,104068475847717,104068475865157,0,0,8,0,32,256,1,1,1000192,1,1
"KERNEL_DISPATCH","Agent 4",1,0,205911,1156,1,"_RNvNtNtC9rust_perf4apps8pressure14pressure_calc2",1156,104068475876677,104068475906758,0,0,12,4,32,256,1,1,1000192,1,1
"KERNEL_DISPATCH","Agent 4",1,0,205911,1157,2,"_RNvNtNtC9rust_perf4apps8pressure14pressure_calc1",1157,104068475916838,104068475934598,0,0,8,0,32,256,1,1,1000192,1,1
"KERNEL_DISPATCH","Agent 4",1,0,205911,1158,1,"_RNvNtNtC9rust_perf4apps8pressure14pressure_calc2",1158,104068475944838,104068475974918,0,0,12,4,32,256,1,1,1000192,1,1
"KERNEL_DISPATCH","Agent 4",1,0,205911,1159,2,"_RNvNtNtC9rust_perf4apps8pressure14pressure_calc1",1159,104068475986918,104068476004678,0,0,8,0,32,256,1,1,1000192,1,1
"KERNEL_DISPATCH","Agent 4",1,0,205911,1160,1,"_RNvNtNtC9rust_perf4apps8pressure14pressure_calc2",1160,104068476014758,104068476044678,0,0,12,4,32,256,1,1,1000192,1,1
"KERNEL_DISPATCH","Agent 4",1,0,205911,1161,2,"_RNvNtNtC9rust_perf4apps8pressure14pressure_calc1",1161,104068476057478,104068476074598,0,0,8,0,32,256,1,1,1000192,1,1
"KERNEL_DISPATCH","Agent 4",1,0,205911,1162,1,"_RNvNtNtC9rust_perf4apps8pressure14pressure_calc2",1162,104068476084838,104068476114758,0,0,12,4,32,256,1,1,1000192,1,1
"KERNEL_DISPATCH","Agent 4",1,0,205911,1163,2,"_RNvNtNtC9rust_perf4apps8pressure14pressure_calc1",1163,104068476127078,104068476144518,0,0,8,0,32,256,1,1,1000192,1,1
"KERNEL_DISPATCH","Agent 4",1,0,205911,1164,1,"_RNvNtNtC9rust_perf4apps8pressure14pressure_calc2",1164,104068476156998,104068476186919,0,0,12,4,32,256,1,1,1000192,1,1
"KERNEL_DISPATCH","Agent 4",1,0,205911,1165,2,"_RNvNtNtC9rust_perf4apps8pressure14pressure_calc1",1165,104068476196839,104068476214119,0,0,8,0,32,256,1,1,1000192,1,1
"KERNEL_DISPATCH","Agent 4",1,0,205911,1166,1,"_RNvNtNtC9rust_perf4apps8pressure14pressure_calc2",1166,104068476226279,104068476255879,0,0,12,4,32,256,1,1,1000192,1,1
"KERNEL_DISPATCH","Agent 4",1,0,205911,1167,2,"_RNvNtNtC9rust_perf4apps8pressure14pressure_calc1",1167,104068476267559,104068476284999,0,0,8,0,32,256,1,1,1000192,1,1
"KERNEL_DISPATCH","Agent 4",1,0,205911,1168,1,"_RNvNtNtC9rust_perf4apps8pressure14pressure_calc2",1168,104068476295079,104068476324999,0,0,12,4,32,256,1,1,1000192,1,1
"KERNEL_DISPATCH","Agent 4",1,0,205911,1169,2,"_RNvNtNtC9rust_perf4apps8pressure14pressure_calc1",1169,104068476335079,104068476352999,0,0,8,0,32,256,1,1,1000192,1,1
"KERNEL_DISPATCH","Agent 4",1,0,205911,1170,1,"_RNvNtNtC9rust_perf4apps8pressure14pressure_calc2",1170,104068476362919,104068476392679,0,0,12,4,32,256,1,1,1000192,1,1
"KERNEL_DISPATCH","Agent 4",1,0,205911,1171,2,"_RNvNtNtC9rust_perf4apps8pressure14pressure_calc1",1171,104068476402599,104068476420199,0,0,8,0,32,256,1,1,1000192,1,1
"KERNEL_DISPATCH","Agent 4",1,0,205911,1172,1,"_RNvNtNtC9rust_perf4apps8pressure14pressure_calc2",1172,104068476430119,104068476460200,0,0,12,4,32,256,1,1,1000192,1,1
"KERNEL_DISPATCH","Agent 4",1,0,205911,1173,2,"_RNvNtNtC9rust_perf4apps8pressure14pressure_calc1",1173,104068476472040,104068476489480,0,0,8,0,32,256,1,1,1000192,1,1
"KERNEL_DISPATCH","Agent 4",1,0,205911,1174,1,"_RNvNtNtC9rust_perf4apps8pressure14pressure_calc2",1174,104068476499720,104068476529640,0,0,12,4,32,256,1,1,1000192,1,1
"KERNEL_DISPATCH","Agent 4",1,0,205911,1175,2,"_RNvNtNtC9rust_perf4apps8pressure14pressure_calc1",1175,104068476541640,104068476559240,0,0,8,0,32,256,1,1,1000192,1,1
"KERNEL_DISPATCH","Agent 4",1,0,205911,1176,1,"_RNvNtNtC9rust_perf4apps8pressure14pressure_calc2",1176,104068476569320,104068476599400,0,0,12,4,32,256,1,1,1000192,1,1
"KERNEL_DISPATCH","Agent 4",1,0,205911,1177,2,"_RNvNtNtC9rust_perf4apps8pressure14pressure_calc1",1177,104068476609320,104068476627400,0,0,8,0,32,256,1,1,1000192,1,1
"KERNEL_DISPATCH","Agent 4",1,0,205911,1178,1,"_RNvNtNtC9rust_perf4apps8pressure14pressure_calc2",1178,104068476637320,104068476667880,0,0,12,4,32,256,1,1,1000192,1,1
"KERNEL_DISPATCH","Agent 4",1,0,205911,1179,2,"_RNvNtNtC9rust_perf4apps8pressure14pressure_calc1",1179,104068476677800,104068476695560,0,0,8,0,32,256,1,1,1000192,1,1
"KERNEL_DISPATCH","Agent 4",1,0,205911,1180,1,"_RNvNtNtC9rust_perf4apps8pressure14pressure_calc2",1180,104068476705480,104068476735401,0,0,12,4,32,256,1,1,1000192,1,1
"KERNEL_DISPATCH","Agent 4",1,0,205911,1181,2,"_RNvNtNtC9rust_perf4apps8pressure14pressure_calc1",1181,104068476747241,104068476764361,0,0,8,0,32,256,1,1,1000192,1,1
"KERNEL_DISPATCH","Agent 4",1,0,205911,1182,1,"_RNvNtNtC9rust_perf4apps8pressure14pressure_calc2",1182,104068476774441,104068476804361,0,0,12,4,32,256,1,1,1000192,1,1
"KERNEL_DISPATCH","Agent 4",1,0,205911,1183,2,"_RNvNtNtC9rust_perf4apps8pressure14pressure_calc1",1183,104068476816361,104068476833801,0,0,8,0,32,256,1,1,1000192,1,1
"KERNEL_DISPATCH","Agent 4",1,0,205911,1184,1,"_RNvNtNtC9rust_perf4apps8pressure14pressure_calc2",1184,104068476843721,104068476874121,0,0,12,4,32,256,1,1,1000192,1,1
"KERNEL_DISPATCH","Agent 4",1,0,205911,1185,2,"_RNvNtNtC9rust_perf4apps8pressure14pressure_calc1",1185,104068476884361,104068476901961,0,0,8,0,32,256,1,1,1000192,1,1
"KERNEL_DISPATCH","Agent 4",1,0,205911,1186,1,"_RNvNtNtC9rust_perf4apps8pressure14pressure_calc2",1186,104068476913641,104068476943721,0,0,12,4,32,256,1,1,1000192,1,1
"KERNEL_DISPATCH","Agent 4",1,0,205911,1187,2,"_RNvNtNtC9rust_perf4apps8pressure14pressure_calc1",1187,104068476955881,104068476973321,0,0,8,0,32,256,1,1,1000192,1,1
"KERNEL_DISPATCH","Agent 4",1,0,205911,1188,1,"_RNvNtNtC9rust_perf4apps8pressure14pressure_calc2",1188,104068476983561,104068477013162,0,0,12,4,32,256,1,1,1000192,1,1
"KERNEL_DISPATCH","Agent 4",1,0,205911,1189,2,"_RNvNtNtC9rust_perf4apps8pressure14pressure_calc1",1189,104068477023402,104068477041002,0,0,8,0,32,256,1,1,1000192,1,1
"KERNEL_DISPATCH","Agent 4",1,0,205911,1190,1,"_RNvNtNtC9rust_perf4apps8pressure14pressure_calc2",1190,104068477051082,104068477081002,0,0,12,4,32,256,1,1,1000192,1,1
"KERNEL_DISPATCH","Agent 4",1,0,205911,1191,2,"_RNvNtNtC9rust_perf4apps8pressure14pressure_calc1",1191,104068477092682,104068477110122,0,0,8,0,32,256,1,1,1000192,1,1
"KERNEL_DISPATCH","Agent 4",1,0,205911,1192,1,"_RNvNtNtC9rust_perf4apps8pressure14pressure_calc2",1192,104068477121642,104068477151722,0,0,12,4,32,256,1,1,1000192,1,1
"KERNEL_DISPATCH","Agent 4",1,0,205911,1193,2,"_RNvNtNtC9rust_perf4apps8pressure14pressure_calc1",1193,104068477161642,104068477179082,0,0,8,0,32,256,1,1,1000192,1,1
"KERNEL_DISPATCH","Agent 4",1,0,205911,1194,1,"_RNvNtNtC9rust_perf4apps8pressure14pressure_calc2",1194,104068477189162,104068477219242,0,0,12,4,32,256,1,1,1000192,1,1
"KERNEL_DISPATCH","Agent 4",1,0,205911,1195,2,"_RNvNtNtC9rust_perf4apps8pressure14pressure_calc1",1195,104068477229482,104068477247242,0,0,8,0,32,256,1,1,1000192,1,1
"KERNEL_DISPATCH","Agent 4",1,0,205911,1196,1,"_RNvNtNtC9rust_perf4apps8pressure14pressure_calc2",1196,104068477257322,104068477287083,0,0,12,4,32,256,1,1,1000192,1,1
"KERNEL_DISPATCH","Agent 4",1,0,205911,1197,2,"_RNvNtNtC9rust_perf4apps8pressure14pressure_calc1",1197,104068477297163,104068477314283,0,0,8,0,32,256,1,1,1000192,1,1
"KERNEL_DISPATCH","Agent 4",1,0,205911,1198,1,"_RNvNtNtC9rust_perf4apps8pressure14pressure_calc2",1198,104068477326443,104068477356683,0,0,12,4,32,256,1,1,1000192,1,1
"KERNEL_DISPATCH","Agent 4",1,0,205911,1199,2,"_RNvNtNtC9rust_perf4apps8pressure14pressure_calc1",1199,104068477366603,104068477384043,0,0,8,0,32,256,1,1,1000192,1,1
"KERNEL_DISPATCH","Agent 4",1,0,205911,1200,1,"_RNvNtNtC9rust_perf4apps8pressure14pressure_calc2",1200,104068477395883,104068477425643,0,0,12,4,32,256,1,1,1000192,1,1
"KERNEL_DISPATCH","Agent 4",1,0,205911,1201,2,"_RNvNtNtC9rust_perf4apps8pressure14pressure_calc1",1201,104068477437643,104068477455083,0,0,8,0,32,256,1,1,1000192,1,1
"KERNEL_DISPATCH","Agent 4",1,0,205911,1202,1,"_RNvNtNtC9rust_perf4apps8pressure14pressure_calc2",1202,104068477465323,104068477495403,0,0,12,4,32,256,1,1,1000192,1,1
"KERNEL_DISPATCH","Agent 4",1,0,205911,1203,2,"_RNvNtNtC9rust_perf4apps8pressure14pressure_calc1",1203,104068477505483,104068477523243,0,0,8,0,32,256,1,1,1000192,1,1
"KERNEL_DISPATCH","Agent 4",1,0,205911,1204,1,"_RNvNtNtC9rust_perf4apps8pressure14pressure_calc2",1204,104068477533323,104068477563724,0,0,12,4,32,256,1,1,1000192,1,1
"KERNEL_DISPATCH","Agent 4",1,0,205911,1205,2,"_RNvNtNtC9rust_perf4apps8pressure14pressure_calc1",1205,104068477573644,104068477591084,0,0,8,0,32,256,1,1,1000192,1,1
"KERNEL_DISPATCH","Agent 4",1,0,205911,1206,1,"_RNvNtNtC9rust_perf4apps8pressure14pressure_calc2",1206,104068477601164,104068477631244,0,0,12,4,32,256,1,1,1000192,1,1
"KERNEL_DISPATCH","Agent 4",1,0,205911,1207,2,"_RNvNtNtC9rust_perf4apps8pressure14pressure_calc1",1207,104068477641324,104068477658764,0,0,8,0,32,256,1,1,1000192,1,1
"KERNEL_DISPATCH","Agent 4",1,0,205911,1208,1,"_RNvNtNtC9rust_perf4apps8pressure14pressure_calc2",1208,104068477668684,104068477698604,0,0,12,4,32,256,1,1,1000192,1,1
"KERNEL_DISPATCH","Agent 4",1,0,205911,1209,2,"_RNvNtNtC9rust_perf4apps8pressure14pressure_calc1",1209,104068477708684,104068477725964,0,0,8,0,32,256,1,1,1000192,1,1
"KERNEL_DISPATCH","Agent 4",1,0,205911,1210,1,"_RNvNtNtC9rust_perf4apps8pressure14pressure_calc2",1210,104068477736364,104068477766604,0,0,12,4,32,256,1,1,1000192,1,1
"KERNEL_DISPATCH","Agent 4",1,0,205911,1211,2,"_RNvNtNtC9rust_perf4apps8pressure14pressure_calc1",1211,104068477778444,104068477795884,0,0,8,0,32,256,1,1,1000192,1,1
"KERNEL_DISPATCH","Agent 4",1,0,205911,1212,1,"_RNvNtNtC9rust_perf4apps8pressure14pressure_calc2",1212,104068477807564,104068477837324,0,0,12,4,32,256,1,1,1000192,1,1
"KERNEL_DISPATCH","Agent 4",1,0,205911,1213,2,"_RNvNtNtC9rust_perf4apps8pressure14pressure_calc1",1213,104068477849005,104068477866605,0,0,8,0,32,256,1,1,1000192,1,1
"KERNEL_DISPATCH","Agent 4",1,0,205911,1214,1,"_RNvNtNtC9rust_perf4apps8pressure14pressure_calc2",1214,104068477877005,104068477906765,0,0,12,4,32,256,1,1,1000192,1,1
"KERNEL_DISPATCH","Agent 4",1,0,205911,1215,2,"_RNvNtNtC9rust_perf4apps8pressure14pressure_calc1",1215,104068477916845,104068477934445,0,0,8,0,32,256,1,1,1000192,1,1
"KERNEL_DISPATCH","Agent 4",1,0,205911,1216,1,"_RNvNtNtC9rust_perf4apps8pressure14pressure_calc2",1216,104068477944525,104068477974925,0,0,12,4,32,256,1,1,1000192,1,1
"KERNEL_DISPATCH","Agent 4",1,0,205911,1217,2,"_RNvNtNtC9rust_perf4apps8pressure14pressure_calc1",1217,104068477985005,104068478002445,0,0,8,0,32,256,1,1,1000192,1,1
"KERNEL_DISPATCH","Agent 4",1,0,205911,1218,1,"_RNvNtNtC9rust_perf4apps8pressure14pressure_calc2",1218,104068478014605,104068478045005,0,0,12,4,32,256,1,1,1000192,1,1
"KERNEL_DISPATCH","Agent 4",1,0,205911,1219,2,"_RNvNtNtC9rust_perf4apps8pressure14pressure_calc1",1219,104068478057645,104068478074605,0,0,8,0,32,256,1,1,1000192,1,1
"KERNEL_DISPATCH","Agent 4",1,0,205911,1220,1,"_RNvNtNtC9rust_perf4apps8pressure14pressure_calc2",1220,104068478086285,104068478115885,0,0,12,4,32,256,1,1,1000192,1,1
"KERNEL_DISPATCH","Agent 4",1,0,205911,1221,2,"_RNvNtNtC9rust_perf4apps8pressure14pressure_calc1",1221,104068478125966,104068478143406,0,0,8,0,32,256,1,1,1000192,1,1
"KERNEL_DISPATCH","Agent 4",1,0,205911,1222,1,"_RNvNtNtC9rust_perf4apps8pressure14pressure_calc2",1222,104068478155246,104068478185326,0,0,12,4,32,256,1,1,1000192,1,1
"KERNEL_DISPATCH","Agent 4",1,0,205911,1223,2,"_RNvNtNtC9rust_perf4apps8pressure14pressure_calc1",1223,104068478196846,104068478214126,0,0,8,0,32,256,1,1,1000192,1,1
"KERNEL_DISPATCH","Agent 4",1,0,205911,1224,1,"_RNvNtNtC9rust_perf4apps8pressure14pressure_calc2",1224,104068478225006,104068478255086,0,0,12,4,32,256,1,1,1000192,1,1
"KERNEL_DISPATCH","Agent 4",1,0,205911,1225,2,"_RNvNtNtC9rust_perf4apps8pressure14pressure_calc1",1225,104068478265006,104068478282446,0,0,8,0,32,256,1,1,1000192,1,1
"KERNEL_DISPATCH","Agent 4",1,0,205911,1226,1,"_RNvNtNtC9rust_perf4apps8pressure14pressure_calc2",1226,104068478294126,104068478323726,0,0,12,4,32,256,1,1,1000192,1,1
"KERNEL_DISPATCH","Agent 4",1,0,205911,1227,2,"_RNvNtNtC9rust_perf4apps8pressure14pressure_calc1",1227,104068478333806,104068478351406,0,0,8,0,32,256,1,1,1000192,1,1
"KERNEL_DISPATCH","Agent 4",1,0,205911,1228,1,"_RNvNtNtC9rust_perf4apps8pressure14pressure_calc2",1228,104068478363406,104068478393966,0,0,12,4,32,256,1,1,1000192,1,1
"KERNEL_DISPATCH","Agent 4",1,0,205911,1229,2,"_RNvNtNtC9rust_perf4apps8pressure14pressure_calc1",1229,104068478403887,104068478421647,0,0,8,0,32,256,1,1,1000192,1,1
"KERNEL_DISPATCH","Agent 4",1,0,205911,1230,1,"_RNvNtNtC9rust_perf4apps8pressure14pressure_calc2",1230,104068478431887,104068478461807,0,0,12,4,32,256,1,1,1000192,1,1
"KERNEL_DISPATCH","Agent 4",1,0,205911,1231,2,"_RNvNtNtC9rust_perf4apps8pressure14pressure_calc1",1231,104068478473487,104068478491087,0,0,8,0,32,256,1,1,1000192,1,1
"KERNEL_DISPATCH","Agent 4",1,0,205911,1232,1,"_RNvNtNtC9rust_perf4apps8pressure14pressure_calc2",1232,104068478501647,104068478531407,0,0,12,4,32,256,1,1,1000192,1,1
"KERNEL_DISPATCH","Agent 4",1,0,205911,1233,2,"_RNvNtNtC9rust_perf4apps8pressure14pressure_calc1",1233,104068478541487,104068478558767,0,0,8,0,32,256,1,1,1000192,1,1
"KERNEL_DISPATCH","Agent 4",1,0,205911,1234,1,"_RNvNtNtC9rust_perf4apps8pressure14pressure_calc2",1234,104068478570927,104068478600847,0,0,12,4,32,256,1,1,1000192,1,1
"KERNEL_DISPATCH","Agent 4",1,0,205911,1235,2,"_RNvNtNtC9rust_perf4apps8pressure14pressure_calc1",1235,104068478610767,104068478628047,0,0,8,0,32,256,1,1,1000192,1,1
"KERNEL_DISPATCH","Agent 4",1,0,205911,1236,1,"_RNvNtNtC9rust_perf4apps8pressure14pressure_calc2",1236,104068478640207,104068478669967,0,0,12,4,32,256,1,1,1000192,1,1
"KERNEL_DISPATCH","Agent 4",1,0,205911,1237,2,"_RNvNtNtC9rust_perf4apps8pressure14pressure_calc1",1237,104068478680048,104068478697488,0,0,8,0,32,256,1,1,1000192,1,1
"KERNEL_DISPATCH","Agent 4",1,0,205911,1238,1,"_RNvNtNtC9rust_perf4apps8pressure14pressure_calc2",1238,104068478707568,104068478737648,0,0,12,4,32,256,1,1,1000192,1,1
"KERNEL_DISPATCH","Agent 4",1,0,205911,1239,2,"_RNvNtNtC9rust_perf4apps8pressure14pressure_calc1",1239,104068478749488,104068478767088,0,0,8,0,32,256,1,1,1000192,1,1
"KERNEL_DISPATCH","Agent 4",1,0,205911,1240,1,"_RNvNtNtC9rust_perf4apps8pressure14pressure_calc2",1240,104068478777008,104068478807088,0,0,12,4,32,256,1,1,1000192,1,1
"KERNEL_DISPATCH","Agent 4",1,0,205911,1241,2,"_RNvNtNtC9rust_perf4apps8pressure14pressure_calc1",1241,104068478819248,104068478836688,0,0,8,0,32,256,1,1,1000192,1,1
"KERNEL_DISPATCH","Agent 4",1,0,205911,1242,1,"_RNvNtNtC9rust_perf4apps8pressure14pressure_calc2",1242,104068478846608,104068478876368,0,0,12,4,32,256,1,1,1000192,1,1
"KERNEL_DISPATCH","Agent 4",1,0,205911,1243,2,"_RNvNtNtC9rust_perf4apps8pressure14pressure_calc1",1243,104068478886288,104068478903888,0,0,8,0,32,256,1,1,1000192,1,1
"KERNEL_DISPATCH","Agent 4",1,0,205911,1244,1,"_RNvNtNtC9rust_perf4apps8pressure14pressure_calc2",1244,104068478915728,104068478945968,0,0,12,4,32,256,1,1,1000192,1,1
"KERNEL_DISPATCH","Agent 4",1,0,205911,1245,2,"_RNvNtNtC9rust_perf4apps8pressure14pressure_calc1",1245,104068478956049,104068478973649,0,0,8,0,32,256,1,1,1000192,1,1
"KERNEL_DISPATCH","Agent 4",1,0,205911,1246,1,"_RNvNtNtC9rust_perf4apps8pressure14pressure_calc2",1246,104068478985489,104068479015409,0,0,12,4,32,256,1,1,1000192,1,1
"KERNEL_DISPATCH","Agent 4",1,0,205911,1247,2,"_RNvNtNtC9rust_perf4apps8pressure14pressure_calc1",1247,104068479025489,104068479043089,0,0,8,0,32,256,1,1,1000192,1,1
"KERNEL_DISPATCH","Agent 4",1,0,205911,1248,1,"_RNvNtNtC9rust_perf4apps8pressure14pressure_calc2",1248,104068479055729,104068479085649,0,0,12,4,32,256,1,1,1000192,1,1
"KERNEL_DISPATCH","Agent 4",1,0,205911,1249,2,"_RNvNtNtC9rust_perf4apps8pressure14pressure_calc1",1249,104068479096689,104068479114129,0,0,8,0,32,256,1,1,1000192,1,1
"KERNEL_DISPATCH","Agent 4",1,0,205911,1250,1,"_RNvNtNtC9rust_perf4apps8pressure14pressure_calc2",1250,104068479126129,104068479155889,0,0,12,4,32,256,1,1,1000192,1,1
"KERNEL_DISPATCH","Agent 4",1,0,205911,1251,2,"_RNvNtNtC9rust_perf4apps8pressure14pressure_calc1",1251,104068479165969,104068479183889,0,0,8,0,32,256,1,1,1000192,1,1
"KERNEL_DISPATCH","Agent 4",1,0,205911,1252,1,"_RNvNtNtC9rust_perf4apps8pressure14pressure_calc2",1252,104068479195409,104068479225329,0,0,12,4,32,256,1,1,1000192,1,1
"KERNEL_DISPATCH","Agent 4",1,0,205911,1253,2,"_RNvNtNtC9rust_perf4apps8pressure14pressure_calc1",1253,104068479235250,104068479252850,0,0,8,0,32,256,1,1,1000192,1,1
"KERNEL_DISPATCH","Agent 4",1,0,205911,1254,1,"_RNvNtNtC9rust_perf4apps8pressure14pressure_calc2",1254,104068479262930,104068479293010,0,0,12,4,32,256,1,1,1000192,1,1
"KERNEL_DISPATCH","Agent 4",1,0,205911,1255,2,"_RNvNtNtC9rust_perf4apps8pressure14pressure_calc1",1255,104068479303090,104068479320850,0,0,8,0,32,256,1,1,1000192,1,1
"KERNEL_DISPATCH","Agent 4",1,0,205911,1256,1,"_RNvNtNtC9rust_perf4apps8pressure14pressure_calc2",1256,104068479330770,104068479360690,0,0,12,4,32,256,1,1,1000192,1,1
"KERNEL_DISPATCH","Agent 4",1,0,205911,1257,2,"_RNvNtNtC9rust_perf4apps8pressure14pressure_calc1",1257,104068479370610,104068479388370,0,0,8,0,32,256,1,1,1000192,1,1
"KERNEL_DISPATCH","Agent 4",1,0,205911,1258,1,"_RNvNtNtC9rust_perf4apps8pressure14pressure_calc2",1258,104068479398450,104068479428690,0,0,12,4,32,256,1,1,1000192,1,1
"KERNEL_DISPATCH","Agent 4",1,0,205911,1259,2,"_RNvNtNtC9rust_perf4apps8pressure14pressure_calc1",1259,104068479438610,104068479456050,0,0,8,0,32,256,1,1,1000192,1,1
"KERNEL_DISPATCH","Agent 4",1,0,205911,1260,1,"_RNvNtNtC9rust_perf4apps8pressure14pressure_calc2",1260,104068479466130,104068479496210,0,0,12,4,32,256,1,1,1000192,1,1
"KERNEL_DISPATCH","Agent 4",1,0,205911,1261,2,"_RNvNtNtC9rust_perf4apps8pressure14pressure_calc1",1261,104068479506130,104068479523571,0,0,8,0,32,256,1,1,1000192,1,1
"KERNEL_DISPATCH","Agent 4",1,0,205911,1262,1,"_RNvNtNtC9rust_perf4apps8pressure14pressure_calc2",1262,104068479533811,104068479563571,0,0,12,4,32,256,1,1,1000192,1,1
"KERNEL_DISPATCH","Agent 4",1,0,205911,1263,2,"_RNvNtNtC9rust_perf4apps8pressure14pressure_calc1",1263,104068479573651,104068479591251,0,0,8,0,32,256,1,1,1000192,1,1
"KERNEL_DISPATCH","Agent 4",1,0,205911,1264,1,"_RNvNtNtC9rust_perf4apps8pressure14pressure_calc2",1264,104068479601331,104068479631411,0,0,12,4,32,256,1,1,1000192,1,1
"KERNEL_DISPATCH","Agent 4",1,0,205911,1265,2,"_RNvNtNtC9rust_perf4apps8pressure14pressure_calc1",1265,104068479642451,104068479660051,0,0,8,0,32,256,1,1,1000192,1,1
"KERNEL_DISPATCH","Agent 4",1,0,205911,1266,1,"_RNvNtNtC9rust_perf4apps8pressure14pressure_calc2",1266,104068479671891,104068479701651,0,0,12,4,32,256,1,1,1000192,1,1
"KERNEL_DISPATCH","Agent 4",1,0,205911,1267,2,"_RNvNtNtC9rust_perf4apps8pressure14pressure_calc1",1267,104068479711731,104068479729171,0,0,8,0,32,256,1,1,1000192,1,1
"KERNEL_DISPATCH","Agent 4",1,0,205911,1268,1,"_RNvNtNtC9rust_perf4apps8pressure14pressure_calc2",1268,104068479739251,104068479769011,0,0,12,4,32,256,1,1,1000192,1,1
"KERNEL_DISPATCH","Agent 4",1,0,205911,1269,2,"_RNvNtNtC9rust_perf4apps8pressure14pressure_calc1",1269,104068479778931,104068479796532,0,0,8,0,32,256,1,1,1000192,1,1
"KERNEL_DISPATCH","Agent 4",1,0,205911,1270,1,"_RNvNtNtC9rust_perf4apps8pressure14pressure_calc2",1270,104068479808852,104068479838772,0,0,12,4,32,256,1,1,1000192,1,1
"KERNEL_DISPATCH","Agent 4",1,0,205911,1271,2,"_RNvNtNtC9rust_perf4apps8pressure14pressure_calc1",1271,104068479850932,104068479868212,0,0,8,0,32,256,1,1,1000192,1,1
"KERNEL_DISPATCH","Agent 4",1,0,205911,1272,1,"_RNvNtNtC9rust_perf4apps8pressure14pressure_calc2",1272,104068479878452,104068479908532,0,0,12,4,32,256,1,1,1000192,1,1
"KERNEL_DISPATCH","Agent 4",1,0,205911,1273,2,"_RNvNtNtC9rust_perf4apps8pressure14pressure_calc1",1273,104068479920052,104068479937332,0,0,8,0,32,256,1,1,1000192,1,1
"KERNEL_DISPATCH","Agent 4",1,0,205911,1274,1,"_RNvNtNtC9rust_perf4apps8pressure14pressure_calc2",1274,104068479947572,104068479977492,0,0,12,4,32,256,1,1,1000192,1,1
"KERNEL_DISPATCH","Agent 4",1,0,205911,1275,2,"_RNvNtNtC9rust_perf4apps8pressure14pressure_calc1",1275,104068479987572,104068480005332,0,0,8,0,32,256,1,1,1000192,1,1
"KERNEL_DISPATCH","Agent 4",1,0,205911,1276,1,"_RNvNtNtC9rust_perf4apps8pressure14pressure_calc2",1276,104068480015252,104068480045332,0,0,12,4,32,256,1,1,1000192,1,1
"KERNEL_DISPATCH","Agent 4",1,0,205911,1277,2,"_RNvNtNtC9rust_perf4apps8pressure14pressure_calc1",1277,104068480055412,104068480072533,0,0,8,0,32,256,1,1,1000192,1,1
"KERNEL_DISPATCH","Agent 4",1,0,205911,1278,1,"_RNvNtNtC9rust_perf4apps8pressure14pressure_calc2",1278,104068480082613,104068480113173,0,0,12,4,32,256,1,1,1000192,1,1
"KERNEL_DISPATCH","Agent 4",1,0,205911,1279,2,"_RNvNtNtC9rust_perf4apps8pressure14pressure_calc1",1279,104068480125173,104068480142613,0,0,8,0,32,256,1,1,1000192,1,1
"KERNEL_DISPATCH","Agent 4",1,0,205911,1280,1,"_RNvNtNtC9rust_perf4apps8pressure14pressure_calc2",1280,104068480153973,104068480184053,0,0,12,4,32,256,1,1,1000192,1,1
"KERNEL_DISPATCH","Agent 4",1,0,205911,1281,2,"_RNvNtNtC9rust_perf4apps8pressure14pressure_calc1",1281,104068480193973,104068480211413,0,0,8,0,32,256,1,1,1000192,1,1
"KERNEL_DISPATCH","Agent 4",1,0,205911,1282,1,"_RNvNtNtC9rust_perf4apps8pressure14pressure_calc2",1282,104068480222293,104068480252213,0,0,12,4,32,256,1,1,1000192,1,1
"KERNEL_DISPATCH","Agent 4",1,0,205911,1283,2,"_RNvNtNtC9rust_perf4apps8pressure14pressure_calc1",1283,104068480264053,104068480281493,0,0,8,0,32,256,1,1,1000192,1,1
"KERNEL_DISPATCH","Agent 4",1,0,205911,1284,1,"_RNvNtNtC9rust_perf4apps8pressure14pressure_calc2",1284,104068480291573,104068480321653,0,0,12,4,32,256,1,1,1000192,1,1
"KERNEL_DISPATCH","Agent 4",1,0,205911,1285,2,"_RNvNtNtC9rust_perf4apps8pressure14pressure_calc1",1285,104068480331573,104068480349014,0,0,8,0,32,256,1,1,1000192,1,1
"KERNEL_DISPATCH","Agent 4",1,0,205911,1286,1,"_RNvNtNtC9rust_perf4apps8pressure14pressure_calc2",1286,104068480360854,104068480390934,0,0,12,4,32,256,1,1,1000192,1,1
"KERNEL_DISPATCH","Agent 4",1,0,205911,1287,2,"_RNvNtNtC9rust_perf4apps8pressure14pressure_calc1",1287,104068480401174,104068480418614,0,0,8,0,32,256,1,1,1000192,1,1
"KERNEL_DISPATCH","Agent 4",1,0,205911,1288,1,"_RNvNtNtC9rust_perf4apps8pressure14pressure_calc2",1288,104068480428694,104068480458454,0,0,12,4,32,256,1,1,1000192,1,1
"KERNEL_DISPATCH","Agent 4",1,0,205911,1289,2,"_RNvNtNtC9rust_perf4apps8pressure14pressure_calc1",1289,104068480468534,104068480486134,0,0,8,0,32,256,1,1,1000192,1,1
"KERNEL_DISPATCH","Agent 4",1,0,205911,1290,1,"_RNvNtNtC9rust_perf4apps8pressure14pressure_calc2",1290,104068480496054,104068480525974,0,0,12,4,32,256,1,1,1000192,1,1
"KERNEL_DISPATCH","Agent 4",1,0,205911,1291,2,"_RNvNtNtC9rust_perf4apps8pressure14pressure_calc1",1291,104068480535894,104068480553174,0,0,8,0,32,256,1,1,1000192,1,1
"KERNEL_DISPATCH","Agent 4",1,0,205911,1292,1,"_RNvNtNtC9rust_perf4apps8pressure14pressure_calc2",1292,104068480563254,104068480593814,0,0,12,4,32,256,1,1,1000192,1,1
"KERNEL_DISPATCH","Agent 4",1,0,205911,1293,2,"_RNvNtNtC9rust_perf4apps8pressure14pressure_calc1",1293,104068480604054,104068480621174,0,0,8,0,32,256,1,1,1000192,1,1
"KERNEL_DISPATCH","Agent 4",1,0,205911,1294,1,"_RNvNtNtC9rust_perf4apps8pressure14pressure_calc2",1294,104068480631255,104068480661495,0,0,12,4,32,256,1,1,1000192,1,1
"KERNEL_DISPATCH","Agent 4",1,0,205911,1295,2,"_RNvNtNtC9rust_perf4apps8pressure14pressure_calc1",1295,104068480673335,104068480690935,0,0,8,0,32,256,1,1,1000192,1,1
"KERNEL_DISPATCH","Agent 4",1,0,205911,1296,1,"_RNvNtNtC9rust_perf4apps8pressure14pressure_calc2",1296,104068480701015,104068480730935,0,0,12,4,32,256,1,1,1000192,1,1
"KERNEL_DISPATCH","Agent 4",1,0,205911,1297,2,"_RNvNtNtC9rust_perf4apps8pressure14pressure_calc1",1297,104068480741015,104068480758775,0,0,8,0,32,256,1,1,1000192,1,1
"KERNEL_DISPATCH","Agent 4",1,0,205911,1298,1,"_RNvNtNtC9rust_perf4apps8pressure14pressure_calc2",1298,104068480770295,104068480800535,0,0,12,4,32,256,1,1,1000192,1,1
"KERNEL_DISPATCH","Agent 4",1,0,205911,1299,2,"_RNvNtNtC9rust_perf4apps8pressure14pressure_calc1",1299,104068480810615,104068480828375,0,0,8,0,32,256,1,1,1000192,1,1
"KERNEL_DISPATCH","Agent 4",1,0,205911,1300,1,"_RNvNtNtC9rust_perf4apps8pressure14pressure_calc2",1300,104068480838455,104068480868535,0,0,12,4,32,256,1,1,1000192,1,1
"KERNEL_DISPATCH","Agent 4",1,0,205911,1301,2,"_RNvNtNtC9rust_perf4apps8pressure14pressure_calc1",1301,104068480878775,104068480896535,0,0,8,0,32,256,1,1,1000192,1,1
"KERNEL_DISPATCH","Agent 4",1,0,205911,1302,1,"_RNvNtNtC9rust_perf4apps8pressure14pressure_calc2",1302,104068480908536,104068480938616,0,0,12,4,32,256,1,1,1000192,1,1
"KERNEL_DISPATCH","Agent 4",1,0,205911,1303,2,"_RNvNtNtC9rust_perf4apps8pressure14pressure_calc1",1303,104068480949496,104068480967096,0,0,8,0,32,256,1,1,1000192,1,1
"KERNEL_DISPATCH","Agent 4",1,0,205911,1304,1,"_RNvNtNtC9rust_perf4apps8pressure14pressure_calc2",1304,104068480977336,104068481006936,0,0,12,4,32,256,1,1,1000192,1,1
"KERNEL_DISPATCH","Agent 4",1,0,205911,1305,2,"_RNvNtNtC9rust_perf4apps8pressure14pressure_calc1",1305,104068481017176,104068481034456,0,0,8,0,32,256,1,1,1000192,1,1
"KERNEL_DISPATCH","Agent 4",1,0,205911,1306,1,"_RNvNtNtC9rust_perf4apps8pressure14pressure_calc2",1306,104068481046456,104068481077016,0,0,12,4,32,256,1,1,1000192,1,1
"KERNEL_DISPATCH","Agent 4",1,0,205911,1307,2,"_RNvNtNtC9rust_perf4apps8pressure14pressure_calc1",1307,104068481088856,104068481106136,0,0,8,0,32,256,1,1,1000192,1,1
"KERNEL_DISPATCH","Agent 4",1,0,205911,1308,1,"_RNvNtNtC9rust_perf4apps8pressure14pressure_calc2",1308,104068481116536,104068481146936,0,0,12,4,32,256,1,1,1000192,1,1
"KERNEL_DISPATCH","Agent 4",1,0,205911,1309,2,"_RNvNtNtC9rust_perf4apps8pressure14pressure_calc1",1309,104068481157176,104068481174776,0,0,8,0,32,256,1,1,1000192,1,1
"KERNEL_DISPATCH","Agent 4",1,0,205911,1310,1,"_RNvNtNtC9rust_perf4apps8pressure14pressure_calc2",1310,104068481186617,104068481216857,0,0,12,4,32,256,1,1,1000192,1,1
"KERNEL_DISPATCH","Agent 4",1,0,205911,1311,2,"_RNvNtNtC9rust_perf4apps8pressure14pressure_calc1",1311,104068481228697,104068481246137,0,0,8,0,32,256,1,1,1000192,1,1
"KERNEL_DISPATCH","Agent 4",1,0,205911,1312,1,"_RNvNtNtC9rust_perf4apps8pressure14pressure_calc2",1312,104068481257977,104068481287897,0,0,12,4,32,256,1,1,1000192,1,1
"KERNEL_DISPATCH","Agent 4",1,0,205911,1313,2,"_RNvNtNtC9rust_perf4apps8pressure14pressure_calc1",1313,104068481299417,104068481316857,0,0,8,0,32,256,1,1,1000192,1,1
"KERNEL_DISPATCH","Agent 4",1,0,205911,1314,1,"_RNvNtNtC9rust_perf4apps8pressure14pressure_calc2",1314,104068481328857,104068481358777,0,0,12,4,32,256,1,1,1000192,1,1
"KERNEL_DISPATCH","Agent 4",1,0,205911,1315,2,"_RNvNtNtC9rust_perf4apps8pressure14pressure_calc1",1315,104068481368857,104068481385977,0,0,8,0,32,256,1,1,1000192,1,1
"KERNEL_DISPATCH","Agent 4",1,0,205911,1316,1,"_RNvNtNtC9rust_perf4apps8pressure14pressure_calc2",1316,104068481396057,104068481425977,0,0,12,4,32,256,1,1,1000192,1,1
"KERNEL_DISPATCH","Agent 4",1,0,205911,1317,2,"_RNvNtNtC9rust_perf4apps8pressure14pressure_calc1",1317,104068481436057,104068481453657,0,0,8,0,32,256,1,1,1000192,1,1
"KERNEL_DISPATCH","Agent 4",1,0,205911,1318,1,"_RNvNtNtC9rust_perf4apps8pressure14pressure_calc2",1318,104068481463738,104068481493818,0,0,12,4,32,256,1,1,1000192,1,1
"KERNEL_DISPATCH","Agent 4",1,0,205911,1319,2,"_RNvNtNtC9rust_perf4apps8pressure14pressure_calc1",1319,104068481503738,104068481521338,0,0,8,0,32,256,1,1,1000192,1,1
"KERNEL_DISPATCH","Agent 4",1,0,205911,1320,1,"_RNvNtNtC9rust_perf4apps8pressure14pressure_calc2",1320,104068481531258,104068481561338,0,0,12,4,32,256,1,1,1000192,1,1
"KERNEL_DISPATCH","Agent 4",1,0,205911,1321,2,"_RNvNtNtC9rust_perf4apps8pressure14pressure_calc1",1321,104068481573178,104068481590618,0,0,8,0,32,256,1,1,1000192,1,1
"KERNEL_DISPATCH","Agent 4",1,0,205911,1322,1,"_RNvNtNtC9rust_perf4apps8pressure14pressure_calc2",1322,104068481600698,104068481630618,0,0,12,4,32,256,1,1,1000192,1,1
"KERNEL_DISPATCH","Agent 4",1,0,205911,1323,2,"_RNvNtNtC9rust_perf4apps8pressure14pressure_calc1",1323,104068481641178,104068481658618,0,0,8,0,32,256,1,1,1000192,1,1
"KERNEL_DISPATCH","Agent 4",1,0,205911,1324,1,"_RNvNtNtC9rust_perf4apps8pressure14pressure_calc2",1324,104068481668698,104068481698618,0,0,12,4,32,256,1,1,1000192,1,1
"KERNEL_DISPATCH","Agent 4",1,0,205911,1325,2,"_RNvNtNtC9rust_perf4apps8pressure14pressure_calc1",1325,104068481708698,104068481726138,0,0,8,0,32,256,1,1,1000192,1,1
"KERNEL_DISPATCH","Agent 4",1,0,205911,1326,1,"_RNvNtNtC9rust_perf4apps8pressure14pressure_calc2",1326,104068481737978,104068481768059,0,0,12,4,32,256,1,1,1000192,1,1
"KERNEL_DISPATCH","Agent 4",1,0,205911,1327,2,"_RNvNtNtC9rust_perf4apps8pressure14pressure_calc1",1327,104068481778139,104068481795739,0,0,8,0,32,256,1,1,1000192,1,1
"KERNEL_DISPATCH","Agent 4",1,0,205911,1328,1,"_RNvNtNtC9rust_perf4apps8pressure14pressure_calc2",1328,104068481807419,104068481838139,0,0,12,4,32,256,1,1,1000192,1,1
"KERNEL_DISPATCH","Agent 4",1,0,205911,1329,2,"_RNvNtNtC9rust_perf4apps8pressure14pressure_calc1",1329,104068481848059,104068481865819,0,0,8,0,32,256,1,1,1000192,1,1
"KERNEL_DISPATCH","Agent 4",1,0,205911,1330,1,"_RNvNtNtC9rust_perf4apps8pressure14pressure_calc2",1330,104068481875899,104068481905659,0,0,12,4,32,256,1,1,1000192,1,1
"KERNEL_DISPATCH","Agent 4",1,0,205911,1331,2,"_RNvNtNtC9rust_perf4apps8pressure14pressure_calc1",1331,104068481917339,104068481935259,0,0,8,0,32,256,1,1,1000192,1,1
"KERNEL_DISPATCH","Agent 4",1,0,205911,1332,1,"_RNvNtNtC9rust_perf4apps8pressure14pressure_calc2",1332,104068481946299,104068481976379,0,0,12,4,32,256,1,1,1000192,1,1
"KERNEL_DISPATCH","Agent 4",1,0,205911,1333,2,"_RNvNtNtC9rust_perf4apps8pressure14pressure_calc1",1333,104068481988059,104068482005659,0,0,8,0,32,256,1,1,1000192,1,1
"KERNEL_DISPATCH","Agent 4",1,0,205911,1334,1,"_RNvNtNtC9rust_perf4apps8pressure14pressure_calc2",1334,104068482016219,104068482045820,0,0,12,4,32,256,1,1,1000192,1,1
"KERNEL_DISPATCH","Agent 4",1,0,205911,1335,2,"_RNvNtNtC9rust_perf4apps8pressure14pressure_calc1",1335,104068482058620,104068482075740,0,0,8,0,32,256,1,1,1000192,1,1
"KERNEL_DISPATCH","Agent 4",1,0,205911,1336,1,"_RNvNtNtC9rust_perf4apps8pressure14pressure_calc2",1336,104068482087580,104068482117660,0,0,12,4,32,256,1,1,1000192,1,1
"KERNEL_DISPATCH","Agent 4",1,0,205911,1337,2,"_RNvNtNtC9rust_perf4apps8pressure14pressure_calc1",1337,104068482128860,104068482145980,0,0,8,0,32,256,1,1,1000192,1,1
"KERNEL_DISPATCH","Agent 4",1,0,205911,1340,1,"_RNvNtNtC9rust_perf4apps8pressure14pressure_calc2",1340,104068482223900,104068482253980,0,0,12,4,32,256,1,1,1000192,1,1
"KERNEL_DISPATCH","Agent 4",1,0,205911,1342,1,"_RNvNtNtC9rust_perf4apps8pressure14pressure_calc2",1342,104068482292220,104068482321981,0,0,12,4,32,256,1,1,1000192,1,1
"KERNEL_DISPATCH","Agent 4",1,0,205911,1339,2,"_RNvNtNtC9rust_perf4apps8pressure14pressure_calc1",1339,104068482195900,104068482213820,0,0,8,0,32,256,1,1,1000192,1,1
"KERNEL_DISPATCH","Agent 4",1,0,205911,1341,2,"_RNvNtNtC9rust_perf4apps8pressure14pressure_calc1",1341,104068482264700,104068482282140,0,0,8,0,32,256,1,1,1000192,1,1
"KERNEL_DISPATCH","Agent 4",1,0,205911,1338,1,"_RNvNtNtC9rust_perf4apps8pressure14pressure_calc2",1338,104068482156060,104068482185980,0,0,12,4,32,256,1,1,1000192,1,1
"KERNEL_DISPATCH","Agent 4",1,0,205911,1343,2,"_RNvNtNtC9rust_perf4apps8pressure14pressure_calc1",1343,104068482333821,104068482351421,0,0,8,0,32,256,1,1,1000192,1,1
"KERNEL_DISPATCH","Agent 4",1,0,205911,1344,1,"_RNvNtNtC9rust_perf4apps8pressure14pressure_calc2",1344,104068482363101,104068482393021,0,0,12,4,32,256,1,1,1000192,1,1
"KERNEL_DISPATCH","Agent 4",1,0,205911,1345,2,"_RNvNtNtC9rust_perf4apps8pressure14pressure_calc1",1345,104068482403101,104068482420541,0,0,8,0,32,256,1,1,1000192,1,1
"KERNEL_DISPATCH","Agent 4",1,0,205911,1346,1,"_RNvNtNtC9rust_perf4apps8pressure14pressure_calc2",1346,104068482430621,104068482460861,0,0,12,4,32,256,1,1,1000192,1,1
"KERNEL_DISPATCH","Agent 4",1,0,205911,1347,2,"_RNvNtNtC9rust_perf4apps8pressure14pressure_calc1",1347,104068482473341,104068482490781,0,0,8,0,32,256,1,1,1000192,1,1
"KERNEL_DISPATCH","Agent 4",1,0,205911,1348,1,"_RNvNtNtC9rust_perf4apps8pressure14pressure_calc2",1348,104068482501021,104068482530941,0,0,12,4,32,256,1,1,1000192,1,1
"KERNEL_DISPATCH","Agent 4",1,0,205911,1349,2,"_RNvNtNtC9rust_perf4apps8pressure14pressure_calc1",1349,104068482540861,104068482558461,0,0,8,0,32,256,1,1,1000192,1,1
"KERNEL_DISPATCH","Agent 4",1,0,205911,1350,1,"_RNvNtNtC9rust_perf4apps8pressure14pressure_calc2",1350,104068482568541,104068482598142,0,0,12,4,32,256,1,1,1000192,1,1
"KERNEL_DISPATCH","Agent 4",1,0,205911,1351,2,"_RNvNtNtC9rust_perf4apps8pressure14pressure_calc1",1351,104068482608062,104068482625662,0,0,8,0,32,256,1,1,1000192,1,1
"KERNEL_DISPATCH","Agent 4",1,0,205911,1352,1,"_RNvNtNtC9rust_perf4apps8pressure14pressure_calc2",1352,104068482636222,104068482666302,0,0,12,4,32,256,1,1,1000192,1,1
"KERNEL_DISPATCH","Agent 4",1,0,205911,1353,2,"_RNvNtNtC9rust_perf4apps8pressure14pressure_calc1",1353,104068482676222,104068482693502,0,0,8,0,32,256,1,1,1000192,1,1
"KERNEL_DISPATCH","Agent 4",1,0,205911,1354,1,"_RNvNtNtC9rust_perf4apps8pressure14pressure_calc2",1354,104068482705342,104068482735582,0,0,12,4,32,256,1,1,1000192,1,1
"KERNEL_DISPATCH","Agent 4",1,0,205911,1355,2,"_RNvNtNtC9rust_perf4apps8pressure14pressure_calc1",1355,104068482745662,104068482763262,0,0,8,0,32,256,1,1,1000192,1,1
"KERNEL_DISPATCH","Agent 4",1,0,205911,1356,1,"_RNvNtNtC9rust_perf4apps8pressure14pressure_calc2",1356,104068482773182,104068482803742,0,0,12,4,32,256,1,1,1000192,1,1
"KERNEL_DISPATCH","Agent 4",1,0,205911,1357,2,"_RNvNtNtC9rust_perf4apps8pressure14pressure_calc1",1357,104068482815902,104068482833502,0,0,8,0,32,256,1,1,1000192,1,1
"KERNEL_DISPATCH","Agent 4",1,0,205911,1358,1,"_RNvNtNtC9rust_perf4apps8pressure14pressure_calc2",1358,104068482845182,104068482874783,0,0,12,4,32,256,1,1,1000192,1,1
"KERNEL_DISPATCH","Agent 4",1,0,205911,1359,2,"_RNvNtNtC9rust_perf4apps8pressure14pressure_calc1",1359,104068482886783,104068482903903,0,0,8,0,32,256,1,1,1000192,1,1
"KERNEL_DISPATCH","Agent 4",1,0,205911,1360,1,"_RNvNtNtC9rust_perf4apps8pressure14pressure_calc2",1360,104068482913983,104068482943903,0,0,12,4,32,256,1,1,1000192,1,1
"KERNEL_DISPATCH","Agent 4",1,0,205911,1361,2,"_RNvNtNtC9rust_perf4apps8pressure14pressure_calc1",1361,104068482954783,104068482972383,0,0,8,0,32,256,1,1,1000192,1,1
"KERNEL_DISPATCH","Agent 4",1,0,205911,1362,1,"_RNvNtNtC9rust_perf4apps8pressure14pressure_calc2",1362,104068482983423,104068483013183,0,0,12,4,32,256,1,1,1000192,1,1
"KERNEL_DISPATCH","Agent 4",1,0,205911,1363,2,"_RNvNtNtC9rust_perf4apps8pressure14pressure_calc1",1363,104068483023263,104068483040863,0,0,8,0,32,256,1,1,1000192,1,1
"KERNEL_DISPATCH","Agent 4",1,0,205911,1364,1,"_RNvNtNtC9rust_perf4apps8pressure14pressure_calc2",1364,104068483053343,104068483084063,0,0,12,4,32,256,1,1,1000192,1,1
"KERNEL_DISPATCH","Agent 4",1,0,205911,1365,2,"_RNvNtNtC9rust_perf4apps8pressure14pressure_calc1",1365,104068483093983,104068483111263,0,0,8,0,32,256,1,1,1000192,1,1
"KERNEL_DISPATCH","Agent 4",1,0,205911,1366,1,"_RNvNtNtC9rust_perf4apps8pressure14pressure_calc2",1366,104068483123583,104068483153664,0,0,12,4,32,256,1,1,1000192,1,1
"KERNEL_DISPATCH","Agent 4",1,0,205911,1367,2,"_RNvNtNtC9rust_perf4apps8pressure14pressure_calc1",1367,104068483163744,104068483181344,0,0,8,0,32,256,1,1,1000192,1,1
"KERNEL_DISPATCH","Agent 4",1,0,205911,1368,1,"_RNvNtNtC9rust_perf4apps8pressure14pressure_calc2",1368,104068483193184,104068483222944,0,0,12,4,32,256,1,1,1000192,1,1
"KERNEL_DISPATCH","Agent 4",1,0,205911,1369,2,"_RNvNtNtC9rust_perf4apps8pressure14pressure_calc1",1369,104068483233184,104068483250944,0,0,8,0,32,256,1,1,1000192,1,1
"KERNEL_DISPATCH","Agent 4",1,0,205911,1370,1,"_RNvNtNtC9rust_perf4apps8pressure14pressure_calc2",1370,104068483262464,104068483292704,0,0,12,4,32,256,1,1,1000192,1,1
"KERNEL_DISPATCH","Agent 4",1,0,205911,1371,2,"_RNvNtNtC9rust_perf4apps8pressure14pressure_calc1",1371,104068483304384,104068483321504,0,0,8,0,32,256,1,1,1000192,1,1
"KERNEL_DISPATCH","Agent 4",1,0,205911,1372,1,"_RNvNtNtC9rust_perf4apps8pressure14pressure_calc2",1372,104068483333344,104068483363264,0,0,12,4,32,256,1,1,1000192,1,1
"KERNEL_DISPATCH","Agent 4",1,0,205911,1373,2,"_RNvNtNtC9rust_perf4apps8pressure14pressure_calc1",1373,104068483373344,104068483391264,0,0,8,0,32,256,1,1,1000192,1,1
"KERNEL_DISPATCH","Agent 4",1,0,205911,1374,1,"_RNvNtNtC9rust_perf4apps8pressure14pressure_calc2",1374,104068483401344,104068483431265,0,0,12,4,32,256,1,1,1000192,1,1
"KERNEL_DISPATCH","Agent 4",1,0,205911,1375,2,"_RNvNtNtC9rust_perf4apps8pressure14pressure_calc1",1375,104068483441345,104068483459265,0,0,8,0,32,256,1,1,1000192,1,1
"KERNEL_DISPATCH","Agent 4",1,0,205911,1376,1,"_RNvNtNtC9rust_perf4apps8pressure14pressure_calc2",1376,104068483471265,104068483501345,0,0,12,4,32,256,1,1,1000192,1,1
"KERNEL_DISPATCH","Agent 4",1,0,205911,1377,2,"_RNvNtNtC9rust_perf4apps8pressure14pressure_calc1",1377,104068483511265,104068483528705,0,0,8,0,32,256,1,1,1000192,1,1
"KERNEL_DISPATCH","Agent 4",1,0,205911,1378,1,"_RNvNtNtC9rust_perf4apps8pressure14pressure_calc2",1378,104068483538727,104068483568327,0,0,12,4,32,256,1,1,1000192,1,1
"KERNEL_DISPATCH","Agent 4",1,0,205911,1379,2,"_RNvNtNtC9rust_perf4apps8pressure14pressure_calc1",1379,104068483578407,104068483595847,0,0,8,0,32,256,1,1,1000192,1,1
"KERNEL_DISPATCH","Agent 4",1,0,205911,1380,1,"_RNvNtNtC9rust_perf4apps8pressure14pressure_calc2",1380,104068483605767,104068483635847,0,0,12,4,32,256,1,1,1000192,1,1
"KERNEL_DISPATCH","Agent 4",1,0,205911,1381,2,"_RNvNtNtC9rust_perf4apps8pressure14pressure_calc1",1381,104068483645927,104068483663527,0,0,8,0,32,256,1,1,1000192,1,1
"KERNEL_DISPATCH","Agent 4",1,0,205911,1382,1,"_RNvNtNtC9rust_perf4apps8pressure14pressure_calc2",1382,104068483675207,104068483705287,0,0,12,4,32,256,1,1,1000192,1,1
"KERNEL_DISPATCH","Agent 4",1,0,205911,1383,2,"_RNvNtNtC9rust_perf4apps8pressure14pressure_calc1",1383,104068483715367,104068483733127,0,0,8,0,32,256,1,1,1000192,1,1
"KERNEL_DISPATCH","Agent 4",1,0,205911,1384,1,"_RNvNtNtC9rust_perf4apps8pressure14pressure_calc2",1384,104068483745127,104068483775367,0,0,12,4,32,256,1,1,1000192,1,1
"KERNEL_DISPATCH","Agent 4",1,0,205911,1385,2,"_RNvNtNtC9rust_perf4apps8pressure14pressure_calc1",1385,104068483785768,104068483803048,0,0,8,0,32,256,1,1,1000192,1,1
"KERNEL_DISPATCH","Agent 4",1,0,205911,1386,1,"_RNvNtNtC9rust_perf4apps8pressure14pressure_calc2",1386,104068483813928,104068483843848,0,0,12,4,32,256,1,1,1000192,1,1
"KERNEL_DISPATCH","Agent 4",1,0,205911,1387,2,"_RNvNtNtC9rust_perf4apps8pressure14pressure_calc1",1387,104068483853928,104068483871848,0,0,8,0,32,256,1,1,1000192,1,1
"KERNEL_DISPATCH","Agent 4",1,0,205911,1388,1,"_RNvNtNtC9rust_perf4apps8pressure14pressure_calc2",1388,104068483883688,104068483913288,0,0,12,4,32,256,1,1,1000192,1,1
"KERNEL_DISPATCH","Agent 4",1,0,205911,1389,2,"_RNvNtNtC9rust_perf4apps8pressure14pressure_calc1",1389,104068483923208,104068483940488,0,0,8,0,32,256,1,1,1000192,1,1
"KERNEL_DISPATCH","Agent 4",1,0,205911,1390,1,"_RNvNtNtC9rust_perf4apps8pressure14pressure_calc2",1390,104068483950568,104068483980488,0,0,12,4,32,256,1,1,1000192,1,1
"KERNEL_DISPATCH","Agent 4",1,0,205911,1391,2,"_RNvNtNtC9rust_perf4apps8pressure14pressure_calc1",1391,104068483991208,104068484009129,0,0,8,0,32,256,1,1,1000192,1,1
"KERNEL_DISPATCH","Agent 4",1,0,205911,1392,1,"_RNvNtNtC9rust_perf4apps8pressure14pressure_calc2",1392,104068484019049,104068484049289,0,0,12,4,32,256,1,1,1000192,1,1
"KERNEL_DISPATCH","Agent 4",1,0,205911,1393,2,"_RNvNtNtC9rust_perf4apps8pressure14pressure_calc1",1393,104068484059369,104068484076969,0,0,8,0,32,256,1,1,1000192,1,1
"KERNEL_DISPATCH","Agent 4",1,0,205911,1394,1,"_RNvNtNtC9rust_perf4apps8pressure14pressure_calc2",1394,104068484086889,104068484117289,0,0,12,4,32,256,1,1,1000192,1,1
"KERNEL_DISPATCH","Agent 4",1,0,205911,1395,2,"_RNvNtNtC9rust_perf4apps8pressure14pressure_calc1",1395,104068484128329,104068484145289,0,0,8,0,32,256,1,1,1000192,1,1
"KERNEL_DISPATCH","Agent 4",1,0,205911,1396,1,"_RNvNtNtC9rust_perf4apps8pressure14pressure_calc2",1396,104068484157289,104068484187049,0,0,12,4,32,256,1,1,1000192,1,1
"KERNEL_DISPATCH","Agent 4",1,0,205911,1397,2,"_RNvNtNtC9rust_perf4apps8pressure14pressure_calc1",1397,104068484196969,104068484214410,0,0,8,0,32,256,1,1,1000192,1,1
"KERNEL_DISPATCH","Agent 4",1,0,205911,1398,1,"_RNvNtNtC9rust_perf4apps8pressure14pressure_calc2",1398,104068484226890,104068484256650,0,0,12,4,32,256,1,1,1000192,1,1
"KERNEL_DISPATCH","Agent 4",1,0,205911,1399,2,"_RNvNtNtC9rust_perf4apps8pressure14pressure_calc1",1399,104068484266730,104068484284330,0,0,8,0,32,256,1,1,1000192,1,1
"KERNEL_DISPATCH","Agent 4",1,0,205911,1400,1,"_RNvNtNtC9rust_perf4apps8pressure14pressure_calc2",1400,104068484294410,104068484324170,0,0,12,4,32,256,1,1,1000192,1,1
"KERNEL_DISPATCH","Agent 4",1,0,205911,1401,2,"_RNvNtNtC9rust_perf4apps8pressure14pressure_calc1",1401,104068484334250,104068484352010,0,0,8,0,32,256,1,1,1000192,1,1
"KERNEL_DISPATCH","Agent 4",1,0,205911,1402,1,"_RNvNtNtC9rust_perf4apps8pressure14pressure_calc2",1402,104068484361930,104068484392170,0,0,12,4,32,256,1,1,1000192,1,1
"KERNEL_DISPATCH","Agent 4",1,0,205911,1403,2,"_RNvNtNtC9rust_perf4apps8pressure14pressure_calc1",1403,104068484402410,104068484420011,0,0,8,0,32,256,1,1,1000192,1,1
"KERNEL_DISPATCH","Agent 4",1,0,205911,1404,1,"_RNvNtNtC9rust_perf4apps8pressure14pressure_calc2",1404,104068484429931,104068484460011,0,0,12,4,32,256,1,1,1000192,1,1
"KERNEL_DISPATCH","Agent 4",1,0,205911,1405,2,"_RNvNtNtC9rust_perf4apps8pressure14pressure_calc1",1405,104068484470091,104068484487531,0,0,8,0,32,256,1,1,1000192,1,1
"KERNEL_DISPATCH","Agent 4",1,0,205911,1406,1,"_RNvNtNtC9rust_perf4apps8pressure14pressure_calc2",1406,104068484499531,104068484529451,0,0,12,4,32,256,1,1,1000192,1,1
"KERNEL_DISPATCH","Agent 4",1,0,205911,1407,2,"_RNvNtNtC9rust_perf4apps8pressure14pressure_calc1",1407,104068484539691,104068484557291,0,0,8,0,32,256,1,1,1000192,1,1
"KERNEL_DISPATCH","Agent 4",1,0,205911,1408,1,"_RNvNtNtC9rust_perf4apps8pressure14pressure_calc2",1408,104068484567691,104068484597611,0,0,12,4,32,256,1,1,1000192,1,1
"KERNEL_DISPATCH","Agent 4",1,0,205911,1409,2,"_RNvNtNtC9rust_perf4apps8pressure14pressure_calc1",1409,104068484607531,104068484625132,0,0,8,0,32,256,1,1,1000192,1,1
"KERNEL_DISPATCH","Agent 4",1,0,205911,1410,1,"_RNvNtNtC9rust_perf4apps8pressure14pressure_calc2",1410,104068484636012,104068484665772,0,0,12,4,32,256,1,1,1000192,1,1
"KERNEL_DISPATCH","Agent 4",1,0,205911,1411,2,"_RNvNtNtC9rust_perf4apps8pressure14pressure_calc1",1411,104068484677772,104068484695372,0,0,8,0,32,256,1,1,1000192,1,1
"KERNEL_DISPATCH","Agent 4",1,0,205911,1412,1,"_RNvNtNtC9rust_perf4apps8pressure14pressure_calc2",1412,104068484705452,104068484735372,0,0,12,4,32,256,1,1,1000192,1,1
"KERNEL_DISPATCH","Agent 4",1,0,205911,1413,2,"_RNvNtNtC9rust_perf4apps8pressure14pressure_calc1",1413,104068484745292,104068484763212,0,0,8,0,32,256,1,1,1000192,1,1
"KERNEL_DISPATCH","Agent 4",1,0,205911,1414,1,"_RNvNtNtC9rust_perf4apps8pressure14pressure_calc2",1414,104068484773132,104068484803212,0,0,12,4,32,256,1,1,1000192,1,1
"KERNEL_DISPATCH","Agent 4",1,0,205911,1415,2,"_RNvNtNtC9rust_perf4apps8pressure14pressure_calc1",1415,104068484814892,104068484832653,0,0,8,0,32,256,1,1,1000192,1,1
"KERNEL_DISPATCH","Agent 4",1,0,205911,1416,1,"_RNvNtNtC9rust_perf4apps8pressure14pressure_calc2",1416,104068484842573,104068484872493,0,0,12,4,32,256,1,1,1000192,1,1
"KERNEL_DISPATCH","Agent 4",1,0,205911,1417,2,"_RNvNtNtC9rust_perf4apps8pressure14pressure_calc1",1417,104068484882413,104068484899693,0,0,8,0,32,256,1,1,1000192,1,1
"KERNEL_DISPATCH","Agent 4",1,0,205911,1418,1,"_RNvNtNtC9rust_perf4apps8pressure14pressure_calc2",1418,104068484909613,104068484939533,0,0,12,4,32,256,1,1,1000192,1,1
"KERNEL_DISPATCH","Agent 4",1,0,205911,1419,2,"_RNvNtNtC9rust_perf4apps8pressure14pressure_calc1",1419,104068484949613,104068484967053,0,0,8,0,32,256,1,1,1000192,1,1
"KERNEL_DISPATCH","Agent 4",1,0,205911,1420,1,"_RNvNtNtC9rust_perf4apps8pressure14pressure_calc2",1420,104068484977133,104068485007373,0,0,12,4,32,256,1,1,1000192,1,1
"KERNEL_DISPATCH","Agent 4",1,0,205911,1421,2,"_RNvNtNtC9rust_perf4apps8pressure14pressure_calc1",1421,104068485017293,104068485035053,0,0,8,0,32,256,1,1,1000192,1,1
"KERNEL_DISPATCH","Agent 4",1,0,205911,1422,1,"_RNvNtNtC9rust_perf4apps8pressure14pressure_calc2",1422,104068485047534,104068485077934,0,0,12,4,32,256,1,1,1000192,1,1
"KERNEL_DISPATCH","Agent 4",1,0,205911,1423,2,"_RNvNtNtC9rust_perf4apps8pressure14pressure_calc1",1423,104068485090254,104068485107534,0,0,8,0,32,256,1,1,1000192,1,1
"KERNEL_DISPATCH","Agent 4",1,0,205911,1424,1,"_RNvNtNtC9rust_perf4apps8pressure14pressure_calc2",1424,104068485117614,104068485147694,0,0,12,4,32,256,1,1,1000192,1,1
"KERNEL_DISPATCH","Agent 4",1,0,205911,1425,2,"_RNvNtNtC9rust_perf4apps8pressure14pressure_calc1",1425,104068485159374,104068485176494,0,0,8,0,32,256,1,1,1000192,1,1
"KERNEL_DISPATCH","Agent 4",1,0,205911,1426,1,"_RNvNtNtC9rust_perf4apps8pressure14pressure_calc2",1426,104068485188334,104068485218094,0,0,12,4,32,256,1,1,1000192,1,1
"KERNEL_DISPATCH","Agent 4",1,0,205911,1427,2,"_RNvNtNtC9rust_perf4apps8pressure14pressure_calc1",1427,104068485229934,104068485247374,0,0,8,0,32,256,1,1,1000192,1,1
"KERNEL_DISPATCH","Agent 4",1,0,205911,1428,1,"_RNvNtNtC9rust_perf4apps8pressure14pressure_calc2",1428,104068485259375,104068485289455,0,0,12,4,32,256,1,1,1000192,1,1
"KERNEL_DISPATCH","Agent 4",1,0,205911,1429,2,"_RNvNtNtC9rust_perf4apps8pressure14pressure_calc1",1429,104068485301455,104068485318895,0,0,8,0,32,256,1,1,1000192,1,1
"KERNEL_DISPATCH","Agent 4",1,0,205911,1430,1,"_RNvNtNtC9rust_perf4apps8pressure14pressure_calc2",1430,104068485328815,104068485358895,0,0,12,4,32,256,1,1,1000192,1,1
"KERNEL_DISPATCH","Agent 4",1,0,205911,1431,2,"_RNvNtNtC9rust_perf4apps8pressure14pressure_calc1",1431,104068485369615,104068485386895,0,0,8,0,32,256,1,1,1000192,1,1
"KERNEL_DISPATCH","Agent 4",1,0,205911,1432,1,"_RNvNtNtC9rust_perf4apps8pressure14pressure_calc2",1432,104068485396975,104068485426895,0,0,12,4,32,256,1,1,1000192,1,1
"KERNEL_DISPATCH","Agent 4",1,0,205911,1433,2,"_RNvNtNtC9rust_perf4apps8pressure14pressure_calc1",1433,104068485436975,104068485454575,0,0,8,0,32,256,1,1,1000192,1,1
"KERNEL_DISPATCH","Agent 4",1,0,205911,1434,1,"_RNvNtNtC9rust_perf4apps8pressure14pressure_calc2",1434,104068485464816,104068485494896,0,0,12,4,32,256,1,1,1000192,1,1
"KERNEL_DISPATCH","Agent 4",1,0,205911,1435,2,"_RNvNtNtC9rust_perf4apps8pressure14pressure_calc1",1435,104068485504976,104068485522416,0,0,8,0,32,256,1,1,1000192,1,1
"KERNEL_DISPATCH","Agent 4",1,0,205911,1436,1,"_RNvNtNtC9rust_perf4apps8pressure14pressure_calc2",1436,104068485532336,104068485562736,0,0,12,4,32,256,1,1,1000192,1,1
"KERNEL_DISPATCH","Agent 4",1,0,205911,1437,2,"_RNvNtNtC9rust_perf4apps8pressure14pressure_calc1",1437,104068485574256,104068485592016,0,0,8,0,32,256,1,1,1000192,1,1
"KERNEL_DISPATCH","Agent 4",1,0,205911,1438,1,"_RNvNtNtC9rust_perf4apps8pressure14pressure_calc2",1438,104068485603856,104068485633456,0,0,12,4,32,256,1,1,1000192,1,1
"KERNEL_DISPATCH","Agent 4",1,0,205911,1439,2,"_RNvNtNtC9rust_perf4apps8pressure14pressure_calc1",1439,104068485643536,104068485661296,0,0,8,0,32,256,1,1,1000192,1,1
"KERNEL_DISPATCH","Agent 4",1,0,205911,1440,1,"_RNvNtNtC9rust_perf4apps8pressure14pressure_calc2",1440,104068485671217,104068485700977,0,0,12,4,32,256,1,1,1000192,1,1
"KERNEL_DISPATCH","Agent 4",1,0,205911,1441,2,"_RNvNtNtC9rust_perf4apps8pressure14pressure_calc1",1441,104068485711217,104068485728657,0,0,8,0,32,256,1,1,1000192,1,1
"KERNEL_DISPATCH","Agent 4",1,0,205911,1442,1,"_RNvNtNtC9rust_perf4apps8pressure14pressure_calc2",1442,104068485740817,104068485771377,0,0,12,4,32,256,1,1,1000192,1,1
"KERNEL_DISPATCH","Agent 4",1,0,205911,1443,2,"_RNvNtNtC9rust_perf4apps8pressure14pressure_calc1",1443,104068485781457,104068485798577,0,0,8,0,32,256,1,1,1000192,1,1
"KERNEL_DISPATCH","Agent 4",1,0,205911,1444,1,"_RNvNtNtC9rust_perf4apps8pressure14pressure_calc2",1444,104068485808497,104068485838737,0,0,12,4,32,256,1,1,1000192,1,1
"KERNEL_DISPATCH","Agent 4",1,0,205911,1445,2,"_RNvNtNtC9rust_perf4apps8pressure14pressure_calc1",1445,104068485848657,104068485865937,0,0,8,0,32,256,1,1,1000192,1,1
"KERNEL_DISPATCH","Agent 4",1,0,205911,1446,1,"_RNvNtNtC9rust_perf4apps8pressure14pressure_calc2",1446,104068485877618,104068485907698,0,0,12,4,32,256,1,1,1000192,1,1
"KERNEL_DISPATCH","Agent 4",1,0,205911,1447,2,"_RNvNtNtC9rust_perf4apps8pressure14pressure_calc1",1447,104068485919218,104068485936658,0,0,8,0,32,256,1,1,1000192,1,1
"KERNEL_DISPATCH","Agent 4",1,0,205911,1448,1,"_RNvNtNtC9rust_perf4apps8pressure14pressure_calc2",1448,104068485946578,104068485976658,0,0,12,4,32,256,1,1,1000192,1,1
"KERNEL_DISPATCH","Agent 4",1,0,205911,1449,2,"_RNvNtNtC9rust_perf4apps8pressure14pressure_calc1",1449,104068485986578,104068486004018,0,0,8,0,32,256,1,1,1000192,1,1
"KERNEL_DISPATCH","Agent 4",1,0,205911,1450,1,"_RNvNtNtC9rust_perf4apps8pressure14pressure_calc2",1450,104068486013938,104068486044178,0,0,12,4,32,256,1,1,1000192,1,1
"KERNEL_DISPATCH","Agent 4",1,0,205911,1451,2,"_RNvNtNtC9rust_perf4apps8pressure14pressure_calc1",1451,104068486056978,104068486074578,0,0,8,0,32,256,1,1,1000192,1,1
"KERNEL_DISPATCH","Agent 4",1,0,205911,1452,1,"_RNvNtNtC9rust_perf4apps8pressure14pressure_calc2",1452,104068486086418,104068486116339,0,0,12,4,32,256,1,1,1000192,1,1
"KERNEL_DISPATCH","Agent 4",1,0,205911,1453,2,"_RNvNtNtC9rust_perf4apps8pressure14pressure_calc1",1453,104068486128339,104068486145779,0,0,8,0,32,256,1,1,1000192,1,1
"KERNEL_DISPATCH","Agent 4",1,0,205911,1454,1,"_RNvNtNtC9rust_perf4apps8pressure14pressure_calc2",1454,104068486157779,104068486187699,0,0,12,4,32,256,1,1,1000192,1,1
"KERNEL_DISPATCH","Agent 4",1,0,205911,1455,2,"_RNvNtNtC9rust_perf4apps8pressure14pressure_calc1",1455,104068486199539,104068486216979,0,0,8,0,32,256,1,1,1000192,1,1
"KERNEL_DISPATCH","Agent 4",1,0,205911,1456,1,"_RNvNtNtC9rust_perf4apps8pressure14pressure_calc2",1456,104068486228499,104068486258259,0,0,12,4,32,256,1,1,1000192,1,1
"KERNEL_DISPATCH","Agent 4",1,0,205911,1457,2,"_RNvNtNtC9rust_perf4apps8pressure14pressure_calc1",1457,104068486270099,104068486287219,0,0,8,0,32,256,1,1,1000192,1,1
"KERNEL_DISPATCH","Agent 4",1,0,205911,1458,1,"_RNvNtNtC9rust_perf4apps8pressure14pressure_calc2",1458,104068486297460,104068486327380,0,0,12,4,32,256,1,1,1000192,1,1
"KERNEL_DISPATCH","Agent 4",1,0,205911,1459,2,"_RNvNtNtC9rust_perf4apps8pressure14pressure_calc1",1459,104068486337300,104068486354900,0,0,8,0,32,256,1,1,1000192,1,1
"KERNEL_DISPATCH","Agent 4",1,0,205911,1460,1,"_RNvNtNtC9rust_perf4apps8pressure14pressure_calc2",1460,104068486364980,104068486394740,0,0,12,4,32,256,1,1,1000192,1,1
"KERNEL_DISPATCH","Agent 4",1,0,205911,1461,2,"_RNvNtNtC9rust_perf4apps8pressure14pressure_calc1",1461,104068486404660,104068486422100,0,0,8,0,32,256,1,1,1000192,1,1
"KERNEL_DISPATCH","Agent 4",1,0,205911,1462,1,"_RNvNtNtC9rust_perf4apps8pressure14pressure_calc2",1462,104068486432820,104068486463220,0,0,12,4,32,256,1,1,1000192,1,1
"KERNEL_DISPATCH","Agent 4",1,0,205911,1463,2,"_RNvNtNtC9rust_perf4apps8pressure14pressure_calc1",1463,104068486474100,104068486491380,0,0,8,0,32,256,1,1,1000192,1,1
"KERNEL_DISPATCH","Agent 4",1,0,205911,1464,1,"_RNvNtNtC9rust_perf4apps8pressure14pressure_calc2",1464,104068486501460,104068486531221,0,0,12,4,32,256,1,1,1000192,1,1
"KERNEL_DISPATCH","Agent 4",1,0,205911,1465,2,"_RNvNtNtC9rust_perf4apps8pressure14pressure_calc1",1465,104068486541301,104068486559061,0,0,8,0,32,256,1,1,1000192,1,1
"KERNEL_DISPATCH","Agent 4",1,0,205911,1466,1,"_RNvNtNtC9rust_perf4apps8pressure14pressure_calc2",1466,104068486569141,104068486599061,0,0,12,4,32,256,1,1,1000192,1,1
"KERNEL_DISPATCH","Agent 4",1,0,205911,1467,2,"_RNvNtNtC9rust_perf4apps8pressure14pressure_calc1",1467,104068486609461,104068486627061,0,0,8,0,32,256,1,1,1000192,1,1
"KERNEL_DISPATCH","Agent 4",1,0,205911,1468,1,"_RNvNtNtC9rust_perf4apps8pressure14pressure_calc2",1468,104068486636981,104068486667061,0,0,12,4,32,256,1,1,1000192,1,1
"KERNEL_DISPATCH","Agent 4",1,0,205911,1469,2,"_RNvNtNtC9rust_perf4apps8pressure14pressure_calc1",1469,104068486676981,104068486694421,0,0,8,0,32,256,1,1,1000192,1,1
"KERNEL_DISPATCH","Agent 4",1,0,205911,1470,1,"_RNvNtNtC9rust_perf4apps8pressure14pressure_calc2",1470,104068486706261,104068486736342,0,0,12,4,32,256,1,1,1000192,1,1
"KERNEL_DISPATCH","Agent 4",1,0,205911,1471,2,"_RNvNtNtC9rust_perf4apps8pressure14pressure_calc1",1471,104068486746422,104068486764182,0,0,8,0,32,256,1,1,1000192,1,1
"KERNEL_DISPATCH","Agent 4",1,0,205911,1472,1,"_RNvNtNtC9rust_perf4apps8pressure14pressure_calc2",1472,104068486774102,104068486804022,0,0,12,4,32,256,1,1,1000192,1,1
"KERNEL_DISPATCH","Agent 4",1,0,205911,1473,2,"_RNvNtNtC9rust_perf4apps8pressure14pressure_calc1",1473,104068486814102,104068486831702,0,0,8,0,32,256,1,1,1000192,1,1
"KERNEL_DISPATCH","Agent 4",1,0,205911,1474,1,"_RNvNtNtC9rust_perf4apps8pressure14pressure_calc2",1474,104068486843222,104068486873622,0,0,12,4,32,256,1,1,1000192,1,1
"KERNEL_DISPATCH","Agent 4",1,0,205911,1475,2,"_RNvNtNtC9rust_perf4apps8pressure14pressure_calc1",1475,104068486883702,104068486901462,0,0,8,0,32,256,1,1,1000192,1,1
"KERNEL_DISPATCH","Agent 4",1,0,205911,1476,1,"_RNvNtNtC9rust_perf4apps8pressure14pressure_calc2",1476,104068486911382,104068486941143,0,0,12,4,32,256,1,1,1000192,1,1
"KERNEL_DISPATCH","Agent 4",1,0,205911,1477,2,"_RNvNtNtC9rust_perf4apps8pressure14pressure_calc1",1477,104068486952663,104068486970263,0,0,8,0,32,256,1,1,1000192,1,1
"KERNEL_DISPATCH","Agent 4",1,0,205911,1478,1,"_RNvNtNtC9rust_perf4apps8pressure14pressure_calc2",1478,104068486980183,104068487010423,0,0,12,4,32,256,1,1,1000192,1,1
"KERNEL_DISPATCH","Agent 4",1,0,205911,1479,2,"_RNvNtNtC9rust_perf4apps8pressure14pressure_calc1",1479,104068487020343,104068487038423,0,0,8,0,32,256,1,1,1000192,1,1
"KERNEL_DISPATCH","Agent 4",1,0,205911,1480,1,"_RNvNtNtC9rust_perf4apps8pressure14pressure_calc2",1480,104068487051063,104068487081303,0,0,12,4,32,256,1,1,1000192,1,1
"KERNEL_DISPATCH","Agent 4",1,0,205911,1481,2,"_RNvNtNtC9rust_perf4apps8pressure14pressure_calc1",1481,104068487091223,104068487108823,0,0,8,0,32,256,1,1,1000192,1,1
"KERNEL_DISPATCH","Agent 4",1,0,205911,1482,1,"_RNvNtNtC9rust_perf4apps8pressure14pressure_calc2",1482,104068487118903,104068487148984,0,0,12,4,32,256,1,1,1000192,1,1
"KERNEL_DISPATCH","Agent 4",1,0,205911,1483,2,"_RNvNtNtC9rust_perf4apps8pressure14pressure_calc1",1483,104068487160024,104068487177784,0,0,8,0,32,256,1,1,1000192,1,1
"KERNEL_DISPATCH","Agent 4",1,0,205911,1484,1,"_RNvNtNtC9rust_perf4apps8pressure14pressure_calc2",1484,104068487187704,104068487217784,0,0,12,4,32,256,1,1,1000192,1,1
"KERNEL_DISPATCH","Agent 4",1,0,205911,1485,2,"_RNvNtNtC9rust_perf4apps8pressure14pressure_calc1",1485,104068487229784,104068487247384,0,0,8,0,32,256,1,1,1000192,1,1
"KERNEL_DISPATCH","Agent 4",1,0,205911,1486,1,"_RNvNtNtC9rust_perf4apps8pressure14pressure_calc2",1486,104068487257464,104068487287224,0,0,12,4,32,256,1,1,1000192,1,1
"KERNEL_DISPATCH","Agent 4",1,0,205911,1487,2,"_RNvNtNtC9rust_perf4apps8pressure14pressure_calc1",1487,104068487297304,104068487315064,0,0,8,0,32,256,1,1,1000192,1,1
"KERNEL_DISPATCH","Agent 4",1,0,205911,1488,1,"_RNvNtNtC9rust_perf4apps8pressure14pressure_calc2",1488,104068487326904,104068487356985,0,0,12,4,32,256,1,1,1000192,1,1
"KERNEL_DISPATCH","Agent 4",1,0,205911,1489,2,"_RNvNtNtC9rust_perf4apps8pressure14pressure_calc1",1489,104068487367065,104068487384665,0,0,8,0,32,256,1,1,1000192,1,1
"KERNEL_DISPATCH","Agent 4",1,0,205911,1490,1,"_RNvNtNtC9rust_perf4apps8pressure14pressure_calc2",1490,104068487396505,104068487426425,0,0,12,4,32,256,1,1,1000192,1,1
"KERNEL_DISPATCH","Agent 4",1,0,205911,1491,2,"_RNvNtNtC9rust_perf4apps8pressure14pressure_calc1",1491,104068487438905,104068487456345,0,0,8,0,32,256,1,1,1000192,1,1
"KERNEL_DISPATCH","Agent 4",1,0,205911,1492,1,"_RNvNtNtC9rust_perf4apps8pressure14pressure_calc2",1492,104068487466265,104068487496505,0,0,12,4,32,256,1,1,1000192,1,1
"KERNEL_DISPATCH","Agent 4",1,0,205911,1493,2,"_RNvNtNtC9rust_perf4apps8pressure14pressure_calc1",1493,104068487506585,104068487524665,0,0,8,0,32,256,1,1,1000192,1,1
"KERNEL_DISPATCH","Agent 4",1,0,205911,1494,1,"_RNvNtNtC9rust_perf4apps8pressure14pressure_calc2",1494,104068487536985,104068487566906,0,0,12,4,32,256,1,1,1000192,1,1
"KERNEL_DISPATCH","Agent 4",1,0,205911,1495,2,"_RNvNtNtC9rust_perf4apps8pressure14pressure_calc1",1495,104068487576986,104068487594746,0,0,8,0,32,256,1,1,1000192,1,1
"KERNEL_DISPATCH","Agent 4",1,0,205911,1496,1,"_RNvNtNtC9rust_perf4apps8pressure14pressure_calc2",1496,104068487604826,104068487634906,0,0,12,4,32,256,1,1,1000192,1,1
"KERNEL_DISPATCH","Agent 4",1,0,205911,1497,2,"_RNvNtNtC9rust_perf4apps8pressure14pressure_calc1",1497,104068487644986,104068487662266,0,0,8,0,32,256,1,1,1000192,1,1
"KERNEL_DISPATCH","Agent 4",1,0,205911,1498,1,"_RNvNtNtC9rust_perf4apps8pressure14pressure_calc2",1498,104068487672986,104068487703226,0,0,12,4,32,256,1,1,1000192,1,1
"KERNEL_DISPATCH","Agent 4",1,0,205911,1499,2,"_RNvNtNtC9rust_perf4apps8pressure14pressure_calc1",1499,104068487714906,104068487732666,0,0,8,0,32,256,1,1,1000192,1,1
"KERNEL_DISPATCH","Agent 4",1,0,205911,1500,1,"_RNvNtNtC9rust_perf4apps8pressure14pressure_calc2",1500,104068487742746,104068487772667,0,0,12,4,32,256,1,1,1000192,1,1
