"Kind","Agent_Id","Queue_Id","Stream_Id","Thread_Id","Dispatch_Id","Kernel_Id","Kernel_Name","Correlation_Id","Start_Timestamp","End_Timestamp","LDS_Block_Size","Scratch_Size","VGPR_Count","Accum_VGPR_Count","SGPR_Count","Workgroup_Size_X","Workgroup_Size_Y","Workgroup_Size_Z","Grid_Size_X","Grid_Size_Y","Grid_Size_Z"
"KERNEL_DISPATCH","Agent 4",2,1,205945,1,18,"void rajaperf::basic::daxpy<256ul>(double*, double*, double, long)",1,104130936607957,104130936630517,0,0,8,0,32,256,1,1,1000192,1,1
"KERNEL_DISPATCH","Agent 4",2,1,205945,2,22,"void rajaperf::apps::pressurecalc1<256ul>(double*, double*, double, long)",2,104130982972691,104130982989491,0,0,8,0,32,256,1,1,1000192,1,1
"KERNEL_DISPATCH","Agent 4",2,1,205945,3,23,"void rajaperf::apps::pressurecalc2<256ul>(double*, double*, double*, double*, double, double, double, long)",3,104130982989491,104130983017971,0,0,12,4,32,256,1,1,1000192,1,1
"KERNEL_DISPATCH","Agent 4",2,1,205945,4,22,"void rajaperf::apps::pressurecalc1<256ul>(double*, double*, double, long)",4,104130983017971,104130983030931,0,0,8,0,32,256,1,1,1000192,1,1
"KERNEL_DISPATCH","Agent 4",2,1,205945,5,23,"void rajaperf::apps::pressurecalc2<256ul>(double*, double*, double*, double*, double, double, double, long)",5,104130983030931,104130983059411,0,0,12,4,32,256,1,1,1000192,1,1
"KERNEL_DISPATCH","Agent 4",2,1,205945,6,22,"void rajaperf::apps::pressurecalc1<256ul>(double*, double*, double, long)",6,104130983059411,104130983072371,0,0,8,0,32,256,1,1,1000192,1,1
"KERNEL_DISPATCH","Agent 4",2,1,205945,7,23,"void rajaperf::apps::pressurecalc2<256ul>(double*, double*, double*, double*, double, double, double, long)",7,104130983072371,104130983101331,0,0,12,4,32,256,1,1,1000192,1,1
"KERNEL_DISPATCH","Agent 4",2,1,205945,8,22,"void rajaperf::apps::pressurecalc1<256ul>(double*, double*, double, long)",8,104130983101331,104130983113971,0,0,8,0,32,256,1,1,1000192,1,1
"KERNEL_DISPATCH","Agent 4",2,1,205945,9,23,"void rajaperf::apps::pressurecalc2<256ul>(double*, double*, double*, double*, double, double, double, long)",9,104130983113971,104130983143091,0,0,12,4,32,256,1,1,1000192,1,1
"KERNEL_DISPATCH","Agent 4",2,1,205945,10,22,"void rajaperf::apps::pressurecalc1<256ul>(double*, double*, double, long)",10,104130983143091,104130983155731,0,0,8,0,32,256,1,1,1000192,1,1
"KERNEL_DISPATCH","Agent 4",2,1,205945,11,23,"void rajaperf::apps::pressurecalc2<256ul>(double*, double*, double*, double*, double, double, double, long)",11,104130983155731,104130983184692,0,0,12,4,32,256,1,1,1000192,1,1
"KERNEL_DISPATCH","Agent 4",2,1,205945,12,22,"void rajaperf::apps::pressurecalc1<256ul>(double*, double*, double, long)",12,104130983184692,104130983197812,0,0,8,0,32,256,1,1,1000192,1,1
"KERNEL_DISPATCH","Agent 4",2,1,205945,13,23,"void rajaperf::apps::pressurecalc2<256ul>(double*, double*, double*, double*, double, double, double, long)",13,104130983197812,104130983226612,0,0,12,4,32,256,1,1,1000192,1,1
"KERNEL_DISPATCH","Agent 4",2,1,205945,14,22,"void rajaperf::apps::pressurecalc1<256ul>(double*, double*, double, long)",14,104130983226612,104130983240532,0,0,8,0,32,256,1,1,1000192,1,1
"KERNEL_DISPATCH","Agent 4",2,1,205945,15,23,"void rajaperf::apps::pressurecalc2<256ul>(double*, double*, double*, double*, double, double, double, long)",15,104130983240532,104130983269492,0,0,12,4,32,256,1,1,1000192,1,1
"KERNEL_DISPATCH","Agent 4",2,1,205945,16,22,"void rajaperf::apps::pressurecalc1<256ul>(double*, double*, double, long)",16,104130983269492,104130983282932,0,0,8,0,32,256,1,1,1000192,1,1
"KERNEL_DISPATCH","Agent 4",2,1,205945,17,23,"void rajaperf::apps::pressurecalc2<256ul>(double*, double*, double*, double*, double, double, double, long)",17,104130983282932,104130983312372,0,0,12,4,32,256,1,1,1000192,1,1
"KERNEL_DISPATCH","Agent 4",2,1,205945,18,22,"void rajaperf::apps::pressurecalc1<256ul>(double*, double*, double, long)",18,104130983312372,104130983325172,0,0,8,0,32,256,1,1,1000192,1,1
"KERNEL_DISPATCH","Agent 4",2,1,205945,19,23,"void rajaperf::apps::pressurecalc2<256ul>(double*, double*, double*, double*, double, double, double, long)",19,104130983325172,104130983354613,0,0,12,4,32,256,1,1,1000192,1,1
"KERNEL_DISPATCH","Agent 4",2,1,205945,20,22,"void rajaperf::apps::pressurecalc1<256ul>(double*, double*, double, long)",20,104130983354613,104130983367573,0,0,8,0,32,256,1,1,1000192,1,1
"KERNEL_DISPATCH","Agent 4",2,1,205945,21,23,"void rajaperf::apps::pressurecalc2<256ul>(double*, double*, double*, double*, double, double, double, long)",21,104130983367573,104130983397333,0,0,12,4,32,256,1,1,1000192,1,1
"KERNEL_DISPATCH","Agent 4",2,1,205945,22,22,"void rajaperf::apps::pressurecalc1<256ul>(double*, double*, double, long)",22,104130983397333,104130983410773,0,0,8,0,32,256,1,1,1000192,1,1
"KERNEL_DISPATCH","Agent 4",2,1,205945,23,23,"void rajaperf::apps::pressurecalc2<256ul>(double*, double*, double*, double*, double, double, double, long)",23,104130983410773,104130983439733,0,0,12,4,32,256,1,1,1000192,1,1
"KERNEL_DISPATCH","Agent 4",2,1,205945,24,22,"void rajaperf::apps::pressurecalc1<256ul>(double*, double*, double, long)",24,104130983439733,104130983453013,0,0,8,0,32,256,1,1,1000192,1,1
"KERNEL_DISPATCH","Agent 4",2,1,205945,25,23,"void rajaperf::apps::pressurecalc2<256ul>(double*, double*, double*, double*, double, double, double, long)",25,104130983453013,104130983482613,0,0,12,4,32,256,1,1,1000192,1,1
"KERNEL_DISPATCH","Agent 4",2,1,205945,26,22,"void rajaperf::apps::pressurecalc1<256ul>(double*, double*, double, long)",26,104130983482613,104130983496054,0,0,8,0,32,256,1,1,1000192,1,1
"KERNEL_DISPATCH","Agent 4",2,1,205945,27,23,"void rajaperf::apps::pressurecalc2<256ul>(double*, double*, double*, double*, double, double, double, long)",27,104130983496054,104130983525494,0,0,12,4,32,256,1,1,1000192,1,1
"KERNEL_DISPATCH","Agent 4",2,1,205945,28,22,"void rajaperf::apps::pressurecalc1<256ul>(double*, double*, double, long)",28,104130983525494,104130983538774,0,0,8,0,32,256,1,1,1000192,1,1
"KERNEL_DISPATCH","Agent 4",2,1,205945,29,23,"void rajaperf::apps::pressurecalc2<256ul>(double*, double*, double*, double*, double, double, double, long)",29,104130983538774,104130983568694,0,0,12,4,32,256,1,1,1000192,1,1
"KERNEL_DISPATCH","Agent 4",2,1,205945,30,22,"void rajaperf::apps::pressurecalc1<256ul>(double*, double*, double, long)",30,104130983568694,104130983582134,0,0,8,0,32,256,1,1,1000192,1,1
"KERNEL_DISPATCH","Agent 4",2,1,205945,31,23,"void rajaperf::apps::pressurecalc2<256ul>(double*, double*, double*, double*, double, double, double, long)",31,104130983582134,104130983611894,0,0,12,4,32,256,1,1,1000192,1,1
"KERNEL_DISPATCH","Agent 4",2,1,205945,32,22,"void rajaperf::apps::pressurecalc1<256ul>(double*, double*, double, long)",32,104130983611894,104130983625494,0,0,8,0,32,256,1,1,1000192,1,1
"KERNEL_DISPATCH","Agent 4",2,1,205945,33,23,"void rajaperf::apps::pressurecalc2<256ul>(double*, double*, double*, double*, double, double, double, long)",33,104130983625494,104130983655254,0,0,12,4,32,256,1,1,1000192,1,1
"KERNEL_DISPATCH","Agent 4",2,1,205945,34,22,"void rajaperf::apps::pressurecalc1<256ul>(double*, double*, double, long)",34,104130983655254,104130983668855,0,0,8,0,32,256,1,1,1000192,1,1
"KERNEL_DISPATCH","Agent 4",2,1,205945,35,23,"void rajaperf::apps::pressurecalc2<256ul>(double*, double*, double*, double*, double, double, double, long)",35,104130983668855,104130983698455,0,0,12,4,32,256,1,1,1000192,1,1
"KERNEL_DISPATCH","Agent 4",2,1,205945,36,22,"void rajaperf::apps::pressurecalc1<256ul>(double*, double*, double, long)",36,104130983698455,104130983712055,0,0,8,0,32,256,1,1,1000192,1,1
"KERNEL_DISPATCH","Agent 4",2,1,205945,37,23,"void rajaperf::apps::pressurecalc2<256ul>(double*, double*, double*, double*, double, double, double, long)",37,104130983712055,104130983741495,0,0,12,4,32,256,1,1,1000192,1,1
"KERNEL_DISPATCH","Agent 4",2,1,205945,38,22,"void rajaperf::apps::pressurecalc1<256ul>(double*, double*, double, long)",38,104130983741495,104130983754615,0,0,8,0,32,256,1,1,1000192,1,1
"KERNEL_DISPATCH","Agent 4",2,1,205945,39,23,"void rajaperf::apps::pressurecalc2<256ul>(double*, double*, double*, double*, double, double, double, long)",39,104130983754615,104130983784375,0,0,12,4,32,256,1,1,1000192,1,1
"KERNEL_DISPATCH","Agent 4",2,1,205945,40,22,"void rajaperf::apps::pressurecalc1<256ul>(double*, double*, double, long)",40,104130983784375,104130983797655,0,0,8,0,32,256,1,1,1000192,1,1
"KERNEL_DISPATCH","Agent 4",2,1,205945,41,23,"void rajaperf::apps::pressurecalc2<256ul>(double*, double*, double*, double*, double, double, double, long)",41,104130983797655,104130983827576,0,0,12,4,32,256,1,1,1000192,1,1
"KERNEL_DISPATCH","Agent 4",2,1,205945,42,22,"void rajaperf::apps::pressurecalc1<256ul>(double*, double*, double, long)",42,104130983827576,104130983841016,0,0,8,0,32,256,1,1,1000192,1,1
"KERNEL_DISPATCH","Agent 4",2,1,205945,43,23,"void rajaperf::apps::pressurecalc2<256ul>(double*, double*, double*, double*, double, double, double, long)",43,104130983841016,104130983870296,0,0,12,4,32,256,1,1,1000192,1,1
"KERNEL_DISPATCH","Agent 4",2,1,205945,44,22,"void rajaperf::apps::pressurecalc1<256ul>(double*, double*, double, long)",44,104130983870296,104130983883736,0,0,8,0,32,256,1,1,1000192,1,1
"KERNEL_DISPATCH","Agent 4",2,1,205945,45,23,"void rajaperf::apps::pressurecalc2<256ul>(double*, double*, double*, double*, double, double, double, long)",45,104130983883736,104130983913496,0,0,12,4,32,256,1,1,1000192,1,1
"KERNEL_DISPATCH","Agent 4",2,1,205945,46,22,"void rajaperf::apps::pressurecalc1<256ul>(double*, double*, double, long)",46,104130983913496,104130983926936,0,0,8,0,32,256,1,1,1000192,1,1
"KERNEL_DISPATCH","Agent 4",2,1,205945,47,23,"void rajaperf::apps::pressurecalc2<256ul>(double*, double*, double*, double*, double, double, double, long)",47,104130983926936,104130983956536,0,0,12,4,32,256,1,1,1000192,1,1
"KERNEL_DISPATCH","Agent 4",2,1,205945,48,22,"void rajaperf::apps::pressurecalc1<256ul>(double*, double*, double, long)",48,104130983956536,104130983969656,0,0,8,0,32,256,1,1,1000192,1,1
"KERNEL_DISPATCH","Agent 4",2,1,205945,49,23,"void rajaperf::apps::pressurecalc2<256ul>(double*, double*, double*, double*, double, double, double, long)",49,104130983969656,104130983999257,0,0,12,4,32,256,1,1,1000192,1,1
"KERNEL_DISPATCH","Agent 4",2,1,205945,50,22,"void rajaperf::apps::pressurecalc1<256ul>(double*, double*, double, long)",50,104130983999257,104130984012377,0,0,8,0,32,256,1,1,1000192,1,1
"KERNEL_DISPATCH","Agent 4",2,1,205945,51,23,"void rajaperf::apps::pressurecalc2<256ul>(double*, double*, double*, double*, double, double, double, long)",51,104130984012377,104130984041977,0,0,12,4,32,256,1,1,1000192,1,1
"KERNEL_DISPATCH","Agent 4",2,1,205945,52,22,"void rajaperf::apps::pressurecalc1<256ul>(double*, double*, double, long)",52,104130984041977,104130984055577,0,0,8,0,32,256,1,1,1000192,1,1
"KERNEL_DISPATCH","Agent 4",2,1,205945,53,23,"void rajaperf::apps::pressurecalc2<256ul>(double*, double*, double*, double*, double, double, double, long)",53,104130984055577,104130984085337,0,0,12,4,32,256,1,1,1000192,1,1
"KERNEL_DISPATCH","Agent 4",2,1,205945,54,22,"void rajaperf::apps::pressurecalc1<256ul>(double*, double*, double, long)",54,104130984085337,104130984098777,0,0,8,0,32,256,1,1,1000192,1,1
"KERNEL_DISPATCH","Agent 4",2,1,205945,55,23,"void rajaperf::apps::pressurecalc2<256ul>(double*, double*, double*, double*, double, double, double, long)",55,104130984098777,104130984128537,0,0,12,4,32,256,1,1,1000192,1,1
"KERNEL_DISPATCH","Agent 4",2,1,205945,56,22,"void rajaperf::apps::pressurecalc1<256ul>(double*, double*, double, long)",56,104130984128537,104130984142137,0,0,8,0,32,256,1,1,1000192,1,1
"KERNEL_DISPATCH","Agent 4",2,1,205945,57,23,"void rajaperf::apps::pressurecalc2<256ul>(double*, double*, double*, double*, double, double, double, long)",57,104130984142137,104130984171738,0,0,12,4,32,256,1,1,1000192,1,1
"KERNEL_DISPATCH","Agent 4",2,1,205945,58,22,"void rajaperf::apps::pressurecalc1<256ul>(double*, double*, double, long)",58,104130984171738,104130984185018,0,0,8,0,32,256,1,1,1000192,1,1
"KERNEL_DISPATCH","Agent 4",2,1,205945,59,23,"void rajaperf::apps::pressurecalc2<256ul>(double*, double*, double*, double*, double, double, double, long)",59,104130984185018,104130984214778,0,0,12,4,32,256,1,1,1000192,1,1
"KERNEL_DISPATCH","Agent 4",2,1,205945,60,22,"void rajaperf::apps::pressurecalc1<256ul>(double*, double*, double, long)",60,104130984214778,104130984228218,0,0,8,0,32,256,1,1,1000192,1,1
"KERNEL_DISPATCH","Agent 4",2,1,205945,61,23,"void rajaperf::apps::pressurecalc2<256ul>(double*, double*, double*, double*, double, double, double, long)",61,104130984228218,104130984257818,0,0,12,4,32,256,1,1,1000192,1,1
"KERNEL_DISPATCH","Agent 4",2,1,205945,62,22,"void rajaperf::apps::pressurecalc1<256ul>(double*, double*, double, long)",62,104130984257818,104130984271098,0,0,8,0,32,256,1,1,1000192,1,1
"KERNEL_DISPATCH","Agent 4",2,1,205945,63,23,"void rajaperf::apps::pressurecalc2<256ul>(double*, double*, double*, double*, double, double, double, long)",63,104130984271098,104130984301018,0,0,12,4,32,256,1,1,1000192,1,1
"KERNEL_DISPATCH","Agent 4",2,1,205945,64,22,"void rajaperf::apps::pressurecalc1<256ul>(double*, double*, double, long)",64,104130984301018,104130984314618,0,0,8,0,32,256,1,1,1000192,1,1
"KERNEL_DISPATCH","Agent 4",2,1,205945,65,23,"void rajaperf::apps::pressurecalc2<256ul>(double*, double*, double*, double*, double, double, double, long)",65,104130984314618,104130984344699,0,0,12,4,32,256,1,1,1000192,1,1
"KERNEL_DISPATCH","Agent 4",2,1,205945,66,22,"void rajaperf::apps::pressurecalc1<256ul>(double*, double*, double, long)",66,104130984344699,104130984358299,0,0,8,0,32,256,1,1,1000192,1,1
"KERNEL_DISPATCH","Agent 4",2,1,205945,67,23,"void rajaperf::apps::pressurecalc2<256ul>(double*, double*, double*, double*, double, double, double, long)",67,104130984358299,104130984388219,0,0,12,4,32,256,1,1,1000192,1,1
"KERNEL_DISPATCH","Agent 4",2,1,205945,68,22,"void rajaperf::apps::pressurecalc1<256ul>(double*, double*, double, long)",68,104130984388219,104130984401659,0,0,8,0,32,256,1,1,1000192,1,1
"KERNEL_DISPATCH","Agent 4",2,1,205945,69,23,"void rajaperf::apps::pressurecalc2<256ul>(double*, double*, double*, double*, double, double, double, long)",69,104130984401659,104130984431099,0,0,12,4,32,256,1,1,1000192,1,1
"KERNEL_DISPATCH","Agent 4",2,1,205945,70,22,"void rajaperf::apps::pressurecalc1<256ul>(double*, double*, double, long)",70,104130984431099,104130984444379,0,0,8,0,32,256,1,1,1000192,1,1
"KERNEL_DISPATCH","Agent 4",2,1,205945,71,23,"void rajaperf::apps::pressurecalc2<256ul>(double*, double*, double*, double*, double, double, double, long)",71,104130984444379,104130984473979,0,0,12,4,32,256,1,1,1000192,1,1
"KERNEL_DISPATCH","Agent 4",2,1,205945,72,22,"void rajaperf::apps::pressurecalc1<256ul>(double*, double*, double, long)",72,104130984473979,104130984487100,0,0,8,0,32,256,1,1,1000192,1,1
"KERNEL_DISPATCH","Agent 4",2,1,205945,73,23,"void rajaperf::apps::pressurecalc2<256ul>(double*, double*, double*, double*, double, double, double, long)",73,104130984487100,104130984516540,0,0,12,4,32,256,1,1,1000192,1,1
"KERNEL_DISPATCH","Agent 4",2,1,205945,74,22,"void rajaperf::apps::pressurecalc1<256ul>(double*, double*, double, long)",74,104130984516540,104130984529980,0,0,8,0,32,256,1,1,1000192,1,1
"KERNEL_DISPATCH","Agent 4",2,1,205945,75,23,"void rajaperf::apps::pressurecalc2<256ul>(double*, double*, double*, double*, double, double, double, long)",75,104130984529980,104130984559740,0,0,12,4,32,256,1,1,1000192,1,1
"KERNEL_DISPATCH","Agent 4",2,1,205945,76,22,"void rajaperf::apps::pressurecalc1<256ul>(double*, double*, double, long)",76,104130984559740,104130984573180,0,0,8,0,32,256,1,1,1000192,1,1
"KERNEL_DISPATCH","Agent 4",2,1,205945,77,23,"void rajaperf::apps::pressurecalc2<256ul>(double*, double*, double*, double*, double, double, double, long)",77,104130984573180,104130984603100,0,0,12,4,32,256,1,1,1000192,1,1
"KERNEL_DISPATCH","Agent 4",2,1,205945,78,22,"void rajaperf::apps::pressurecalc1<256ul>(double*, double*, double, long)",78,104130984603100,104130984616860,0,0,8,0,32,256,1,1,1000192,1,1
"KERNEL_DISPATCH","Agent 4",2,1,205945,79,23,"void rajaperf::apps::pressurecalc2<256ul>(double*, double*, double*, double*, double, double, double, long)",79,104130984616860,104130984646140,0,0,12,4,32,256,1,1,1000192,1,1
"KERNEL_DISPATCH","Agent 4",2,1,205945,80,22,"void rajaperf::apps::pressurecalc1<256ul>(double*, double*, double, long)",80,104130984646140,104130984659421,0,0,8,0,32,256,1,1,1000192,1,1
"KERNEL_DISPATCH","Agent 4",2,1,205945,81,23,"void rajaperf::apps::pressurecalc2<256ul>(double*, double*, double*, double*, double, double, double, long)",81,104130984659421,104130984689661,0,0,12,4,32,256,1,1,1000192,1,1
"KERNEL_DISPATCH","Agent 4",2,1,205945,82,22,"void rajaperf::apps::pressurecalc1<256ul>(double*, double*, double, long)",82,104130984689661,104130984703101,0,0,8,0,32,256,1,1,1000192,1,1
"KERNEL_DISPATCH","Agent 4",2,1,205945,83,23,"void rajaperf::apps::pressurecalc2<256ul>(double*, double*, double*, double*, double, double, double, long)",83,104130984703101,104130984732701,0,0,12,4,32,256,1,1,1000192,1,1
"KERNEL_DISPATCH","Agent 4",2,1,205945,84,22,"void rajaperf::apps::pressurecalc1<256ul>(double*, double*, double, long)",84,104130984732701,104130984745981,0,0,8,0,32,256,1,1,1000192,1,1
"KERNEL_DISPATCH","Agent 4",2,1,205945,85,23,"void rajaperf::apps::pressurecalc2<256ul>(double*, double*, double*, double*, double, double, double, long)",85,104130984745981,104130984775421,0,0,12,4,32,256,1,1,1000192,1,1
"KERNEL_DISPATCH","Agent 4",2,1,205945,86,22,"void rajaperf::apps::pressurecalc1<256ul>(double*, double*, double, long)",86,104130984775421,104130984788701,0,0,8,0,32,256,1,1,1000192,1,1
"KERNEL_DISPATCH","Agent 4",2,1,205945,87,23,"void rajaperf::apps::pressurecalc2<256ul>(double*, double*, double*, double*, double, double, double, long)",87,104130984788701,104130984818462,0,0,12,4,32,256,1,1,1000192,1,1
"KERNEL_DISPATCH","Agent 4",2,1,205945,88,22,"void rajaperf::apps::pressurecalc1<256ul>(double*, double*, double, long)",88,104130984818462,104130984831902,0,0,8,0,32,256,1,1,1000192,1,1
"KERNEL_DISPATCH","Agent 4",2,1,205945,89,23,"void rajaperf::apps::pressurecalc2<256ul>(double*, double*, double*, double*, double, double, double, long)",89,104130984831902,104130984861662,0,0,12,4,32,256,1,1,1000192,1,1
"KERNEL_DISPATCH","Agent 4",2,1,205945,90,22,"void rajaperf::apps::pressurecalc1<256ul>(double*, double*, double, long)",90,104130984861662,104130984875262,0,0,8,0,32,256,1,1,1000192,1,1
"KERNEL_DISPATCH","Agent 4",2,1,205945,91,23,"void rajaperf::apps::pressurecalc2<256ul>(double*, double*, double*, double*, double, double, double, long)",91,104130984875262,104130984905022,0,0,12,4,32,256,1,1,1000192,1,1
"KERNEL_DISPATCH","Agent 4",2,1,205945,92,22,"void rajaperf::apps::pressurecalc1<256ul>(double*, double*, double, long)",92,104130984905022,104130984918142,0,0,8,0,32,256,1,1,1000192,1,1
"KERNEL_DISPATCH","Agent 4",2,1,205945,93,23,"void rajaperf::apps::pressurecalc2<256ul>(double*, double*, double*, double*, double, double, double, long)",93,104130984918142,104130984948062,0,0,12,4,32,256,1,1,1000192,1,1
"KERNEL_DISPATCH","Agent 4",2,1,205945,94,22,"void rajaperf::apps::pressurecalc1<256ul>(double*, double*, double, long)",94,104130984948062,104130984961342,0,0,8,0,32,256,1,1,1000192,1,1
"KERNEL_DISPATCH","Agent 4",2,1,205945,95,23,"void rajaperf::apps::pressurecalc2<256ul>(double*, double*, double*, double*, double, double, double, long)",95,104130984961342,104130984990783,0,0,12,4,32,256,1,1,1000192,1,1
"KERNEL_DISPATCH","Agent 4",2,1,205945,96,22,"void rajaperf::apps::pressurecalc1<256ul>(double*, double*, double, long)",96,104130984990783,104130985004703,0,0,8,0,32,256,1,1,1000192,1,1
"KERNEL_DISPATCH","Agent 4",2,1,205945,97,23,"void rajaperf::apps::pressurecalc2<256ul>(double*, double*, double*, double*, double, double, double, long)",97,104130985004703,104130985034783,0,0,12,4,32,256,1,1,1000192,1,1
"KERNEL_DISPATCH","Agent 4",2,1,205945,98,22,"void rajaperf::apps::pressurecalc1<256ul>(double*, double*, double, long)",98,104130985034783,104130985048543,0,0,8,0,32,256,1,1,1000192,1,1
"KERNEL_DISPATCH","Agent 4",2,1,205945,99,23,"void rajaperf::apps::pressurecalc2<256ul>(double*, double*, double*, double*, double, double, double, long)",99,104130985048543,104130985078303,0,0,12,4,32,256,1,1,1000192,1,1
"KERNEL_DISPATCH","Agent 4",2,1,205945,100,22,"void rajaperf::apps::pressurecalc1<256ul>(double*, double*, double, long)",100,104130985078303,104130985091263,0,0,8,0,32,256,1,1,1000192,1,1
"KERNEL_DISPATCH","Agent 4",2,1,205945,101,23,"void rajaperf::apps::pressurecalc2<256ul>(double*, double*, double*, double*, double, double, double, long)",101,104130985091263,104130985120863,0,0,12,4,32,256,1,1,1000192,1,1
"KERNEL_DISPATCH","Agent 4",2,1,205945,102,22,"void rajaperf::apps::pressurecalc1<256ul>(double*, double*, double, long)",102,104130985120863,104130985133983,0,0,8,0,32,256,1,1,1000192,1,1
"KERNEL_DISPATCH","Agent 4",2,1,205945,103,23,"void rajaperf::apps::pressurecalc2<256ul>(double*, double*, double*, double*, double, double, double, long)",103,104130985133983,104130985163584,0,0,12,4,32,256,1,1,1000192,1,1
"KERNEL_DISPATCH","Agent 4",2,1,205945,104,22,"void rajaperf::apps::pressurecalc1<256ul>(double*, double*, double, long)",104,104130985163584,104130985176864,0,0,8,0,32,256,1,1,1000192,1,1
"KERNEL_DISPATCH","Agent 4",2,1,205945,105,23,"void rajaperf::apps::pressurecalc2<256ul>(double*, double*, double*, double*, double, double, double, long)",105,104130985176864,104130985206304,0,0,12,4,32,256,1,1,1000192,1,1
"KERNEL_DISPATCH","Agent 4",2,1,205945,106,22,"void rajaperf::apps::pressurecalc1<256ul>(double*, double*, double, long)",106,104130985206304,104130985219744,0,0,8,0,32,256,1,1,1000192,1,1
"KERNEL_DISPATCH","Agent 4",2,1,205945,107,23,"void rajaperf::apps::pressurecalc2<256ul>(double*, double*, double*, double*, double, double, double, long)",107,104130985219744,104130985249504,0,0,12,4,32,256,1,1,1000192,1,1
"KERNEL_DISPATCH","Agent 4",2,1,205945,108,22,"void rajaperf::apps::pressurecalc1<256ul>(double*, double*, double, long)",108,104130985249504,104130985262944,0,0,8,0,32,256,1,1,1000192,1,1
"KERNEL_DISPATCH","Agent 4",2,1,205945,109,23,"void rajaperf::apps::pressurecalc2<256ul>(double*, double*, double*, double*, double, double, double, long)",109,104130985262944,104130985293184,0,0,12,4,32,256,1,1,1000192,1,1
"KERNEL_DISPATCH","Agent 4",2,1,205945,110,22,"void rajaperf::apps::pressurecalc1<256ul>(double*, double*, double, long)",110,104130985293184,104130985306304,0,0,8,0,32,256,1,1,1000192,1,1
"KERNEL_DISPATCH","Agent 4",2,1,205945,111,23,"void rajaperf::apps::pressurecalc2<256ul>(double*, double*, double*, double*, double, double, double, long)",111,104130985306304,104130985336225,0,0,12,4,32,256,1,1,1000192,1,1
"KERNEL_DISPATCH","Agent 4",2,1,205945,112,22,"void rajaperf::apps::pressurecalc1<256ul>(double*, double*, double, long)",112,104130985336225,104130985349665,0,0,8,0,32,256,1,1,1000192,1,1
"KERNEL_DISPATCH","Agent 4",2,1,205945,113,23,"void rajaperf::apps::pressurecalc2<256ul>(double*, double*, double*, double*, double, double, double, long)",113,104130985349665,104130985378945,0,0,12,4,32,256,1,1,1000192,1,1
"KERNEL_DISPATCH","Agent 4",2,1,205945,114,22,"void rajaperf::apps::pressurecalc1<256ul>(double*, double*, double, long)",114,104130985378945,104130985392065,0,0,8,0,32,256,1,1,1000192,1,1
"KERNEL_DISPATCH","Agent 4",2,1,205945,115,23,"void rajaperf::apps::pressurecalc2<256ul>(double*, double*, double*, double*, double, double, double, long)",115,104130985392065,104130985421825,0,0,12,4,32,256,1,1,1000192,1,1
"KERNEL_DISPATCH","Agent 4",2,1,205945,116,22,"void rajaperf::apps::pressurecalc1<256ul>(double*, double*, double, long)",116,104130985421825,104130985435265,0,0,8,0,32,256,1,1,1000192,1,1
"KERNEL_DISPATCH","Agent 4",2,1,205945,117,23,"void rajaperf::apps::pressurecalc2<256ul>(double*, double*, double*, double*, double, double, double, long)",117,104130985435265,104130985464865,0,0,12,4,32,256,1,1,1000192,1,1
"KERNEL_DISPATCH","Agent 4",2,1,205945,118,22,"void rajaperf::apps::pressurecalc1<256ul>(double*, double*, double, long)",118,104130985464865,104130985478305,0,0,8,0,32,256,1,1,1000192,1,1
"KERNEL_DISPATCH","Agent 4",2,1,205945,119,23,"void rajaperf::apps::pressurecalc2<256ul>(double*, double*, double*, double*, double, double, double, long)",119,104130985478305,104130985507906,0,0,12,4,32,256,1,1,1000192,1,1
"KERNEL_DISPATCH","Agent 4",2,1,205945,120,22,"void rajaperf::apps::pressurecalc1<256ul>(double*, double*, double, long)",120,104130985507906,104130985521026,0,0,8,0,32,256,1,1,1000192,1,1
"KERNEL_DISPATCH","Agent 4",2,1,205945,121,23,"void rajaperf::apps::pressurecalc2<256ul>(double*, double*, double*, double*, double, double, double, long)",121,104130985521026,104130985550626,0,0,12,4,32,256,1,1,1000192,1,1
"KERNEL_DISPATCH","Agent 4",2,1,205945,122,22,"void rajaperf::apps::pressurecalc1<256ul>(double*, double*, double, long)",122,104130985550626,104130985563586,0,0,8,0,32,256,1,1,1000192,1,1
"KERNEL_DISPATCH","Agent 4",2,1,205945,123,23,"void rajaperf::apps::pressurecalc2<256ul>(double*, double*, double*, double*, double, double, double, long)",123,104130985563586,104130985592866,0,0,12,4,32,256,1,1,1000192,1,1
"KERNEL_DISPATCH","Agent 4",2,1,205945,124,22,"void rajaperf::apps::pressurecalc1<256ul>(double*, double*, double, long)",124,104130985592866,104130985606146,0,0,8,0,32,256,1,1,1000192,1,1
"KERNEL_DISPATCH","Agent 4",2,1,205945,125,23,"void rajaperf::apps::pressurecalc2<256ul>(double*, double*, double*, double*, double, double, double, long)",125,104130985606146,104130985635906,0,0,12,4,32,256,1,1,1000192,1,1
"KERNEL_DISPATCH","Agent 4",2,1,205945,126,22,"void rajaperf::apps::pressurecalc1<256ul>(double*, double*, double, long)",126,104130985635906,104130985649347,0,0,8,0,32,256,1,1,1000192,1,1
"KERNEL_DISPATCH","Agent 4",2,1,205945,127,23,"void rajaperf::apps::pressurecalc2<256ul>(double*, double*, double*, double*, double, double, double, long)",127,104130985649347,104130985678467,0,0,12,4,32,256,1,1,1000192,1,1
"KERNEL_DISPATCH","Agent 4",2,1,205945,128,22,"void rajaperf::apps::pressurecalc1<256ul>(double*, double*, double, long)",128,104130985678467,104130985691907,0,0,8,0,32,256,1,1,1000192,1,1
"KERNEL_DISPATCH","Agent 4",2,1,205945,129,23,"void rajaperf::apps::pressurecalc2<256ul>(double*, double*, double*, double*, double, double, double, long)",129,104130985691907,104130985721507,0,0,12,4,32,256,1,1,1000192,1,1
"KERNEL_DISPATCH","Agent 4",2,1,205945,130,22,"void rajaperf::apps::pressurecalc1<256ul>(double*, double*, double, long)",130,104130985721507,104130985734627,0,0,8,0,32,256,1,1,1000192,1,1
"KERNEL_DISPATCH","Agent 4",2,1,205945,131,23,"void rajaperf::apps::pressurecalc2<256ul>(double*, double*, double*, double*, double, double, double, long)",131,104130985734627,104130985764387,0,0,12,4,32,256,1,1,1000192,1,1
"KERNEL_DISPATCH","Agent 4",2,1,205945,132,22,"void rajaperf::apps::pressurecalc1<256ul>(double*, double*, double, long)",132,104130985764387,104130985777827,0,0,8,0,32,256,1,1,1000192,1,1
"KERNEL_DISPATCH","Agent 4",2,1,205945,133,23,"void rajaperf::apps::pressurecalc2<256ul>(double*, double*, double*, double*, double, double, double, long)",133,104130985777827,104130985806947,0,0,12,4,32,256,1,1,1000192,1,1
"KERNEL_DISPATCH","Agent 4",2,1,205945,134,22,"void rajaperf::apps::pressurecalc1<256ul>(double*, double*, double, long)",134,104130985806947,104130985820388,0,0,8,0,32,256,1,1,1000192,1,1
"KERNEL_DISPATCH","Agent 4",2,1,205945,135,23,"void rajaperf::apps::pressurecalc2<256ul>(double*, double*, double*, double*, double, double, double, long)",135,104130985820388,104130985850308,0,0,12,4,32,256,1,1,1000192,1,1
"KERNEL_DISPATCH","Agent 4",2,1,205945,136,22,"void rajaperf::apps::pressurecalc1<256ul>(double*, double*, double, long)",136,104130985850308,104130985863748,0,0,8,0,32,256,1,1,1000192,1,1
"KERNEL_DISPATCH","Agent 4",2,1,205945,137,23,"void rajaperf::apps::pressurecalc2<256ul>(double*, double*, double*, double*, double, double, double, long)",137,104130985863748,104130985892868,0,0,12,4,32,256,1,1,1000192,1,1
"KERNEL_DISPATCH","Agent 4",2,1,205945,138,22,"void rajaperf::apps::pressurecalc1<256ul>(double*, double*, double, long)",138,104130985892868,104130985906308,0,0,8,0,32,256,1,1,1000192,1,1
"KERNEL_DISPATCH","Agent 4",2,1,205945,139,23,"void rajaperf::apps::pressurecalc2<256ul>(double*, double*, double*, double*, double, double, double, long)",139,104130985906308,104130985935268,0,0,12,4,32,256,1,1,1000192,1,1
"KERNEL_DISPATCH","Agent 4",2,1,205945,140,22,"void rajaperf::apps::pressurecalc1<256ul>(double*, double*, double, long)",140,104130985935268,104130985948228,0,0,8,0,32,256,1,1,1000192,1,1
"KERNEL_DISPATCH","Agent 4",2,1,205945,141,23,"void rajaperf::apps::pressurecalc2<256ul>(double*, double*, double*, double*, double, double, double, long)",141,104130985948228,104130985978469,0,0,12,4,32,256,1,1,1000192,1,1
"KERNEL_DISPATCH","Agent 4",2,1,205945,142,22,"void rajaperf::apps::pressurecalc1<256ul>(double*, double*, double, long)",142,104130985978469,104130985991909,0,0,8,0,32,256,1,1,1000192,1,1
"KERNEL_DISPATCH","Agent 4",2,1,205945,143,23,"void rajaperf::apps::pressurecalc2<256ul>(double*, double*, double*, double*, double, double, double, long)",143,104130985991909,104130986021509,0,0,12,4,32,256,1,1,1000192,1,1
"KERNEL_DISPATCH","Agent 4",2,1,205945,144,22,"void rajaperf::apps::pressurecalc1<256ul>(double*, double*, double, long)",144,104130986021509,104130986034949,0,0,8,0,32,256,1,1,1000192,1,1
"KERNEL_DISPATCH","Agent 4",2,1,205945,145,23,"void rajaperf::apps::pressurecalc2<256ul>(double*, double*, double*, double*, double, double, double, long)",145,104130986034949,104130986064389,0,0,12,4,32,256,1,1,1000192,1,1
"KERNEL_DISPATCH","Agent 4",2,1,205945,146,22,"void rajaperf::apps::pressurecalc1<256ul>(double*, double*, double, long)",146,104130986064389,104130986077989,0,0,8,0,32,256,1,1,1000192,1,1
"KERNEL_DISPATCH","Agent 4",2,1,205945,147,23,"void rajaperf::apps::pressurecalc2<256ul>(double*, double*, double*, double*, double, double, double, long)",147,104130986077989,104130986107589,0,0,12,4,32,256,1,1,1000192,1,1
"KERNEL_DISPATCH","Agent 4",2,1,205945,148,22,"void rajaperf::apps::pressurecalc1<256ul>(double*, double*, double, long)",148,104130986107589,104130986120709,0,0,8,0,32,256,1,1,1000192,1,1
"KERNEL_DISPATCH","Agent 4",2,1,205945,149,23,"void rajaperf::apps::pressurecalc2<256ul>(double*, double*, double*, double*, double, double, double, long)",149,104130986120709,104130986150630,0,0,12,4,32,256,1,1,1000192,1,1
"KERNEL_DISPATCH","Agent 4",2,1,205945,150,22,"void rajaperf::apps::pressurecalc1<256ul>(double*, double*, double, long)",150,104130986150630,104130986163910,0,0,8,0,32,256,1,1,1000192,1,1
"KERNEL_DISPATCH","Agent 4",2,1,205945,151,23,"void rajaperf::apps::pressurecalc2<256ul>(double*, double*, double*, double*, double, double, double, long)",151,104130986163910,104130986193990,0,0,12,4,32,256,1,1,1000192,1,1
"KERNEL_DISPATCH","Agent 4",2,1,205945,152,22,"void rajaperf::apps::pressurecalc1<256ul>(double*, double*, double, long)",152,104130986193990,104130986207110,0,0,8,0,32,256,1,1,1000192,1,1
"KERNEL_DISPATCH","Agent 4",2,1,205945,153,23,"void rajaperf::apps::pressurecalc2<256ul>(double*, double*, double*, double*, double, double, double, long)",153,104130986207110,104130986237030,0,0,12,4,32,256,1,1,1000192,1,1
"KERNEL_DISPATCH","Agent 4",2,1,205945,154,22,"void rajaperf::apps::pressurecalc1<256ul>(double*, double*, double, long)",154,104130986237030,104130986250470,0,0,8,0,32,256,1,1,1000192,1,1
"KERNEL_DISPATCH","Agent 4",2,1,205945,155,23,"void rajaperf::apps::pressurecalc2<256ul>(double*, double*, double*, double*, double, double, double, long)",155,104130986250470,104130986279910,0,0,12,4,32,256,1,1,1000192,1,1
"KERNEL_DISPATCH","Agent 4",2,1,205945,156,22,"void rajaperf::apps::pressurecalc1<256ul>(double*, double*, double, long)",156,104130986279910,104130986293030,0,0,8,0,32,256,1,1,1000192,1,1
"KERNEL_DISPATCH","Agent 4",2,1,205945,157,23,"void rajaperf::apps::pressurecalc2<256ul>(double*, double*, double*, double*, double, double, double, long)",157,104130986293030,104130986322631,0,0,12,4,32,256,1,1,1000192,1,1
"KERNEL_DISPATCH","Agent 4",2,1,205945,158,22,"void rajaperf::apps::pressurecalc1<256ul>(double*, double*, double, long)",158,104130986322631,104130986336071,0,0,8,0,32,256,1,1,1000192,1,1
"KERNEL_DISPATCH","Agent 4",2,1,205945,159,23,"void rajaperf::apps::pressurecalc2<256ul>(double*, double*, double*, double*, double, double, double, long)",159,104130986336071,104130986365671,0,0,12,4,32,256,1,1,1000192,1,1
"KERNEL_DISPATCH","Agent 4",2,1,205945,160,22,"void rajaperf::apps::pressurecalc1<256ul>(double*, double*, double, long)",160,104130986365671,104130986378791,0,0,8,0,32,256,1,1,1000192,1,1
"KERNEL_DISPATCH","Agent 4",2,1,205945,161,23,"void rajaperf::apps::pressurecalc2<256ul>(double*, double*, double*, double*, double, double, double, long)",161,104130986378791,104130986408551,0,0,12,4,32,256,1,1,1000192,1,1
"KERNEL_DISPATCH","Agent 4",2,1,205945,162,22,"void rajaperf::apps::pressurecalc1<256ul>(double*, double*, double, long)",162,104130986408551,104130986422151,0,0,8,0,32,256,1,1,1000192,1,1
"KERNEL_DISPATCH","Agent 4",2,1,205945,163,23,"void rajaperf::apps::pressurecalc2<256ul>(double*, double*, double*, double*, double, double, double, long)",163,104130986422151,104130986451751,0,0,12,4,32,256,1,1,1000192,1,1
"KERNEL_DISPATCH","Agent 4",2,1,205945,164,22,"void rajaperf::apps::pressurecalc1<256ul>(double*, double*, double, long)",164,104130986451751,104130986465351,0,0,8,0,32,256,1,1,1000192,1,1
"KERNEL_DISPATCH","Agent 4",2,1,205945,165,23,"void rajaperf::apps::pressurecalc2<256ul>(double*, double*, double*, double*, double, double, double, long)",165,104130986465351,104130986494792,0,0,12,4,32,256,1,1,1000192,1,1
"KERNEL_DISPATCH","Agent 4",2,1,205945,166,22,"void rajaperf::apps::pressurecalc1<256ul>(double*, double*, double, long)",166,104130986494792,104130986508392,0,0,8,0,32,256,1,1,1000192,1,1
"KERNEL_DISPATCH","Agent 4",2,1,205945,167,23,"void rajaperf::apps::pressurecalc2<256ul>(double*, double*, double*, double*, double, double, double, long)",167,104130986508392,104130986537512,0,0,12,4,32,256,1,1,1000192,1,1
"KERNEL_DISPATCH","Agent 4",2,1,205945,168,22,"void rajaperf::apps::pressurecalc1<256ul>(double*, double*, double, long)",168,104130986537512,104130986550632,0,0,8,0,32,256,1,1,1000192,1,1
"KERNEL_DISPATCH","Agent 4",2,1,205945,169,23,"void rajaperf::apps::pressurecalc2<256ul>(double*, double*, double*, double*, double, double, double, long)",169,104130986550632,104130986580552,0,0,12,4,32,256,1,1,1000192,1,1
"KERNEL_DISPATCH","Agent 4",2,1,205945,170,22,"void rajaperf::apps::pressurecalc1<256ul>(double*, double*, double, long)",170,104130986580552,104130986593832,0,0,8,0,32,256,1,1,1000192,1,1
"KERNEL_DISPATCH","Agent 4",2,1,205945,171,23,"void rajaperf::apps::pressurecalc2<256ul>(double*, double*, double*, double*, double, double, double, long)",171,104130986593832,104130986623432,0,0,12,4,32,256,1,1,1000192,1,1
"KERNEL_DISPATCH","Agent 4",2,1,205945,172,22,"void rajaperf::apps::pressurecalc1<256ul>(double*, double*, double, long)",172,104130986623432,104130986636712,0,0,8,0,32,256,1,1,1000192,1,1
"KERNEL_DISPATCH","Agent 4",2,1,205945,173,23,"void rajaperf::apps::pressurecalc2<256ul>(double*, double*, double*, double*, double, double, double, long)",173,104130986636712,104130986666313,0,0,12,4,32,256,1,1,1000192,1,1
"KERNEL_DISPATCH","Agent 4",2,1,205945,174,22,"void rajaperf::apps::pressurecalc1<256ul>(double*, double*, double, long)",174,104130986666313,104130986680073,0,0,8,0,32,256,1,1,1000192,1,1
"KERNEL_DISPATCH","Agent 4",2,1,205945,175,23,"void rajaperf::apps::pressurecalc2<256ul>(double*, double*, double*, double*, double, double, double, long)",175,104130986680073,104130986710313,0,0,12,4,32,256,1,1,1000192,1,1
"KERNEL_DISPATCH","Agent 4",2,1,205945,176,22,"void rajaperf::apps::pressurecalc1<256ul>(double*, double*, double, long)",176,104130986710313,104130986723593,0,0,8,0,32,256,1,1,1000192,1,1
"KERNEL_DISPATCH","Agent 4",2,1,205945,177,23,"void rajaperf::apps::pressurecalc2<256ul>(double*, double*, double*, double*, double, double, double, long)",177,104130986723593,104130986753193,0,0,12,4,32,256,1,1,1000192,1,1
"KERNEL_DISPATCH","Agent 4",2,1,205945,178,22,"void rajaperf::apps::pressurecalc1<256ul>(double*, double*, double, long)",178,104130986753193,104130986766633,0,0,8,0,32,256,1,1,1000192,1,1
"KERNEL_DISPATCH","Agent 4",2,1,205945,179,23,"void rajaperf::apps::pressurecalc2<256ul>(double*, double*, double*, double*, double, double, double, long)",179,104130986766633,104130986796713,0,0,12,4,32,256,1,1,1000192,1,1
"KERNEL_DISPATCH","Agent 4",2,1,205945,180,22,"void rajaperf::apps::pressurecalc1<256ul>(double*, double*, double, long)",180,104130986796713,104130986809994,0,0,8,0,32,256,1,1,1000192,1,1
"KERNEL_DISPATCH","Agent 4",2,1,205945,181,23,"void rajaperf::apps::pressurecalc2<256ul>(double*, double*, double*, double*, double, double, double, long)",181,104130986809994,104130986839594,0,0,12,4,32,256,1,1,1000192,1,1
"KERNEL_DISPATCH","Agent 4",2,1,205945,182,22,"void rajaperf::apps::pressurecalc1<256ul>(double*, double*, double, long)",182,104130986839594,104130986852874,0,0,8,0,32,256,1,1,1000192,1,1
"KERNEL_DISPATCH","Agent 4",2,1,205945,183,23,"void rajaperf::apps::pressurecalc2<256ul>(double*, double*, double*, double*, double, double, double, long)",183,104130986852874,104130986881994,0,0,12,4,32,256,1,1,1000192,1,1
"KERNEL_DISPATCH","Agent 4",2,1,205945,184,22,"void rajaperf::apps::pressurecalc1<256ul>(double*, double*, double, long)",184,104130986881994,104130986895594,0,0,8,0,32,256,1,1,1000192,1,1
"KERNEL_DISPATCH","Agent 4",2,1,205945,185,23,"void rajaperf::apps::pressurecalc2<256ul>(double*, double*, double*, double*, double, double, double, long)",185,104130986895594,104130986925034,0,0,12,4,32,256,1,1,1000192,1,1
"KERNEL_DISPATCH","Agent 4",2,1,205945,186,22,"void rajaperf::apps::pressurecalc1<256ul>(double*, double*, double, long)",186,104130986925034,104130986938154,0,0,8,0,32,256,1,1,1000192,1,1
"KERNEL_DISPATCH","Agent 4",2,1,205945,187,23,"void rajaperf::apps::pressurecalc2<256ul>(double*, double*, double*, double*, double, double, double, long)",187,104130986938154,104130986967434,0,0,12,4,32,256,1,1,1000192,1,1
"KERNEL_DISPATCH","Agent 4",2,1,205945,188,22,"void rajaperf::apps::pressurecalc1<256ul>(double*, double*, double, long)",188,104130986967434,104130986980715,0,0,8,0,32,256,1,1,1000192,1,1
"KERNEL_DISPATCH","Agent 4",2,1,205945,189,23,"void rajaperf::apps::pressurecalc2<256ul>(double*, double*, double*, double*, double, double, double, long)",189,104130986980715,104130987010315,0,0,12,4,32,256,1,1,1000192,1,1
"KERNEL_DISPATCH","Agent 4",2,1,205945,190,22,"void rajaperf::apps::pressurecalc1<256ul>(double*, double*, double, long)",190,104130987010315,104130987023755,0,0,8,0,32,256,1,1,1000192,1,1
"KERNEL_DISPATCH","Agent 4",2,1,205945,191,23,"void rajaperf::apps::pressurecalc2<256ul>(double*, double*, double*, double*, double, double, double, long)",191,104130987023755,104130987053995,0,0,12,4,32,256,1,1,1000192,1,1
"KERNEL_DISPATCH","Agent 4",2,1,205945,192,22,"void rajaperf::apps::pressurecalc1<256ul>(double*, double*, double, long)",192,104130987053995,104130987067595,0,0,8,0,32,256,1,1,1000192,1,1
"KERNEL_DISPATCH","Agent 4",2,1,205945,193,23,"void rajaperf::apps::pressurecalc2<256ul>(double*, double*, double*, double*, double, double, double, long)",193,104130987067595,104130987097195,0,0,12,4,32,256,1,1,1000192,1,1
"KERNEL_DISPATCH","Agent 4",2,1,205945,194,22,"void rajaperf::apps::pressurecalc1<256ul>(double*, double*, double, long)",194,104130987097195,104130987110475,0,0,8,0,32,256,1,1,1000192,1,1
"KERNEL_DISPATCH","Agent 4",2,1,205945,195,23,"void rajaperf::apps::pressurecalc2<256ul>(double*, double*, double*, double*, double, double, double, long)",195,104130987110475,104130987139756,0,0,12,4,32,256,1,1,1000192,1,1
"KERNEL_DISPATCH","Agent 4",2,1,205945,196,22,"void rajaperf::apps::pressurecalc1<256ul>(double*, double*, double, long)",196,104130987139756,104130987153516,0,0,8,0,32,256,1,1,1000192,1,1
"KERNEL_DISPATCH","Agent 4",2,1,205945,197,23,"void rajaperf::apps::pressurecalc2<256ul>(double*, double*, double*, double*, double, double, double, long)",197,104130987153516,104130987183276,0,0,12,4,32,256,1,1,1000192,1,1
"KERNEL_DISPATCH","Agent 4",2,1,205945,198,22,"void rajaperf::apps::pressurecalc1<256ul>(double*, double*, double, long)",198,104130987183276,104130987196716,0,0,8,0,32,256,1,1,1000192,1,1
"KERNEL_DISPATCH","Agent 4",2,1,205945,199,23,"void rajaperf::apps::pressurecalc2<256ul>(double*, double*, double*, double*, double, double, double, long)",199,104130987196716,104130987225836,0,0,12,4,32,256,1,1,1000192,1,1
"KERNEL_DISPATCH","Agent 4",2,1,205945,200,22,"void rajaperf::apps::pressurecalc1<256ul>(double*, double*, double, long)",200,104130987225836,104130987239276,0,0,8,0,32,256,1,1,1000192,1,1
"KERNEL_DISPATCH","Agent 4",2,1,205945,201,23,"void rajaperf::apps::pressurecalc2<256ul>(double*, double*, double*, double*, double, double, double, long)",201,104130987239276,104130987268716,0,0,12,4,32,256,1,1,1000192,1,1
"KERNEL_DISPATCH","Agent 4",2,1,205945,202,22,"void rajaperf::apps::pressurecalc1<256ul>(double*, double*, double, long)",202,104130987268716,104130987281996,0,0,8,0,32,256,1,1,1000192,1,1
"KERNEL_DISPATCH","Agent 4",2,1,205945,203,23,"void rajaperf::apps::pressurecalc2<256ul>(double*, double*, double*, double*, double, double, double, long)",203,104130987281996,104130987311437,0,0,12,4,32,256,1,1,1000192,1,1
"KERNEL_DISPATCH","Agent 4",2,1,205945,204,22,"void rajaperf::apps::pressurecalc1<256ul>(double*, double*, double, long)",204,104130987311437,104130987324717,0,0,8,0,32,256,1,1,1000192,1,1
"KERNEL_DISPATCH","Agent 4",2,1,205945,205,23,"void rajaperf::apps::pressurecalc2<256ul>(double*, double*, double*, double*, double, double, double, long)",205,104130987324717,104130987354157,0,0,12,4,32,256,1,1,1000192,1,1
"KERNEL_DISPATCH","Agent 4",2,1,205945,206,22,"void rajaperf::apps::pressurecalc1<256ul>(double*, double*, double, long)",206,104130987354157,104130987367597,0,0,8,0,32,256,1,1,1000192,1,1
"KERNEL_DISPATCH","Agent 4",2,1,205945,207,23,"void rajaperf::apps::pressurecalc2<256ul>(double*, double*, double*, double*, double, double, double, long)",207,104130987367597,104130987396717,0,0,12,4,32,256,1,1,1000192,1,1
"KERNEL_DISPATCH","Agent 4",2,1,205945,208,22,"void rajaperf::apps::pressurecalc1<256ul>(double*, double*, double, long)",208,104130987396717,104130987410477,0,0,8,0,32,256,1,1,1000192,1,1
"KERNEL_DISPATCH","Agent 4",2,1,205945,209,23,"void rajaperf::apps::pressurecalc2<256ul>(double*, double*, double*, double*, double, double, double, long)",209,104130987410477,104130987440397,0,0,12,4,32,256,1,1,1000192,1,1
"KERNEL_DISPATCH","Agent 4",2,1,205945,210,22,"void rajaperf::apps::pressurecalc1<256ul>(double*, double*, double, long)",210,104130987440397,104130987453677,0,0,8,0,32,256,1,1,1000192,1,1
"KERNEL_DISPATCH","Agent 4",2,1,205945,211,23,"void rajaperf::apps::pressurecalc2<256ul>(double*, double*, double*, double*, double, double, double, long)",211,104130987453677,104130987483118,0,0,12,4,32,256,1,1,1000192,1,1
"KERNEL_DISPATCH","Agent 4",2,1,205945,212,22,"void rajaperf::apps::pressurecalc1<256ul>(double*, double*, double, long)",212,104130987483118,104130987496078,0,0,8,0,32,256,1,1,1000192,1,1
"KERNEL_DISPATCH","Agent 4",2,1,205945,213,23,"void rajaperf::apps::pressurecalc2<256ul>(double*, double*, double*, double*, double, double, double, long)",213,104130987496078,104130987525358,0,0,12,4,32,256,1,1,1000192,1,1
"KERNEL_DISPATCH","Agent 4",2,1,205945,214,22,"void rajaperf::apps::pressurecalc1<256ul>(double*, double*, double, long)",214,104130987525358,104130987538798,0,0,8,0,32,256,1,1,1000192,1,1
"KERNEL_DISPATCH","Agent 4",2,1,205945,215,23,"void rajaperf::apps::pressurecalc2<256ul>(double*, double*, double*, double*, double, double, double, long)",215,104130987538798,104130987568558,0,0,12,4,32,256,1,1,1000192,1,1
"KERNEL_DISPATCH","Agent 4",2,1,205945,216,22,"void rajaperf::apps::pressurecalc1<256ul>(double*, double*, double, long)",216,104130987568558,104130987581838,0,0,8,0,32,256,1,1,1000192,1,1
"KERNEL_DISPATCH","Agent 4",2,1,205945,217,23,"void rajaperf::apps::pressurecalc2<256ul>(double*, double*, double*, double*, double, double, double, long)",217,104130987581838,104130987610958,0,0,12,4,32,256,1,1,1000192,1,1
"KERNEL_DISPATCH","Agent 4",2,1,205945,218,22,"void rajaperf::apps::pressurecalc1<256ul>(double*, double*, double, long)",218,104130987610958,104130987624558,0,0,8,0,32,256,1,1,1000192,1,1
"KERNEL_DISPATCH","Agent 4",2,1,205945,219,23,"void rajaperf::apps::pressurecalc2<256ul>(double*, double*, double*, double*, double, double, double, long)",219,104130987624558,104130987654159,0,0,12,4,32,256,1,1,1000192,1,1
"KERNEL_DISPATCH","Agent 4",2,1,205945,220,22,"void rajaperf::apps::pressurecalc1<256ul>(double*, double*, double, long)",220,104130987654159,104130987667119,0,0,8,0,32,256,1,1,1000192,1,1
"KERNEL_DISPATCH","Agent 4",2,1,205945,221,23,"void rajaperf::apps::pressurecalc2<256ul>(double*, double*, double*, double*, double, double, double, long)",221,104130987667119,104130987696399,0,0,12,4,32,256,1,1,1000192,1,1
"KERNEL_DISPATCH","Agent 4",2,1,205945,222,22,"void rajaperf::apps::pressurecalc1<256ul>(double*, double*, double, long)",222,104130987696399,104130987709519,0,0,8,0,32,256,1,1,1000192,1,1
"KERNEL_DISPATCH","Agent 4",2,1,205945,223,23,"void rajaperf::apps::pressurecalc2<256ul>(double*, double*, double*, double*, double, double, double, long)",223,104130987709519,104130987739439,0,0,12,4,32,256,1,1,1000192,1,1
"KERNEL_DISPATCH","Agent 4",2,1,205945,224,22,"void rajaperf::apps::pressurecalc1<256ul>(double*, double*, double, long)",224,104130987739439,104130987752719,0,0,8,0,32,256,1,1,1000192,1,1
"KERNEL_DISPATCH","Agent 4",2,1,205945,225,23,"void rajaperf::apps::pressurecalc2<256ul>(double*, double*, double*, double*, double, double, double, long)",225,104130987752719,104130987781839,0,0,12,4,32,256,1,1,1000192,1,1
"KERNEL_DISPATCH","Agent 4",2,1,205945,226,22,"void rajaperf::apps::pressurecalc1<256ul>(double*, double*, double, long)",226,104130987781839,104130987795599,0,0,8,0,32,256,1,1,1000192,1,1
"KERNEL_DISPATCH","Agent 4",2,1,205945,227,23,"void rajaperf::apps::pressurecalc2<256ul>(double*, double*, double*, double*, double, double, double, long)",227,104130987795599,104130987825680,0,0,12,4,32,256,1,1,1000192,1,1
"KERNEL_DISPATCH","Agent 4",2,1,205945,228,22,"void rajaperf::apps::pressurecalc1<256ul>(double*, double*, double, long)",228,104130987825680,104130987839120,0,0,8,0,32,256,1,1,1000192,1,1
"KERNEL_DISPATCH","Agent 4",2,1,205945,229,23,"void rajaperf::apps::pressurecalc2<256ul>(double*, double*, double*, double*, double, double, double, long)",229,104130987839120,104130987868400,0,0,12,4,32,256,1,1,1000192,1,1
"KERNEL_DISPATCH","Agent 4",2,1,205945,230,22,"void rajaperf::apps::pressurecalc1<256ul>(double*, double*, double, long)",230,104130987868400,104130987881520,0,0,8,0,32,256,1,1,1000192,1,1
"KERNEL_DISPATCH","Agent 4",2,1,205945,231,23,"void rajaperf::apps::pressurecalc2<256ul>(double*, double*, double*, double*, double, double, double, long)",231,104130987881520,104130987911440,0,0,12,4,32,256,1,1,1000192,1,1
"KERNEL_DISPATCH","Agent 4",2,1,205945,232,22,"void rajaperf::apps::pressurecalc1<256ul>(double*, double*, double, long)",232,104130987911440,104130987924400,0,0,8,0,32,256,1,1,1000192,1,1
"KERNEL_DISPATCH","Agent 4",2,1,205945,233,23,"void rajaperf::apps::pressurecalc2<256ul>(double*, double*, double*, double*, double, double, double, long)",233,104130987924400,104130987954000,0,0,12,4,32,256,1,1,1000192,1,1
"KERNEL_DISPATCH","Agent 4",2,1,205945,234,22,"void rajaperf::apps::pressurecalc1<256ul>(double*, double*, double, long)",234,104130987954000,104130987967281,0,0,8,0,32,256,1,1,1000192,1,1
"KERNEL_DISPATCH","Agent 4",2,1,205945,235,23,"void rajaperf::apps::pressurecalc2<256ul>(double*, double*, double*, double*, double, double, double, long)",235,104130987967281,104130987996721,0,0,12,4,32,256,1,1,1000192,1,1
"KERNEL_DISPATCH","Agent 4",2,1,205945,236,22,"void rajaperf::apps::pressurecalc1<256ul>(double*, double*, double, long)",236,104130987996721,104130988010001,0,0,8,0,32,256,1,1,1000192,1,1
"KERNEL_DISPATCH","Agent 4",2,1,205945,237,23,"void rajaperf::apps::pressurecalc2<256ul>(double*, double*, double*, double*, double, double, double, long)",237,104130988010001,104130988039761,0,0,12,4,32,256,1,1,1000192,1,1
"KERNEL_DISPATCH","Agent 4",2,1,205945,238,22,"void rajaperf::apps::pressurecalc1<256ul>(double*, double*, double, long)",238,104130988039761,104130988053041,0,0,8,0,32,256,1,1,1000192,1,1
"KERNEL_DISPATCH","Agent 4",2,1,205945,239,23,"void rajaperf::apps::pressurecalc2<256ul>(double*, double*, double*, double*, double, double, double, long)",239,104130988053041,104130988082961,0,0,12,4,32,256,1,1,1000192,1,1
"KERNEL_DISPATCH","Agent 4",2,1,205945,240,22,"void rajaperf::apps::pressurecalc1<256ul>(double*, double*, double, long)",240,104130988082961,104130988096401,0,0,8,0,32,256,1,1,1000192,1,1
"KERNEL_DISPATCH","Agent 4",2,1,205945,241,23,"void rajaperf::apps::pressurecalc2<256ul>(double*, double*, double*, double*, double, double, double, long)",241,104130988096401,104130988126321,0,0,12,4,32,256,1,1,1000192,1,1
"KERNEL_DISPATCH","Agent 4",2,1,205945,242,22,"void rajaperf::apps::pressurecalc1<256ul>(double*, double*, double, long)",242,104130988126321,104130988139762,0,0,8,0,32,256,1,1,1000192,1,1
"KERNEL_DISPATCH","Agent 4",2,1,205945,243,23,"void rajaperf::apps::pressurecalc2<256ul>(double*, double*, double*, double*, double, double, double, long)",243,104130988139762,104130988169522,0,0,12,4,32,256,1,1,1000192,1,1
"KERNEL_DISPATCH","Agent 4",2,1,205945,244,22,"void rajaperf::apps::pressurecalc1<256ul>(double*, double*, double, long)",244,104130988169522,104130988183282,0,0,8,0,32,256,1,1,1000192,1,1
"KERNEL_DISPATCH","Agent 4",2,1,205945,245,23,"void rajaperf::apps::pressurecalc2<256ul>(double*, double*, double*, double*, double, double, double, long)",245,104130988183282,104130988213362,0,0,12,4,32,256,1,1,1000192,1,1
"KERNEL_DISPATCH","Agent 4",2,1,205945,246,22,"void rajaperf::apps::pressurecalc1<256ul>(double*, double*, double, long)",246,104130988213362,104130988226482,0,0,8,0,32,256,1,1,1000192,1,1
"KERNEL_DISPATCH","Agent 4",2,1,205945,247,23,"void rajaperf::apps::pressurecalc2<256ul>(double*, double*, double*, double*, double, double, double, long)",247,104130988226482,104130988255602,0,0,12,4,32,256,1,1,1000192,1,1
"KERNEL_DISPATCH","Agent 4",2,1,205945,248,22,"void rajaperf::apps::pressurecalc1<256ul>(double*, double*, double, long)",248,104130988255602,104130988268882,0,0,8,0,32,256,1,1,1000192,1,1
"KERNEL_DISPATCH","Agent 4",2,1,205945,249,23,"void rajaperf::apps::pressurecalc2<256ul>(double*, double*, double*, double*, double, double, double, long)",249,104130988268882,104130988298483,0,0,12,4,32,256,1,1,1000192,1,1
"KERNEL_DISPATCH","Agent 4",2,1,205945,250,22,"void rajaperf::apps::pressurecalc1<256ul>(double*, double*, double, long)",250,104130988298483,104130988311763,0,0,8,0,32,256,1,1,1000192,1,1
"KERNEL_DISPATCH","Agent 4",2,1,205945,251,23,"void rajaperf::apps::pressurecalc2<256ul>(double*, double*, double*, double*, double, double, double, long)",251,104130988311763,104130988341043,0,0,12,4,32,256,1,1,1000192,1,1
"KERNEL_DISPATCH","Agent 4",2,1,205945,252,22,"void rajaperf::apps::pressurecalc1<256ul>(double*, double*, double, long)",252,104130988341043,104130988354483,0,0,8,0,32,256,1,1,1000192,1,1
"KERNEL_DISPATCH","Agent 4",2,1,205945,253,23,"void rajaperf::apps::pressurecalc2<256ul>(double*, double*, double*, double*, double, double, double, long)",253,104130988354483,104130988384083,0,0,12,4,32,256,1,1,1000192,1,1
"KERNEL_DISPATCH","Agent 4",2,1,205945,254,22,"void rajaperf::apps::pressurecalc1<256ul>(double*, double*, double, long)",254,104130988384083,104130988397523,0,0,8,0,32,256,1,1,1000192,1,1
"KERNEL_DISPATCH","Agent 4",2,1,205945,255,23,"void rajaperf::apps::pressurecalc2<256ul>(double*, double*, double*, double*, double, double, double, long)",255,104130988397523,104130988427603,0,0,12,4,32,256,1,1,1000192,1,1
"KERNEL_DISPATCH","Agent 4",2,1,205945,256,22,"void rajaperf::apps::pressurecalc1<256ul>(double*, double*, double, long)",256,104130988427603,104130988441043,0,0,8,0,32,256,1,1,1000192,1,1
"KERNEL_DISPATCH","Agent 4",2,1,205945,257,23,"void rajaperf::apps::pressurecalc2<256ul>(double*, double*, double*, double*, double, double, double, long)",257,104130988441043,104130988470484,0,0,12,4,32,256,1,1,1000192,1,1
"KERNEL_DISPATCH","Agent 4",2,1,205945,258,22,"void rajaperf::apps::pressurecalc1<256ul>(double*, double*, double, long)",258,104130988470484,104130988484884,0,0,8,0,32,256,1,1,1000192,1,1
"KERNEL_DISPATCH","Agent 4",2,1,205945,259,23,"void rajaperf::apps::pressurecalc2<256ul>(double*, double*, double*, double*, double, double, double, long)",259,104130988484884,104130988514804,0,0,12,4,32,256,1,1,1000192,1,1
"KERNEL_DISPATCH","Agent 4",2,1,205945,260,22,"void rajaperf::apps::pressurecalc1<256ul>(double*, double*, double, long)",260,104130988514804,104130988528244,0,0,8,0,32,256,1,1,1000192,1,1
"KERNEL_DISPATCH","Agent 4",2,1,205945,261,23,"void rajaperf::apps::pressurecalc2<256ul>(double*, double*, double*, double*, double, double, double, long)",261,104130988528244,104130988558324,0,0,12,4,32,256,1,1,1000192,1,1
"KERNEL_DISPATCH","Agent 4",2,1,205945,262,22,"void rajaperf::apps::pressurecalc1<256ul>(double*, double*, double, long)",262,104130988558324,104130988571764,0,0,8,0,32,256,1,1,1000192,1,1
"KERNEL_DISPATCH","Agent 4",2,1,205945,263,23,"void rajaperf::apps::pressurecalc2<256ul>(double*, double*, double*, double*, double, double, double, long)",263,104130988571764,104130988601684,0,0,12,4,32,256,1,1,1000192,1,1
"KERNEL_DISPATCH","Agent 4",2,1,205945,264,22,"void rajaperf::apps::pressurecalc1<256ul>(double*, double*, double, long)",264,104130988601684,104130988614964,0,0,8,0,32,256,1,1,1000192,1,1
"KERNEL_DISPATCH","Agent 4",2,1,205945,265,23,"void rajaperf::apps::pressurecalc2<256ul>(double*, double*, double*, double*, double, double, double, long)",265,104130988614964,104130988644565,0,0,12,4,32,256,1,1,1000192,1,1
"KERNEL_DISPATCH","Agent 4",2,1,205945,266,22,"void rajaperf::apps::pressurecalc1<256ul>(double*, double*, double, long)",266,104130988644565,104130988657845,0,0,8,0,32,256,1,1,1000192,1,1
"KERNEL_DISPATCH","Agent 4",2,1,205945,267,23,"void rajaperf::apps::pressurecalc2<256ul>(double*, double*, double*, double*, double, double, double, long)",267,104130988657845,104130988687445,0,0,12,4,32,256,1,1,1000192,1,1
"KERNEL_DISPATCH","Agent 4",2,1,205945,268,22,"void rajaperf::apps::pressurecalc1<256ul>(double*, double*, double, long)",268,104130988687445,104130988701045,0,0,8,0,32,256,1,1,1000192,1,1
"KERNEL_DISPATCH","Agent 4",2,1,205945,269,23,"void rajaperf::apps::pressurecalc2<256ul>(double*, double*, double*, double*, double, double, double, long)",269,104130988701045,104130988730645,0,0,12,4,32,256,1,1,1000192,1,1
"KERNEL_DISPATCH","Agent 4",2,1,205945,270,22,"void rajaperf::apps::pressurecalc1<256ul>(double*, double*, double, long)",270,104130988730645,104130988744245,0,0,8,0,32,256,1,1,1000192,1,1
"KERNEL_DISPATCH","Agent 4",2,1,205945,271,23,"void rajaperf::apps::pressurecalc2<256ul>(double*, double*, double*, double*, double, double, double, long)",271,104130988744245,104130988774005,0,0,12,4,32,256,1,1,1000192,1,1
"KERNEL_DISPATCH","Agent 4",2,1,205945,272,22,"void rajaperf::apps::pressurecalc1<256ul>(double*, double*, double, long)",272,104130988774005,104130988787765,0,0,8,0,32,256,1,1,1000192,1,1
"KERNEL_DISPATCH","Agent 4",2,1,205945,273,23,"void rajaperf::apps::pressurecalc2<256ul>(double*, double*, double*, double*, double, double, double, long)",273,104130988787765,104130988817526,0,0,12,4,32,256,1,1,1000192,1,1
"KERNEL_DISPATCH","Agent 4",2,1,205945,274,22,"void rajaperf::apps::pressurecalc1<256ul>(double*, double*, double, long)",274,104130988817526,104130988830806,0,0,8,0,32,256,1,1,1000192,1,1
"KERNEL_DISPATCH","Agent 4",2,1,205945,275,23,"void rajaperf::apps::pressurecalc2<256ul>(double*, double*, double*, double*, double, double, double, long)",275,104130988830806,104130988860406,0,0,12,4,32,256,1,1,1000192,1,1
"KERNEL_DISPATCH","Agent 4",2,1,205945,276,22,"void rajaperf::apps::pressurecalc1<256ul>(double*, double*, double, long)",276,104130988860406,104130988873526,0,0,8,0,32,256,1,1,1000192,1,1
"KERNEL_DISPATCH","Agent 4",2,1,205945,277,23,"void rajaperf::apps::pressurecalc2<256ul>(double*, double*, double*, double*, double, double, double, long)",277,104130988873526,104130988903446,0,0,12,4,32,256,1,1,1000192,1,1
"KERNEL_DISPATCH","Agent 4",2,1,205945,278,22,"void rajaperf::apps::pressurecalc1<256ul>(double*, double*, double, long)",278,104130988903446,104130988917206,0,0,8,0,32,256,1,1,1000192,1,1
"KERNEL_DISPATCH","Agent 4",2,1,205945,279,23,"void rajaperf::apps::pressurecalc2<256ul>(double*, double*, double*, double*, double, double, double, long)",279,104130988917206,104130988947446,0,0,12,4,32,256,1,1,1000192,1,1
"KERNEL_DISPATCH","Agent 4",2,1,205945,280,22,"void rajaperf::apps::pressurecalc1<256ul>(double*, double*, double, long)",280,104130988947446,104130988960887,0,0,8,0,32,256,1,1,1000192,1,1
"KERNEL_DISPATCH","Agent 4",2,1,205945,281,23,"void rajaperf::apps::pressurecalc2<256ul>(double*, double*, double*, double*, double, double, double, long)",281,104130988960887,104130988990647,0,0,12,4,32,256,1,1,1000192,1,1
"KERNEL_DISPATCH","Agent 4",2,1,205945,282,22,"void rajaperf::apps::pressurecalc1<256ul>(double*, double*, double, long)",282,104130988990647,104130989003927,0,0,8,0,32,256,1,1,1000192,1,1
"KERNEL_DISPATCH","Agent 4",2,1,205945,283,23,"void rajaperf::apps::pressurecalc2<256ul>(double*, double*, double*, double*, double, double, double, long)",283,104130989003927,104130989033367,0,0,12,4,32,256,1,1,1000192,1,1
"KERNEL_DISPATCH","Agent 4",2,1,205945,284,22,"void rajaperf::apps::pressurecalc1<256ul>(double*, double*, double, long)",284,104130989033367,104130989046807,0,0,8,0,32,256,1,1,1000192,1,1
"KERNEL_DISPATCH","Agent 4",2,1,205945,285,23,"void rajaperf::apps::pressurecalc2<256ul>(double*, double*, double*, double*, double, double, double, long)",285,104130989046807,104130989076727,0,0,12,4,32,256,1,1,1000192,1,1
"KERNEL_DISPATCH","Agent 4",2,1,205945,286,22,"void rajaperf::apps::pressurecalc1<256ul>(double*, double*, double, long)",286,104130989076727,104130989089847,0,0,8,0,32,256,1,1,1000192,1,1
"KERNEL_DISPATCH","Agent 4",2,1,205945,287,23,"void rajaperf::apps::pressurecalc2<256ul>(double*, double*, double*, double*, double, double, double, long)",287,104130989089847,104130989119927,0,0,12,4,32,256,1,1,1000192,1,1
"KERNEL_DISPATCH","Agent 4",2,1,205945,288,22,"void rajaperf::apps::pressurecalc1<256ul>(double*, double*, double, long)",288,104130989119927,104130989133208,0,0,8,0,32,256,1,1,1000192,1,1
"KERNEL_DISPATCH","Agent 4",2,1,205945,289,23,"void rajaperf::apps::pressurecalc2<256ul>(double*, double*, double*, double*, double, double, double, long)",289,104130989133208,104130989162648,0,0,12,4,32,256,1,1,1000192,1,1
"KERNEL_DISPATCH","Agent 4",2,1,205945,290,22,"void rajaperf::apps::pressurecalc1<256ul>(double*, double*, double, long)",290,104130989162648,104130989177048,0,0,8,0,32,256,1,1,1000192,1,1
"KERNEL_DISPATCH","Agent 4",2,1,205945,291,23,"void rajaperf::apps::pressurecalc2<256ul>(double*, double*, double*, double*, double, double, double, long)",291,104130989177048,104130989207128,0,0,12,4,32,256,1,1,1000192,1,1
"KERNEL_DISPATCH","Agent 4",2,1,205945,292,22,"void rajaperf::apps::pressurecalc1<256ul>(double*, double*, double, long)",292,104130989207128,104130989220408,0,0,8,0,32,256,1,1,1000192,1,1
"KERNEL_DISPATCH","Agent 4",2,1,205945,293,23,"void rajaperf::apps::pressurecalc2<256ul>(double*, double*, double*, double*, double, double, double, long)",293,104130989220408,104130989249848,0,0,12,4,32,256,1,1,1000192,1,1
"KERNEL_DISPATCH","Agent 4",2,1,205945,294,22,"void rajaperf::apps::pressurecalc1<256ul>(double*, double*, double, long)",294,104130989249848,104130989262968,0,0,8,0,32,256,1,1,1000192,1,1
"KERNEL_DISPATCH","Agent 4",2,1,205945,295,23,"void rajaperf::apps::pressurecalc2<256ul>(double*, double*, double*, double*, double, double, double, long)",295,104130989262968,104130989292889,0,0,12,4,32,256,1,1,1000192,1,1
"KERNEL_DISPATCH","Agent 4",2,1,205945,296,22,"void rajaperf::apps::pressurecalc1<256ul>(double*, double*, double, long)",296,104130989292889,104130989306009,0,0,8,0,32,256,1,1,1000192,1,1
"KERNEL_DISPATCH","Agent 4",2,1,205945,297,23,"void rajaperf::apps::pressurecalc2<256ul>(double*, double*, double*, double*, double, double, double, long)",297,104130989306009,104130989335769,0,0,12,4,32,256,1,1,1000192,1,1
"KERNEL_DISPATCH","Agent 4",2,1,205945,298,22,"void rajaperf::apps::pressurecalc1<256ul>(double*, double*, double, long)",298,104130989335769,104130989349049,0,0,8,0,32,256,1,1,1000192,1,1
"KERNEL_DISPATCH","Agent 4",2,1,205945,299,23,"void rajaperf::apps::pressurecalc2<256ul>(double*, double*, double*, double*, double, double, double, long)",299,104130989349049,104130989378489,0,0,12,4,32,256,1,1,1000192,1,1
"KERNEL_DISPATCH","Agent 4",2,1,205945,300,22,"void rajaperf::apps::pressurecalc1<256ul>(double*, double*, double, long)",300,104130989378489,104130989391769,0,0,8,0,32,256,1,1,1000192,1,1
"KERNEL_DISPATCH","Agent 4",2,1,205945,301,23,"void rajaperf::apps::pressurecalc2<256ul>(double*, double*, double*, double*, double, double, double, long)",301,104130989391769,104130989421209,0,0,12,4,32,256,1,1,1000192,1,1
"KERNEL_DISPATCH","Agent 4",2,1,205945,302,22,"void rajaperf::apps::pressurecalc1<256ul>(double*, double*, double, long)",302,104130989421209,104130989434329,0,0,8,0,32,256,1,1,1000192,1,1
"KERNEL_DISPATCH","Agent 4",2,1,205945,303,23,"void rajaperf::apps::pressurecalc2<256ul>(double*, double*, double*, double*, double, double, double, long)",303,104130989434329,104130989464090,0,0,12,4,32,256,1,1,1000192,1,1
"KERNEL_DISPATCH","Agent 4",2,1,205945,304,22,"void rajaperf::apps::pressurecalc1<256ul>(double*, double*, double, long)",304,104130989464090,104130989477850,0,0,8,0,32,256,1,1,1000192,1,1
"KERNEL_DISPATCH","Agent 4",2,1,205945,305,23,"void rajaperf::apps::pressurecalc2<256ul>(double*, double*, double*, double*, double, double, double, long)",305,104130989477850,104130989507450,0,0,12,4,32,256,1,1,1000192,1,1
"KERNEL_DISPATCH","Agent 4",2,1,205945,306,22,"void rajaperf::apps::pressurecalc1<256ul>(double*, double*, double, long)",306,104130989507450,104130989520570,0,0,8,0,32,256,1,1,1000192,1,1
"KERNEL_DISPATCH","Agent 4",2,1,205945,307,23,"void rajaperf::apps::pressurecalc2<256ul>(double*, double*, double*, double*, double, double, double, long)",307,104130989520570,104130989550330,0,0,12,4,32,256,1,1,1000192,1,1
"KERNEL_DISPATCH","Agent 4",2,1,205945,308,22,"void rajaperf::apps::pressurecalc1<256ul>(double*, double*, double, long)",308,104130989550330,104130989563610,0,0,8,0,32,256,1,1,1000192,1,1
"KERNEL_DISPATCH","Agent 4",2,1,205945,309,23,"void rajaperf::apps::pressurecalc2<256ul>(double*, double*, double*, double*, double, double, double, long)",309,104130989563610,104130989592890,0,0,12,4,32,256,1,1,1000192,1,1
"KERNEL_DISPATCH","Agent 4",2,1,205945,310,22,"void rajaperf::apps::pressurecalc1<256ul>(double*, double*, double, long)",310,104130989592890,104130989606490,0,0,8,0,32,256,1,1,1000192,1,1
"KERNEL_DISPATCH","Agent 4",2,1,205945,311,23,"void rajaperf::apps::pressurecalc2<256ul>(double*, double*, double*, double*, double, double, double, long)",311,104130989606490,104130989636891,0,0,12,4,32,256,1,1,1000192,1,1
"KERNEL_DISPATCH","Agent 4",2,1,205945,312,22,"void rajaperf::apps::pressurecalc1<256ul>(double*, double*, double, long)",312,104130989636891,104130989650331,0,0,8,0,32,256,1,1,1000192,1,1
"KERNEL_DISPATCH","Agent 4",2,1,205945,313,23,"void rajaperf::apps::pressurecalc2<256ul>(double*, double*, double*, double*, double, double, double, long)",313,104130989650331,104130989679931,0,0,12,4,32,256,1,1,1000192,1,1
"KERNEL_DISPATCH","Agent 4",2,1,205945,314,22,"void rajaperf::apps::pressurecalc1<256ul>(double*, double*, double, long)",314,104130989679931,104130989693371,0,0,8,0,32,256,1,1,1000192,1,1
"KERNEL_DISPATCH","Agent 4",2,1,205945,315,23,"void rajaperf::apps::pressurecalc2<256ul>(double*, double*, double*, double*, double, double, double, long)",315,104130989693371,104130989723451,0,0,12,4,32,256,1,1,1000192,1,1
"KERNEL_DISPATCH","Agent 4",2,1,205945,316,22,"void rajaperf::apps::pressurecalc1<256ul>(double*, double*, double, long)",316,104130989723451,104130989736891,0,0,8,0,32,256,1,1,1000192,1,1
"KERNEL_DISPATCH","Agent 4",2,1,205945,317,23,"void rajaperf::apps::pressurecalc2<256ul>(double*, double*, double*, double*, double, double, double, long)",317,104130989736891,104130989766331,0,0,12,4,32,256,1,1,1000192,1,1
"KERNEL_DISPATCH","Agent 4",2,1,205945,318,22,"void rajaperf::apps::pressurecalc1<256ul>(double*, double*, double, long)",318,104130989766331,104130989779771,0,0,8,0,32,256,1,1,1000192,1,1
"KERNEL_DISPATCH","Agent 4",2,1,205945,319,23,"void rajaperf::apps::pressurecalc2<256ul>(double*, double*, double*, double*, double, double, double, long)",319,104130989779771,104130989809532,0,0,12,4,32,256,1,1,1000192,1,1
"KERNEL_DISPATCH","Agent 4",2,1,205945,320,22,"void rajaperf::apps::pressurecalc1<256ul>(double*, double*, double, long)",320,104130989809532,104130989823132,0,0,8,0,32,256,1,1,1000192,1,1
"KERNEL_DISPATCH","Agent 4",2,1,205945,321,23,"void rajaperf::apps::pressurecalc2<256ul>(double*, double*, double*, double*, double, double, double, long)",321,104130989823132,104130989852572,0,0,12,4,32,256,1,1,1000192,1,1
"KERNEL_DISPATCH","Agent 4",2,1,205945,322,22,"void rajaperf::apps::pressurecalc1<256ul>(double*, double*, double, long)",322,104130989852572,104130989866972,0,0,8,0,32,256,1,1,1000192,1,1
"KERNEL_DISPATCH","Agent 4",2,1,205945,323,23,"void rajaperf::apps::pressurecalc2<256ul>(double*, double*, double*, double*, double, double, double, long)",323,104130989866972,104130989896572,0,0,12,4,32,256,1,1,1000192,1,1
"KERNEL_DISPATCH","Agent 4",2,1,205945,324,22,"void rajaperf::apps::pressurecalc1<256ul>(double*, double*, double, long)",324,104130989896572,104130989909852,0,0,8,0,32,256,1,1,1000192,1,1
"KERNEL_DISPATCH","Agent 4",2,1,205945,325,23,"void rajaperf::apps::pressurecalc2<256ul>(double*, double*, double*, double*, double, double, double, long)",325,104130989909852,104130989939292,0,0,12,4,32,256,1,1,1000192,1,1
"KERNEL_DISPATCH","Agent 4",2,1,205945,326,22,"void rajaperf::apps::pressurecalc1<256ul>(double*, double*, double, long)",326,104130989939292,104130989952733,0,0,8,0,32,256,1,1,1000192,1,1
"KERNEL_DISPATCH","Agent 4",2,1,205945,327,23,"void rajaperf::apps::pressurecalc2<256ul>(double*, double*, double*, double*, double, double, double, long)",327,104130989952733,104130989982013,0,0,12,4,32,256,1,1,1000192,1,1
"KERNEL_DISPATCH","Agent 4",2,1,205945,328,22,"void rajaperf::apps::pressurecalc1<256ul>(double*, double*, double, long)",328,104130989982013,104130989995453,0,0,8,0,32,256,1,1,1000192,1,1
"KERNEL_DISPATCH","Agent 4",2,1,205945,329,23,"void rajaperf::apps::pressurecalc2<256ul>(double*, double*, double*, double*, double, double, double, long)",329,104130989995453,104130990024893,0,0,12,4,32,256,1,1,1000192,1,1
"KERNEL_DISPATCH","Agent 4",2,1,205945,330,22,"void rajaperf::apps::pressurecalc1<256ul>(double*, double*, double, long)",330,104130990024893,104130990038333,0,0,8,0,32,256,1,1,1000192,1,1
"KERNEL_DISPATCH","Agent 4",2,1,205945,331,23,"void rajaperf::apps::pressurecalc2<256ul>(double*, double*, double*, double*, double, double, double, long)",331,104130990038333,104130990067773,0,0,12,4,32,256,1,1,1000192,1,1
"KERNEL_DISPATCH","Agent 4",2,1,205945,332,22,"void rajaperf::apps::pressurecalc1<256ul>(double*, double*, double, long)",332,104130990067773,104130990081213,0,0,8,0,32,256,1,1,1000192,1,1
"KERNEL_DISPATCH","Agent 4",2,1,205945,333,23,"void rajaperf::apps::pressurecalc2<256ul>(double*, double*, double*, double*, double, double, double, long)",333,104130990081213,104130990110813,0,0,12,4,32,256,1,1,1000192,1,1
"KERNEL_DISPATCH","Agent 4",2,1,205945,334,22,"void rajaperf::apps::pressurecalc1<256ul>(double*, double*, double, long)",334,104130990110813,104130990124094,0,0,8,0,32,256,1,1,1000192,1,1
"KERNEL_DISPATCH","Agent 4",2,1,205945,335,23,"void rajaperf::apps::pressurecalc2<256ul>(double*, double*, double*, double*, double, double, double, long)",335,104130990124094,104130990153854,0,0,12,4,32,256,1,1,1000192,1,1
"KERNEL_DISPATCH","Agent 4",2,1,205945,346,22,"void rajaperf::apps::pressurecalc1<256ul>(double*, double*, double, long)",346,104130990368735,104130990381855,0,0,8,0,32,256,1,1,1000192,1,1
"KERNEL_DISPATCH","Agent 4",2,1,205945,345,23,"void rajaperf::apps::pressurecalc2<256ul>(double*, double*, double*, double*, double, double, double, long)",345,104130990339135,104130990368735,0,0,12,4,32,256,1,1,1000192,1,1
"KERNEL_DISPATCH","Agent 4",2,1,205945,342,22,"void rajaperf::apps::pressurecalc1<256ul>(double*, double*, double, long)",342,104130990282655,104130990296255,0,0,8,0,32,256,1,1,1000192,1,1
"KERNEL_DISPATCH","Agent 4",2,1,205945,341,23,"void rajaperf::apps::pressurecalc2<256ul>(double*, double*, double*, double*, double, double, double, long)",341,104130990253054,104130990282655,0,0,12,4,32,256,1,1,1000192,1,1
"KERNEL_DISPATCH","Agent 4",2,1,205945,344,22,"void rajaperf::apps::pressurecalc1<256ul>(double*, double*, double, long)",344,104130990326015,104130990339135,0,0,8,0,32,256,1,1,1000192,1,1
"KERNEL_DISPATCH","Agent 4",2,1,205945,336,22,"void rajaperf::apps::pressurecalc1<256ul>(double*, double*, double, long)",336,104130990153854,104130990167294,0,0,8,0,32,256,1,1,1000192,1,1
"KERNEL_DISPATCH","Agent 4",2,1,205945,339,23,"void rajaperf::apps::pressurecalc2<256ul>(double*, double*, double*, double*, double, double, double, long)",339,104130990210334,104130990239614,0,0,12,4,32,256,1,1,1000192,1,1
"KERNEL_DISPATCH","Agent 4",2,1,205945,373,23,"void rajaperf::apps::pressurecalc2<256ul>(double*, double*, double*, double*, double, double, double, long)",373,104130991581062,104130991610343,0,0,12,4,32,256,1,1,1000192,1,1
"KERNEL_DISPATCH","Agent 4",2,1,205945,372,22,"void rajaperf::apps::pressurecalc1<256ul>(double*, double*, double, long)",372,104130991517542,104130991531782,0,0,8,0,32,256,1,1,1000192,1,1
"KERNEL_DISPATCH","Agent 4",2,1,205945,371,23,"void rajaperf::apps::pressurecalc2<256ul>(double*, double*, double*, double*, double, double, double, long)",371,104130991452262,104130991481382,0,0,12,4,32,256,1,1,1000192,1,1
"KERNEL_DISPATCH","Agent 4",2,1,205945,370,22,"void rajaperf::apps::pressurecalc1<256ul>(double*, double*, double, long)",370,104130991390341,104130991404421,0,0,8,0,32,256,1,1,1000192,1,1
"KERNEL_DISPATCH","Agent 4",2,1,205945,369,23,"void rajaperf::apps::pressurecalc2<256ul>(double*, double*, double*, double*, double, double, double, long)",369,104130991326981,104130991355621,0,0,12,4,32,256,1,1,1000192,1,1
"KERNEL_DISPATCH","Agent 4",2,1,205945,368,22,"void rajaperf::apps::pressurecalc1<256ul>(double*, double*, double, long)",368,104130991265060,104130991279461,0,0,8,0,32,256,1,1,1000192,1,1
"KERNEL_DISPATCH","Agent 4",2,1,205945,367,23,"void rajaperf::apps::pressurecalc2<256ul>(double*, double*, double*, double*, double, double, double, long)",367,104130991201700,104130991230820,0,0,12,4,32,256,1,1,1000192,1,1
"KERNEL_DISPATCH","Agent 4",2,1,205945,366,22,"void rajaperf::apps::pressurecalc1<256ul>(double*, double*, double, long)",366,104130991140100,104130991154020,0,0,8,0,32,256,1,1,1000192,1,1
"KERNEL_DISPATCH","Agent 4",2,1,205945,365,23,"void rajaperf::apps::pressurecalc2<256ul>(double*, double*, double*, double*, double, double, double, long)",365,104130991078339,104130991107619,0,0,12,4,32,256,1,1,1000192,1,1
"KERNEL_DISPATCH","Agent 4",2,1,205945,364,22,"void rajaperf::apps::pressurecalc1<256ul>(double*, double*, double, long)",364,104130991012579,104130991026179,0,0,8,0,32,256,1,1,1000192,1,1
"KERNEL_DISPATCH","Agent 4",2,1,205945,363,23,"void rajaperf::apps::pressurecalc2<256ul>(double*, double*, double*, double*, double, double, double, long)",363,104130990969059,104130990998499,0,0,12,4,32,256,1,1,1000192,1,1
"KERNEL_DISPATCH","Agent 4",2,1,205945,362,22,"void rajaperf::apps::pressurecalc1<256ul>(double*, double*, double, long)",362,104130990905218,104130990919298,0,0,8,0,32,256,1,1,1000192,1,1
"KERNEL_DISPATCH","Agent 4",2,1,205945,361,23,"void rajaperf::apps::pressurecalc2<256ul>(double*, double*, double*, double*, double, double, double, long)",361,104130990843298,104130990872258,0,0,12,4,32,256,1,1,1000192,1,1
"KERNEL_DISPATCH","Agent 4",2,1,205945,360,22,"void rajaperf::apps::pressurecalc1<256ul>(double*, double*, double, long)",360,104130990779458,104130990793538,0,0,8,0,32,256,1,1,1000192,1,1
"KERNEL_DISPATCH","Agent 4",2,1,205945,359,23,"void rajaperf::apps::pressurecalc2<256ul>(double*, double*, double*, double*, double, double, double, long)",359,104130990717697,104130990746817,0,0,12,4,32,256,1,1,1000192,1,1
"KERNEL_DISPATCH","Agent 4",2,1,205945,358,22,"void rajaperf::apps::pressurecalc1<256ul>(double*, double*, double, long)",358,104130990655937,104130990670337,0,0,8,0,32,256,1,1,1000192,1,1
"KERNEL_DISPATCH","Agent 4",2,1,205945,357,23,"void rajaperf::apps::pressurecalc2<256ul>(double*, double*, double*, double*, double, double, double, long)",357,104130990596896,104130990626337,0,0,12,4,32,256,1,1,1000192,1,1
"KERNEL_DISPATCH","Agent 4",2,1,205945,356,22,"void rajaperf::apps::pressurecalc1<256ul>(double*, double*, double, long)",356,104130990583456,104130990596896,0,0,8,0,32,256,1,1,1000192,1,1
"KERNEL_DISPATCH","Agent 4",2,1,205945,355,23,"void rajaperf::apps::pressurecalc2<256ul>(double*, double*, double*, double*, double, double, double, long)",355,104130990553856,104130990583456,0,0,12,4,32,256,1,1,1000192,1,1
"KERNEL_DISPATCH","Agent 4",2,1,205945,354,22,"void rajaperf::apps::pressurecalc1<256ul>(double*, double*, double, long)",354,104130990540896,104130990553856,0,0,8,0,32,256,1,1,1000192,1,1
"KERNEL_DISPATCH","Agent 4",2,1,205945,353,23,"void rajaperf::apps::pressurecalc2<256ul>(double*, double*, double*, double*, double, double, double, long)",353,104130990511616,104130990540896,0,0,12,4,32,256,1,1,1000192,1,1
"KERNEL_DISPATCH","Agent 4",2,1,205945,352,22,"void rajaperf::apps::pressurecalc1<256ul>(double*, double*, double, long)",352,104130990497696,104130990511616,0,0,8,0,32,256,1,1,1000192,1,1
"KERNEL_DISPATCH","Agent 4",2,1,205945,351,23,"void rajaperf::apps::pressurecalc2<256ul>(double*, double*, double*, double*, double, double, double, long)",351,104130990468096,104130990497696,0,0,12,4,32,256,1,1,1000192,1,1
"KERNEL_DISPATCH","Agent 4",2,1,205945,350,22,"void rajaperf::apps::pressurecalc1<256ul>(double*, double*, double, long)",350,104130990454176,104130990468096,0,0,8,0,32,256,1,1,1000192,1,1
"KERNEL_DISPATCH","Agent 4",2,1,205945,349,23,"void rajaperf::apps::pressurecalc2<256ul>(double*, double*, double*, double*, double, double, double, long)",349,104130990425055,104130990454176,0,0,12,4,32,256,1,1,1000192,1,1
"KERNEL_DISPATCH","Agent 4",2,1,205945,340,22,"void rajaperf::apps::pressurecalc1<256ul>(double*, double*, double, long)",340,104130990239614,104130990253054,0,0,8,0,32,256,1,1,1000192,1,1
"KERNEL_DISPATCH","Agent 4",2,1,205945,337,23,"void rajaperf::apps::pressurecalc2<256ul>(double*, double*, double*, double*, double, double, double, long)",337,104130990167294,104130990196734,0,0,12,4,32,256,1,1,1000192,1,1
"KERNEL_DISPATCH","Agent 4",2,1,205945,347,23,"void rajaperf::apps::pressurecalc2<256ul>(double*, double*, double*, double*, double, double, double, long)",347,104130990381855,104130990411615,0,0,12,4,32,256,1,1,1000192,1,1
"KERNEL_DISPATCH","Agent 4",2,1,205945,348,22,"void rajaperf::apps::pressurecalc1<256ul>(double*, double*, double, long)",348,104130990411615,104130990425055,0,0,8,0,32,256,1,1,1000192,1,1
"KERNEL_DISPATCH","Agent 4",2,1,205945,338,22,"void rajaperf::apps::pressurecalc1<256ul>(double*, double*, double, long)",338,104130990196734,104130990210334,0,0,8,0,32,256,1,1,1000192,1,1
"KERNEL_DISPATCH","Agent 4",2,1,205945,343,23,"void rajaperf::apps::pressurecalc2<256ul>(double*, double*, double*, double*, double, double, double, long)",343,104130990296255,104130990326015,0,0,12,4,32,256,1,1,1000192,1,1
"KERNEL_DISPATCH","Agent 4",2,1,205945,374,22,"void rajaperf::apps::pressurecalc1<256ul>(double*, double*, double, long)",374,104130991647143,104130991661383,0,0,8,0,32,256,1,1,1000192,1,1
"KERNEL_DISPATCH","Agent 4",2,1,205945,375,23,"void rajaperf::apps::pressurecalc2<256ul>(double*, double*, double*, double*, double, double, double, long)",375,104130991714023,104130991744103,0,0,12,4,32,256,1,1,1000192,1,1
"KERNEL_DISPATCH","Agent 4",2,1,205945,376,22,"void rajaperf::apps::pressurecalc1<256ul>(double*, double*, double, long)",376,104130991744103,104130991756903,0,0,8,0,32,256,1,1,1000192,1,1
"KERNEL_DISPATCH","Agent 4",2,1,205945,377,23,"void rajaperf::apps::pressurecalc2<256ul>(double*, double*, double*, double*, double, double, double, long)",377,104130991756903,104130991785064,0,0,12,4,32,256,1,1,1000192,1,1
"KERNEL_DISPATCH","Agent 4",2,1,205945,378,22,"void rajaperf::apps::pressurecalc1<256ul>(double*, double*, double, long)",378,104130991785064,104130991798344,0,0,8,0,32,256,1,1,1000192,1,1
"KERNEL_DISPATCH","Agent 4",2,1,205945,379,23,"void rajaperf::apps::pressurecalc2<256ul>(double*, double*, double*, double*, double, double, double, long)",379,104130991798344,104130991825864,0,0,12,4,32,256,1,1,1000192,1,1
"KERNEL_DISPATCH","Agent 4",2,1,205945,380,22,"void rajaperf::apps::pressurecalc1<256ul>(double*, double*, double, long)",380,104130991825864,104130991839304,0,0,8,0,32,256,1,1,1000192,1,1
"KERNEL_DISPATCH","Agent 4",2,1,205945,381,23,"void rajaperf::apps::pressurecalc2<256ul>(double*, double*, double*, double*, double, double, double, long)",381,104130991839304,104130991867624,0,0,12,4,32,256,1,1,1000192,1,1
"KERNEL_DISPATCH","Agent 4",2,1,205945,382,22,"void rajaperf::apps::pressurecalc1<256ul>(double*, double*, double, long)",382,104130991867624,104130991880904,0,0,8,0,32,256,1,1,1000192,1,1
"KERNEL_DISPATCH","Agent 4",2,1,205945,383,23,"void rajaperf::apps::pressurecalc2<256ul>(double*, double*, double*, double*, double, double, double, long)",383,104130991880904,104130991909384,0,0,12,4,32,256,1,1,1000192,1,1
"KERNEL_DISPATCH","Agent 4",2,1,205945,384,22,"void rajaperf::apps::pressurecalc1<256ul>(double*, double*, double, long)",384,104130991909384,104130991922504,0,0,8,0,32,256,1,1,1000192,1,1
"KERNEL_DISPATCH","Agent 4",2,1,205945,385,23,"void rajaperf::apps::pressurecalc2<256ul>(double*, double*, double*, double*, double, double, double, long)",385,104130991922504,104130991951625,0,0,12,4,32,256,1,1,1000192,1,1
"KERNEL_DISPATCH","Agent 4",2,1,205945,386,22,"void rajaperf::apps::pressurecalc1<256ul>(double*, double*, double, long)",386,104130991951625,104130991964265,0,0,8,0,32,256,1,1,1000192,1,1
"KERNEL_DISPATCH","Agent 4",2,1,205945,387,23,"void rajaperf::apps::pressurecalc2<256ul>(double*, double*, double*, double*, double, double, double, long)",387,104130991964265,104130991993385,0,0,12,4,32,256,1,1,1000192,1,1
"KERNEL_DISPATCH","Agent 4",2,1,205945,388,22,"void rajaperf::apps::pressurecalc1<256ul>(double*, double*, double, long)",388,104130991993385,104130992006665,0,0,8,0,32,256,1,1,1000192,1,1
"KERNEL_DISPATCH","Agent 4",2,1,205945,389,23,"void rajaperf::apps::pressurecalc2<256ul>(double*, double*, double*, double*, double, double, double, long)",389,104130992006665,104130992035465,0,0,12,4,32,256,1,1,1000192,1,1
"KERNEL_DISPATCH","Agent 4",2,1,205945,390,22,"void rajaperf::apps::pressurecalc1<256ul>(double*, double*, double, long)",390,104130992035465,104130992048905,0,0,8,0,32,256,1,1,1000192,1,1
"KERNEL_DISPATCH","Agent 4",2,1,205945,391,23,"void rajaperf::apps::pressurecalc2<256ul>(double*, double*, double*, double*, double, double, double, long)",391,104130992048905,104130992077705,0,0,12,4,32,256,1,1,1000192,1,1
"KERNEL_DISPATCH","Agent 4",2,1,205945,392,22,"void rajaperf::apps::pressurecalc1<256ul>(double*, double*, double, long)",392,104130992077705,104130992091465,0,0,8,0,32,256,1,1,1000192,1,1
"KERNEL_DISPATCH","Agent 4",2,1,205945,393,23,"void rajaperf::apps::pressurecalc2<256ul>(double*, double*, double*, double*, double, double, double, long)",393,104130992091465,104130992120106,0,0,12,4,32,256,1,1,1000192,1,1
"KERNEL_DISPATCH","Agent 4",2,1,205945,394,22,"void rajaperf::apps::pressurecalc1<256ul>(double*, double*, double, long)",394,104130992120106,104130992133546,0,0,8,0,32,256,1,1,1000192,1,1
"KERNEL_DISPATCH","Agent 4",2,1,205945,395,23,"void rajaperf::apps::pressurecalc2<256ul>(double*, double*, double*, double*, double, double, double, long)",395,104130992133546,104130992163146,0,0,12,4,32,256,1,1,1000192,1,1
"KERNEL_DISPATCH","Agent 4",2,1,205945,396,22,"void rajaperf::apps::pressurecalc1<256ul>(double*, double*, double, long)",396,104130992163146,104130992175946,0,0,8,0,32,256,1,1,1000192,1,1
"KERNEL_DISPATCH","Agent 4",2,1,205945,397,23,"void rajaperf::apps::pressurecalc2<256ul>(double*, double*, double*, double*, double, double, double, long)",397,104130992175946,104130992205386,0,0,12,4,32,256,1,1,1000192,1,1
"KERNEL_DISPATCH","Agent 4",2,1,205945,398,22,"void rajaperf::apps::pressurecalc1<256ul>(double*, double*, double, long)",398,104130992205386,104130992218506,0,0,8,0,32,256,1,1,1000192,1,1
"KERNEL_DISPATCH","Agent 4",2,1,205945,399,23,"void rajaperf::apps::pressurecalc2<256ul>(double*, double*, double*, double*, double, double, double, long)",399,104130992218506,104130992248266,0,0,12,4,32,256,1,1,1000192,1,1
"KERNEL_DISPATCH","Agent 4",2,1,205945,400,22,"void rajaperf::apps::pressurecalc1<256ul>(double*, double*, double, long)",400,104130992248266,104130992261706,0,0,8,0,32,256,1,1,1000192,1,1
"KERNEL_DISPATCH","Agent 4",2,1,205945,401,23,"void rajaperf::apps::pressurecalc2<256ul>(double*, double*, double*, double*, double, double, double, long)",401,104130992261706,104130992290987,0,0,12,4,32,256,1,1,1000192,1,1
"KERNEL_DISPATCH","Agent 4",2,1,205945,402,22,"void rajaperf::apps::pressurecalc1<256ul>(double*, double*, double, long)",402,104130992290987,104130992304587,0,0,8,0,32,256,1,1,1000192,1,1
"KERNEL_DISPATCH","Agent 4",2,1,205945,403,23,"void rajaperf::apps::pressurecalc2<256ul>(double*, double*, double*, double*, double, double, double, long)",403,104130992304587,104130992334027,0,0,12,4,32,256,1,1,1000192,1,1
"KERNEL_DISPATCH","Agent 4",2,1,205945,404,22,"void rajaperf::apps::pressurecalc1<256ul>(double*, double*, double, long)",404,104130992334027,104130992347467,0,0,8,0,32,256,1,1,1000192,1,1
"KERNEL_DISPATCH","Agent 4",2,1,205945,405,23,"void rajaperf::apps::pressurecalc2<256ul>(double*, double*, double*, double*, double, double, double, long)",405,104130992347467,104130992377067,0,0,12,4,32,256,1,1,1000192,1,1
"KERNEL_DISPATCH","Agent 4",2,1,205945,406,22,"void rajaperf::apps::pressurecalc1<256ul>(double*, double*, double, long)",406,104130992377067,104130992389707,0,0,8,0,32,256,1,1,1000192,1,1
"KERNEL_DISPATCH","Agent 4",2,1,205945,407,23,"void rajaperf::apps::pressurecalc2<256ul>(double*, double*, double*, double*, double, double, double, long)",407,104130992389707,104130992419467,0,0,12,4,32,256,1,1,1000192,1,1
"KERNEL_DISPATCH","Agent 4",2,1,205945,408,22,"void rajaperf::apps::pressurecalc1<256ul>(double*, double*, double, long)",408,104130992419467,104130992432748,0,0,8,0,32,256,1,1,1000192,1,1
"KERNEL_DISPATCH","Agent 4",2,1,205945,409,23,"void rajaperf::apps::pressurecalc2<256ul>(double*, double*, double*, double*, double, double, double, long)",409,104130992432748,104130992462988,0,0,12,4,32,256,1,1,1000192,1,1
"KERNEL_DISPATCH","Agent 4",2,1,205945,410,22,"void rajaperf::apps::pressurecalc1<256ul>(double*, double*, double, long)",410,104130992462988,104130992476428,0,0,8,0,32,256,1,1,1000192,1,1
"KERNEL_DISPATCH","Agent 4",2,1,205945,411,23,"void rajaperf::apps::pressurecalc2<256ul>(double*, double*, double*, double*, double, double, double, long)",411,104130992476428,104130992506028,0,0,12,4,32,256,1,1,1000192,1,1
"KERNEL_DISPATCH","Agent 4",2,1,205945,412,22,"void rajaperf::apps::pressurecalc1<256ul>(double*, double*, double, long)",412,104130992506028,104130992519628,0,0,8,0,32,256,1,1,1000192,1,1
"KERNEL_DISPATCH","Agent 4",2,1,205945,413,23,"void rajaperf::apps::pressurecalc2<256ul>(double*, double*, double*, double*, double, double, double, long)",413,104130992519628,104130992549228,0,0,12,4,32,256,1,1,1000192,1,1
"KERNEL_DISPATCH","Agent 4",2,1,205945,414,22,"void rajaperf::apps::pressurecalc1<256ul>(double*, double*, double, long)",414,104130992549228,104130992562508,0,0,8,0,32,256,1,1,1000192,1,1
"KERNEL_DISPATCH","Agent 4",2,1,205945,415,23,"void rajaperf::apps::pressurecalc2<256ul>(double*, double*, double*, double*, double, double, double, long)",415,104130992562508,104130992592908,0,0,12,4,32,256,1,1,1000192,1,1
"KERNEL_DISPATCH","Agent 4",2,1,205945,416,22,"void rajaperf::apps::pressurecalc1<256ul>(double*, double*, double, long)",416,104130992592908,104130992606349,0,0,8,0,32,256,1,1,1000192,1,1
"KERNEL_DISPATCH","Agent 4",2,1,205945,417,23,"void rajaperf::apps::pressurecalc2<256ul>(double*, double*, double*, double*, double, double, double, long)",417,104130992606349,104130992636429,0,0,12,4,32,256,1,1,1000192,1,1
"KERNEL_DISPATCH","Agent 4",2,1,205945,418,22,"void rajaperf::apps::pressurecalc1<256ul>(double*, double*, double, long)",418,104130992636429,104130992650829,0,0,8,0,32,256,1,1,1000192,1,1
"KERNEL_DISPATCH","Agent 4",2,1,205945,419,23,"void rajaperf::apps::pressurecalc2<256ul>(double*, double*, double*, double*, double, double, double, long)",419,104130992650829,104130992680749,0,0,12,4,32,256,1,1,1000192,1,1
"KERNEL_DISPATCH","Agent 4",2,1,205945,420,22,"void rajaperf::apps::pressurecalc1<256ul>(double*, double*, double, long)",420,104130992680749,104130992694029,0,0,8,0,32,256,1,1,1000192,1,1
"KERNEL_DISPATCH","Agent 4",2,1,205945,421,23,"void rajaperf::apps::pressurecalc2<256ul>(double*, double*, double*, double*, double, double, double, long)",421,104130992694029,104130992723949,0,0,12,4,32,256,1,1,1000192,1,1
"KERNEL_DISPATCH","Agent 4",2,1,205945,422,22,"void rajaperf::apps::pressurecalc1<256ul>(double*, double*, double, long)",422,104130992723949,104130992737229,0,0,8,0,32,256,1,1,1000192,1,1
"KERNEL_DISPATCH","Agent 4",2,1,205945,423,23,"void rajaperf::apps::pressurecalc2<256ul>(double*, double*, double*, double*, double, double, double, long)",423,104130992737229,104130992767150,0,0,12,4,32,256,1,1,1000192,1,1
"KERNEL_DISPATCH","Agent 4",2,1,205945,424,22,"void rajaperf::apps::pressurecalc1<256ul>(double*, double*, double, long)",424,104130992767150,104130992780910,0,0,8,0,32,256,1,1,1000192,1,1
"KERNEL_DISPATCH","Agent 4",2,1,205945,425,23,"void rajaperf::apps::pressurecalc2<256ul>(double*, double*, double*, double*, double, double, double, long)",425,104130992780910,104130992810830,0,0,12,4,32,256,1,1,1000192,1,1
"KERNEL_DISPATCH","Agent 4",2,1,205945,426,22,"void rajaperf::apps::pressurecalc1<256ul>(double*, double*, double, long)",426,104130992810830,104130992824110,0,0,8,0,32,256,1,1,1000192,1,1
"KERNEL_DISPATCH","Agent 4",2,1,205945,427,23,"void rajaperf::apps::pressurecalc2<256ul>(double*, double*, double*, double*, double, double, double, long)",427,104130992824110,104130992853710,0,0,12,4,32,256,1,1,1000192,1,1
"KERNEL_DISPATCH","Agent 4",2,1,205945,428,22,"void rajaperf::apps::pressurecalc1<256ul>(double*, double*, double, long)",428,104130992853710,104130992867150,0,0,8,0,32,256,1,1,1000192,1,1
"KERNEL_DISPATCH","Agent 4",2,1,205945,429,23,"void rajaperf::apps::pressurecalc2<256ul>(double*, double*, double*, double*, double, double, double, long)",429,104130992867150,104130992896910,0,0,12,4,32,256,1,1,1000192,1,1
"KERNEL_DISPATCH","Agent 4",2,1,205945,430,22,"void rajaperf::apps::pressurecalc1<256ul>(double*, double*, double, long)",430,104130992896910,104130992910350,0,0,8,0,32,256,1,1,1000192,1,1
"KERNEL_DISPATCH","Agent 4",2,1,205945,431,23,"void rajaperf::apps::pressurecalc2<256ul>(double*, double*, double*, double*, double, double, double, long)",431,104130992910350,104130992940751,0,0,12,4,32,256,1,1,1000192,1,1
"KERNEL_DISPATCH","Agent 4",2,1,205945,432,22,"void rajaperf::apps::pressurecalc1<256ul>(double*, double*, double, long)",432,104130992940751,104130992954191,0,0,8,0,32,256,1,1,1000192,1,1
"KERNEL_DISPATCH","Agent 4",2,1,205945,433,23,"void rajaperf::apps::pressurecalc2<256ul>(double*, double*, double*, double*, double, double, double, long)",433,104130992954191,104130992983951,0,0,12,4,32,256,1,1,1000192,1,1
"KERNEL_DISPATCH","Agent 4",2,1,205945,434,22,"void rajaperf::apps::pressurecalc1<256ul>(double*, double*, double, long)",434,104130992983951,104130992997551,0,0,8,0,32,256,1,1,1000192,1,1
"KERNEL_DISPATCH","Agent 4",2,1,205945,435,23,"void rajaperf::apps::pressurecalc2<256ul>(double*, double*, double*, double*, double, double, double, long)",435,104130992997551,104130993027151,0,0,12,4,32,256,1,1,1000192,1,1
"KERNEL_DISPATCH","Agent 4",2,1,205945,436,22,"void rajaperf::apps::pressurecalc1<256ul>(double*, double*, double, long)",436,104130993027151,104130993040751,0,0,8,0,32,256,1,1,1000192,1,1
"KERNEL_DISPATCH","Agent 4",2,1,205945,437,23,"void rajaperf::apps::pressurecalc2<256ul>(double*, double*, double*, double*, double, double, double, long)",437,104130993040751,104130993070351,0,0,12,4,32,256,1,1,1000192,1,1
"KERNEL_DISPATCH","Agent 4",2,1,205945,438,22,"void rajaperf::apps::pressurecalc1<256ul>(double*, double*, double, long)",438,104130993070351,104130993084111,0,0,8,0,32,256,1,1,1000192,1,1
"KERNEL_DISPATCH","Agent 4",2,1,205945,439,23,"void rajaperf::apps::pressurecalc2<256ul>(double*, double*, double*, double*, double, double, double, long)",439,104130993084111,104130993113552,0,0,12,4,32,256,1,1,1000192,1,1
"KERNEL_DISPATCH","Agent 4",2,1,205945,440,22,"void rajaperf::apps::pressurecalc1<256ul>(double*, double*, double, long)",440,104130993113552,104130993127152,0,0,8,0,32,256,1,1,1000192,1,1
"KERNEL_DISPATCH","Agent 4",2,1,205945,441,23,"void rajaperf::apps::pressurecalc2<256ul>(double*, double*, double*, double*, double, double, double, long)",441,104130993127152,104130993156912,0,0,12,4,32,256,1,1,1000192,1,1
"KERNEL_DISPATCH","Agent 4",2,1,205945,442,22,"void rajaperf::apps::pressurecalc1<256ul>(double*, double*, double, long)",442,104130993156912,104130993170192,0,0,8,0,32,256,1,1,1000192,1,1
"KERNEL_DISPATCH","Agent 4",2,1,205945,443,23,"void rajaperf::apps::pressurecalc2<256ul>(double*, double*, double*, double*, double, double, double, long)",443,104130993170192,104130993200112,0,0,12,4,32,256,1,1,1000192,1,1
"KERNEL_DISPATCH","Agent 4",2,1,205945,444,22,"void rajaperf::apps::pressurecalc1<256ul>(double*, double*, double, long)",444,104130993200112,104130993213392,0,0,8,0,32,256,1,1,1000192,1,1
"KERNEL_DISPATCH","Agent 4",2,1,205945,445,23,"void rajaperf::apps::pressurecalc2<256ul>(double*, double*, double*, double*, double, double, double, long)",445,104130993213392,104130993243312,0,0,12,4,32,256,1,1,1000192,1,1
"KERNEL_DISPATCH","Agent 4",2,1,205945,446,22,"void rajaperf::apps::pressurecalc1<256ul>(double*, double*, double, long)",446,104130993243312,104130993256752,0,0,8,0,32,256,1,1,1000192,1,1
"KERNEL_DISPATCH","Agent 4",2,1,205945,447,23,"void rajaperf::apps::pressurecalc2<256ul>(double*, double*, double*, double*, double, double, double, long)",447,104130993256752,104130993286673,0,0,12,4,32,256,1,1,1000192,1,1
"KERNEL_DISPATCH","Agent 4",2,1,205945,448,22,"void rajaperf::apps::pressurecalc1<256ul>(double*, double*, double, long)",448,104130993286673,104130993300113,0,0,8,0,32,256,1,1,1000192,1,1
"KERNEL_DISPATCH","Agent 4",2,1,205945,449,23,"void rajaperf::apps::pressurecalc2<256ul>(double*, double*, double*, double*, double, double, double, long)",449,104130993300113,104130993329873,0,0,12,4,32,256,1,1,1000192,1,1
"KERNEL_DISPATCH","Agent 4",2,1,205945,450,22,"void rajaperf::apps::pressurecalc1<256ul>(double*, double*, double, long)",450,104130993329873,104130993343793,0,0,8,0,32,256,1,1,1000192,1,1
"KERNEL_DISPATCH","Agent 4",2,1,205945,451,23,"void rajaperf::apps::pressurecalc2<256ul>(double*, double*, double*, double*, double, double, double, long)",451,104130993343793,104130993373553,0,0,12,4,32,256,1,1,1000192,1,1
"KERNEL_DISPATCH","Agent 4",2,1,205945,452,22,"void rajaperf::apps::pressurecalc1<256ul>(double*, double*, double, long)",452,104130993373553,104130993386993,0,0,8,0,32,256,1,1,1000192,1,1
"KERNEL_DISPATCH","Agent 4",2,1,205945,453,23,"void rajaperf::apps::pressurecalc2<256ul>(double*, double*, double*, double*, double, double, double, long)",453,104130993386993,104130993417073,0,0,12,4,32,256,1,1,1000192,1,1
"KERNEL_DISPATCH","Agent 4",2,1,205945,454,22,"void rajaperf::apps::pressurecalc1<256ul>(double*, double*, double, long)",454,104130993417073,104130993430514,0,0,8,0,32,256,1,1,1000192,1,1
"KERNEL_DISPATCH","Agent 4",2,1,205945,455,23,"void rajaperf::apps::pressurecalc2<256ul>(double*, double*, double*, double*, double, double, double, long)",455,104130993430514,104130993459954,0,0,12,4,32,256,1,1,1000192,1,1
"KERNEL_DISPATCH","Agent 4",2,1,205945,456,22,"void rajaperf::apps::pressurecalc1<256ul>(double*, double*, double, long)",456,104130993459954,104130993473074,0,0,8,0,32,256,1,1,1000192,1,1
"KERNEL_DISPATCH","Agent 4",2,1,205945,457,23,"void rajaperf::apps::pressurecalc2<256ul>(double*, double*, double*, double*, double, double, double, long)",457,104130993473074,104130993502834,0,0,12,4,32,256,1,1,1000192,1,1
"KERNEL_DISPATCH","Agent 4",2,1,205945,458,22,"void rajaperf::apps::pressurecalc1<256ul>(double*, double*, double, long)",458,104130993502834,104130993516114,0,0,8,0,32,256,1,1,1000192,1,1
"KERNEL_DISPATCH","Agent 4",2,1,205945,459,23,"void rajaperf::apps::pressurecalc2<256ul>(double*, double*, double*, double*, double, double, double, long)",459,104130993516114,104130993546194,0,0,12,4,32,256,1,1,1000192,1,1
"KERNEL_DISPATCH","Agent 4",2,1,205945,460,22,"void rajaperf::apps::pressurecalc1<256ul>(double*, double*, double, long)",460,104130993546194,104130993559314,0,0,8,0,32,256,1,1,1000192,1,1
"KERNEL_DISPATCH","Agent 4",2,1,205945,461,23,"void rajaperf::apps::pressurecalc2<256ul>(double*, double*, double*, double*, double, double, double, long)",461,104130993559314,104130993589714,0,0,12,4,32,256,1,1,1000192,1,1
"KERNEL_DISPATCH","Agent 4",2,1,205945,462,22,"void rajaperf::apps::pressurecalc1<256ul>(double*, double*, double, long)",462,104130993589714,104130993603155,0,0,8,0,32,256,1,1,1000192,1,1
"KERNEL_DISPATCH","Agent 4",2,1,205945,463,23,"void rajaperf::apps::pressurecalc2<256ul>(double*, double*, double*, double*, double, double, double, long)",463,104130993603155,104130993632755,0,0,12,4,32,256,1,1,1000192,1,1
"KERNEL_DISPATCH","Agent 4",2,1,205945,464,22,"void rajaperf::apps::pressurecalc1<256ul>(double*, double*, double, long)",464,104130993632755,104130993646195,0,0,8,0,32,256,1,1,1000192,1,1
"KERNEL_DISPATCH","Agent 4",2,1,205945,465,23,"void rajaperf::apps::pressurecalc2<256ul>(double*, double*, double*, double*, double, double, double, long)",465,104130993646195,104130993675795,0,0,12,4,32,256,1,1,1000192,1,1
"KERNEL_DISPATCH","Agent 4",2,1,205945,466,22,"void rajaperf::apps::pressurecalc1<256ul>(double*, double*, double, long)",466,104130993675795,104130993689235,0,0,8,0,32,256,1,1,1000192,1,1
"KERNEL_DISPATCH","Agent 4",2,1,205945,467,23,"void rajaperf::apps::pressurecalc2<256ul>(double*, double*, double*, double*, double, double, double, long)",467,104130993689235,104130993719155,0,0,12,4,32,256,1,1,1000192,1,1
"KERNEL_DISPATCH","Agent 4",2,1,205945,468,22,"void rajaperf::apps::pressurecalc1<256ul>(double*, double*, double, long)",468,104130993719155,104130993732595,0,0,8,0,32,256,1,1,1000192,1,1
"KERNEL_DISPATCH","Agent 4",2,1,205945,469,23,"void rajaperf::apps::pressurecalc2<256ul>(double*, double*, double*, double*, double, double, double, long)",469,104130993732595,104130993762516,0,0,12,4,32,256,1,1,1000192,1,1
"KERNEL_DISPATCH","Agent 4",2,1,205945,470,22,"void rajaperf::apps::pressurecalc1<256ul>(double*, double*, double, long)",470,104130993762516,104130993775796,0,0,8,0,32,256,1,1,1000192,1,1
"KERNEL_DISPATCH","Agent 4",2,1,205945,471,23,"void rajaperf::apps::pressurecalc2<256ul>(double*, double*, double*, double*, double, double, double, long)",471,104130993775796,104130993805556,0,0,12,4,32,256,1,1,1000192,1,1
"KERNEL_DISPATCH","Agent 4",2,1,205945,472,22,"void rajaperf::apps::pressurecalc1<256ul>(double*, double*, double, long)",472,104130993805556,104130993818996,0,0,8,0,32,256,1,1,1000192,1,1
"KERNEL_DISPATCH","Agent 4",2,1,205945,473,23,"void rajaperf::apps::pressurecalc2<256ul>(double*, double*, double*, double*, double, double, double, long)",473,104130993818996,104130993848756,0,0,12,4,32,256,1,1,1000192,1,1
"KERNEL_DISPATCH","Agent 4",2,1,205945,474,22,"void rajaperf::apps::pressurecalc1<256ul>(double*, double*, double, long)",474,104130993848756,104130993862356,0,0,8,0,32,256,1,1,1000192,1,1
"KERNEL_DISPATCH","Agent 4",2,1,205945,475,23,"void rajaperf::apps::pressurecalc2<256ul>(double*, double*, double*, double*, double, double, double, long)",475,104130993862356,104130993892116,0,0,12,4,32,256,1,1,1000192,1,1
"KERNEL_DISPATCH","Agent 4",2,1,205945,476,22,"void rajaperf::apps::pressurecalc1<256ul>(double*, double*, double, long)",476,104130993892116,104130993905396,0,0,8,0,32,256,1,1,1000192,1,1
"KERNEL_DISPATCH","Agent 4",2,1,205945,477,23,"void rajaperf::apps::pressurecalc2<256ul>(double*, double*, double*, double*, double, double, double, long)",477,104130993905396,104130993934837,0,0,12,4,32,256,1,1,1000192,1,1
"KERNEL_DISPATCH","Agent 4",2,1,205945,478,22,"void rajaperf::apps::pressurecalc1<256ul>(double*, double*, double, long)",478,104130993934837,104130993948597,0,0,8,0,32,256,1,1,1000192,1,1
"KERNEL_DISPATCH","Agent 4",2,1,205945,479,23,"void rajaperf::apps::pressurecalc2<256ul>(double*, double*, double*, double*, double, double, double, long)",479,104130993948597,104130993979157,0,0,12,4,32,256,1,1,1000192,1,1
"KERNEL_DISPATCH","Agent 4",2,1,205945,480,22,"void rajaperf::apps::pressurecalc1<256ul>(double*, double*, double, long)",480,104130993979157,104130993992277,0,0,8,0,32,256,1,1,1000192,1,1
"KERNEL_DISPATCH","Agent 4",2,1,205945,481,23,"void rajaperf::apps::pressurecalc2<256ul>(double*, double*, double*, double*, double, double, double, long)",481,104130993992277,104130994022357,0,0,12,4,32,256,1,1,1000192,1,1
"KERNEL_DISPATCH","Agent 4",2,1,205945,482,22,"void rajaperf::apps::pressurecalc1<256ul>(double*, double*, double, long)",482,104130994022357,104130994035797,0,0,8,0,32,256,1,1,1000192,1,1
"KERNEL_DISPATCH","Agent 4",2,1,205945,483,23,"void rajaperf::apps::pressurecalc2<256ul>(double*, double*, double*, double*, double, double, double, long)",483,104130994035797,104130994065397,0,0,12,4,32,256,1,1,1000192,1,1
"KERNEL_DISPATCH","Agent 4",2,1,205945,484,22,"void rajaperf::apps::pressurecalc1<256ul>(double*, double*, double, long)",484,104130994065397,104130994078677,0,0,8,0,32,256,1,1,1000192,1,1
"KERNEL_DISPATCH","Agent 4",2,1,205945,485,23,"void rajaperf::apps::pressurecalc2<256ul>(double*, double*, double*, double*, double, double, double, long)",485,104130994078677,104130994108118,0,0,12,4,32,256,1,1,1000192,1,1
"KERNEL_DISPATCH","Agent 4",2,1,205945,486,22,"void rajaperf::apps::pressurecalc1<256ul>(double*, double*, double, long)",486,104130994108118,104130994121558,0,0,8,0,32,256,1,1,1000192,1,1
"KERNEL_DISPATCH","Agent 4",2,1,205945,487,23,"void rajaperf::apps::pressurecalc2<256ul>(double*, double*, double*, double*, double, double, double, long)",487,104130994121558,104130994151318,0,0,12,4,32,256,1,1,1000192,1,1
"KERNEL_DISPATCH","Agent 4",2,1,205945,488,22,"void rajaperf::apps::pressurecalc1<256ul>(double*, double*, double, long)",488,104130994151318,104130994164758,0,0,8,0,32,256,1,1,1000192,1,1
"KERNEL_DISPATCH","Agent 4",2,1,205945,489,23,"void rajaperf::apps::pressurecalc2<256ul>(double*, double*, double*, double*, double, double, double, long)",489,104130994164758,104130994193878,0,0,12,4,32,256,1,1,1000192,1,1
"KERNEL_DISPATCH","Agent 4",2,1,205945,490,22,"void rajaperf::apps::pressurecalc1<256ul>(double*, double*, double, long)",490,104130994193878,104130994207318,0,0,8,0,32,256,1,1,1000192,1,1
"KERNEL_DISPATCH","Agent 4",2,1,205945,491,23,"void rajaperf::apps::pressurecalc2<256ul>(double*, double*, double*, double*, double, double, double, long)",491,104130994207318,104130994237078,0,0,12,4,32,256,1,1,1000192,1,1
"KERNEL_DISPATCH","Agent 4",2,1,205945,492,22,"void rajaperf::apps::pressurecalc1<256ul>(double*, double*, double, long)",492,104130994237078,104130994250678,0,0,8,0,32,256,1,1,1000192,1,1
"KERNEL_DISPATCH","Agent 4",2,1,205945,493,23,"void rajaperf::apps::pressurecalc2<256ul>(double*, double*, double*, double*, double, double, double, long)",493,104130994250678,104130994279799,0,0,12,4,32,256,1,1,1000192,1,1
"KERNEL_DISPATCH","Agent 4",2,1,205945,494,22,"void rajaperf::apps::pressurecalc1<256ul>(double*, double*, double, long)",494,104130994279799,104130994293239,0,0,8,0,32,256,1,1,1000192,1,1
"KERNEL_DISPATCH","Agent 4",2,1,205945,495,23,"void rajaperf::apps::pressurecalc2<256ul>(double*, double*, double*, double*, double, double, double, long)",495,104130994293239,104130994322999,0,0,12,4,32,256,1,1,1000192,1,1
"KERNEL_DISPATCH","Agent 4",2,1,205945,496,22,"void rajaperf::apps::pressurecalc1<256ul>(double*, double*, double, long)",496,104130994322999,104130994336439,0,0,8,0,32,256,1,1,1000192,1,1
"KERNEL_DISPATCH","Agent 4",2,1,205945,497,23,"void rajaperf::apps::pressurecalc2<256ul>(double*, double*, double*, double*, double, double, double, long)",497,104130994336439,104130994366199,0,0,12,4,32,256,1,1,1000192,1,1
"KERNEL_DISPATCH","Agent 4",2,1,205945,498,22,"void rajaperf::apps::pressurecalc1<256ul>(double*, double*, double, long)",498,104130994366199,104130994379639,0,0,8,0,32,256,1,1,1000192,1,1
"KERNEL_DISPATCH","Agent 4",2,1,205945,499,23,"void rajaperf::apps::pressurecalc2<256ul>(double*, double*, double*, double*, double, double, double, long)",499,104130994379639,104130994409399,0,0,12,4,32,256,1,1,1000192,1,1
"KERNEL_DISPATCH","Agent 4",2,1,205945,500,22,"void rajaperf::apps::pressurecalc1<256ul>(double*, double*, double, long)",500,104130994409399,104130994423000,0,0,8,0,32,256,1,1,1000192,1,1
"KERNEL_DISPATCH","Agent 4",2,1,205945,501,23,"void rajaperf::apps::pressurecalc2<256ul>(double*, double*, double*, double*, double, double, double, long)",501,104130994423000,104130994453080,0,0,12,4,32,256,1,1,1000192,1,1
"KERNEL_DISPATCH","Agent 4",2,1,205945,502,22,"void rajaperf::apps::pressurecalc1<256ul>(double*, double*, double, long)",502,104130994453080,104130994466680,0,0,8,0,32,256,1,1,1000192,1,1
"KERNEL_DISPATCH","Agent 4",2,1,205945,503,23,"void rajaperf::apps::pressurecalc2<256ul>(double*, double*, double*, double*, double, double, double, long)",503,104130994466680,104130994495800,0,0,12,4,32,256,1,1,1000192,1,1
"KERNEL_DISPATCH","Agent 4",2,1,205945,504,22,"void rajaperf::apps::pressurecalc1<256ul>(double*, double*, double, long)",504,104130994495800,104130994509400,0,0,8,0,32,256,1,1,1000192,1,1
"KERNEL_DISPATCH","Agent 4",2,1,205945,505,23,"void rajaperf::apps::pressurecalc2<256ul>(double*, double*, double*, double*, double, double, double, long)",505,104130994509400,104130994538680,0,0,12,4,32,256,1,1,1000192,1,1
"KERNEL_DISPATCH","Agent 4",2,1,205945,506,22,"void rajaperf::apps::pressurecalc1<256ul>(double*, double*, double, long)",506,104130994538680,104130994552120,0,0,8,0,32,256,1,1,1000192,1,1
"KERNEL_DISPATCH","Agent 4",2,1,205945,507,23,"void rajaperf::apps::pressurecalc2<256ul>(double*, double*, double*, double*, double, double, double, long)",507,104130994552120,104130994581720,0,0,12,4,32,256,1,1,1000192,1,1
"KERNEL_DISPATCH","Agent 4",2,1,205945,508,22,"void rajaperf::apps::pressurecalc1<256ul>(double*, double*, double, long)",508,104130994581720,104130994595001,0,0,8,0,32,256,1,1,1000192,1,1
"KERNEL_DISPATCH","Agent 4",2,1,205945,509,23,"void rajaperf::apps::pressurecalc2<256ul>(double*, double*, double*, double*, double, double, double, long)",509,104130994595001,104130994624761,0,0,12,4,32,256,1,1,1000192,1,1
"KERNEL_DISPATCH","Agent 4",2,1,205945,510,22,"void rajaperf::apps::pressurecalc1<256ul>(double*, double*, double, long)",510,104130994624761,104130994638361,0,0,8,0,32,256,1,1,1000192,1,1
"KERNEL_DISPATCH","Agent 4",2,1,205945,511,23,"void rajaperf::apps::pressurecalc2<256ul>(double*, double*, double*, double*, double, double, double, long)",511,104130994638361,104130994668121,0,0,12,4,32,256,1,1,1000192,1,1
"KERNEL_DISPATCH","Agent 4",2,1,205945,512,22,"void rajaperf::apps::pressurecalc1<256ul>(double*, double*, double, long)",512,104130994668121,104130994681241,0,0,8,0,32,256,1,1,1000192,1,1
"KERNEL_DISPATCH","Agent 4",2,1,205945,513,23,"void rajaperf::apps::pressurecalc2<256ul>(double*, double*, double*, double*, double, double, double, long)",513,104130994681241,104130994710841,0,0,12,4,32,256,1,1,1000192,1,1
"KERNEL_DISPATCH","Agent 4",2,1,205945,514,22,"void rajaperf::apps::pressurecalc1<256ul>(double*, double*, double, long)",514,104130994710841,104130994724921,0,0,8,0,32,256,1,1,1000192,1,1
"KERNEL_DISPATCH","Agent 4",2,1,205945,515,23,"void rajaperf::apps::pressurecalc2<256ul>(double*, double*, double*, double*, double, double, double, long)",515,104130994724921,104130994754362,0,0,12,4,32,256,1,1,1000192,1,1
"KERNEL_DISPATCH","Agent 4",2,1,205945,516,22,"void rajaperf::apps::pressurecalc1<256ul>(double*, double*, double, long)",516,104130994754362,104130994767482,0,0,8,0,32,256,1,1,1000192,1,1
"KERNEL_DISPATCH","Agent 4",2,1,205945,517,23,"void rajaperf::apps::pressurecalc2<256ul>(double*, double*, double*, double*, double, double, double, long)",517,104130994767482,104130994796922,0,0,12,4,32,256,1,1,1000192,1,1
"KERNEL_DISPATCH","Agent 4",2,1,205945,518,22,"void rajaperf::apps::pressurecalc1<256ul>(double*, double*, double, long)",518,104130994796922,104130994810362,0,0,8,0,32,256,1,1,1000192,1,1
"KERNEL_DISPATCH","Agent 4",2,1,205945,519,23,"void rajaperf::apps::pressurecalc2<256ul>(double*, double*, double*, double*, double, double, double, long)",519,104130994810362,104130994839482,0,0,12,4,32,256,1,1,1000192,1,1
"KERNEL_DISPATCH","Agent 4",2,1,205945,520,22,"void rajaperf::apps::pressurecalc1<256ul>(double*, double*, double, long)",520,104130994839482,104130994852762,0,0,8,0,32,256,1,1,1000192,1,1
"KERNEL_DISPATCH","Agent 4",2,1,205945,521,23,"void rajaperf::apps::pressurecalc2<256ul>(double*, double*, double*, double*, double, double, double, long)",521,104130994852762,104130994882362,0,0,12,4,32,256,1,1,1000192,1,1
"KERNEL_DISPATCH","Agent 4",2,1,205945,522,22,"void rajaperf::apps::pressurecalc1<256ul>(double*, double*, double, long)",522,104130994882362,104130994895802,0,0,8,0,32,256,1,1,1000192,1,1
"KERNEL_DISPATCH","Agent 4",2,1,205945,523,23,"void rajaperf::apps::pressurecalc2<256ul>(double*, double*, double*, double*, double, double, double, long)",523,104130994895802,104130994925723,0,0,12,4,32,256,1,1,1000192,1,1
"KERNEL_DISPATCH","Agent 4",2,1,205945,524,22,"void rajaperf::apps::pressurecalc1<256ul>(double*, double*, double, long)",524,104130994925723,104130994939163,0,0,8,0,32,256,1,1,1000192,1,1
"KERNEL_DISPATCH","Agent 4",2,1,205945,525,23,"void rajaperf::apps::pressurecalc2<256ul>(double*, double*, double*, double*, double, double, double, long)",525,104130994939163,104130994968443,0,0,12,4,32,256,1,1,1000192,1,1
"KERNEL_DISPATCH","Agent 4",2,1,205945,526,22,"void rajaperf::apps::pressurecalc1<256ul>(double*, double*, double, long)",526,104130994968443,104130994981883,0,0,8,0,32,256,1,1,1000192,1,1
"KERNEL_DISPATCH","Agent 4",2,1,205945,527,23,"void rajaperf::apps::pressurecalc2<256ul>(double*, double*, double*, double*, double, double, double, long)",527,104130994981883,104130995011163,0,0,12,4,32,256,1,1,1000192,1,1
"KERNEL_DISPATCH","Agent 4",2,1,205945,528,22,"void rajaperf::apps::pressurecalc1<256ul>(double*, double*, double, long)",528,104130995011163,104130995024763,0,0,8,0,32,256,1,1,1000192,1,1
"KERNEL_DISPATCH","Agent 4",2,1,205945,529,23,"void rajaperf::apps::pressurecalc2<256ul>(double*, double*, double*, double*, double, double, double, long)",529,104130995024763,104130995054043,0,0,12,4,32,256,1,1,1000192,1,1
"KERNEL_DISPATCH","Agent 4",2,1,205945,530,22,"void rajaperf::apps::pressurecalc1<256ul>(double*, double*, double, long)",530,104130995054043,104130995067643,0,0,8,0,32,256,1,1,1000192,1,1
"KERNEL_DISPATCH","Agent 4",2,1,205945,531,23,"void rajaperf::apps::pressurecalc2<256ul>(double*, double*, double*, double*, double, double, double, long)",531,104130995067643,104130995096764,0,0,12,4,32,256,1,1,1000192,1,1
"KERNEL_DISPATCH","Agent 4",2,1,205945,532,22,"void rajaperf::apps::pressurecalc1<256ul>(double*, double*, double, long)",532,104130995096764,104130995110044,0,0,8,0,32,256,1,1,1000192,1,1
"KERNEL_DISPATCH","Agent 4",2,1,205945,533,23,"void rajaperf::apps::pressurecalc2<256ul>(double*, double*, double*, double*, double, double, double, long)",533,104130995110044,104130995139644,0,0,12,4,32,256,1,1,1000192,1,1
"KERNEL_DISPATCH","Agent 4",2,1,205945,534,22,"void rajaperf::apps::pressurecalc1<256ul>(double*, double*, double, long)",534,104130995139644,104130995152924,0,0,8,0,32,256,1,1,1000192,1,1
"KERNEL_DISPATCH","Agent 4",2,1,205945,535,23,"void rajaperf::apps::pressurecalc2<256ul>(double*, double*, double*, double*, double, double, double, long)",535,104130995152924,104130995182524,0,0,12,4,32,256,1,1,1000192,1,1
"KERNEL_DISPATCH","Agent 4",2,1,205945,536,22,"void rajaperf::apps::pressurecalc1<256ul>(double*, double*, double, long)",536,104130995182524,104130995195644,0,0,8,0,32,256,1,1,1000192,1,1
"KERNEL_DISPATCH","Agent 4",2,1,205945,537,23,"void rajaperf::apps::pressurecalc2<256ul>(double*, double*, double*, double*, double, double, double, long)",537,104130995195644,104130995225884,0,0,12,4,32,256,1,1,1000192,1,1
"KERNEL_DISPATCH","Agent 4",2,1,205945,538,22,"void rajaperf::apps::pressurecalc1<256ul>(double*, double*, double, long)",538,104130995225884,104130995239164,0,0,8,0,32,256,1,1,1000192,1,1
"KERNEL_DISPATCH","Agent 4",2,1,205945,539,23,"void rajaperf::apps::pressurecalc2<256ul>(double*, double*, double*, double*, double, double, double, long)",539,104130995239164,104130995268605,0,0,12,4,32,256,1,1,1000192,1,1
"KERNEL_DISPATCH","Agent 4",2,1,205945,540,22,"void rajaperf::apps::pressurecalc1<256ul>(double*, double*, double, long)",540,104130995268605,104130995282365,0,0,8,0,32,256,1,1,1000192,1,1
"KERNEL_DISPATCH","Agent 4",2,1,205945,541,23,"void rajaperf::apps::pressurecalc2<256ul>(double*, double*, double*, double*, double, double, double, long)",541,104130995282365,104130995312125,0,0,12,4,32,256,1,1,1000192,1,1
"KERNEL_DISPATCH","Agent 4",2,1,205945,542,22,"void rajaperf::apps::pressurecalc1<256ul>(double*, double*, double, long)",542,104130995312125,104130995325405,0,0,8,0,32,256,1,1,1000192,1,1
"KERNEL_DISPATCH","Agent 4",2,1,205945,543,23,"void rajaperf::apps::pressurecalc2<256ul>(double*, double*, double*, double*, double, double, double, long)",543,104130995325405,104130995354685,0,0,12,4,32,256,1,1,1000192,1,1
"KERNEL_DISPATCH","Agent 4",2,1,205945,544,22,"void rajaperf::apps::pressurecalc1<256ul>(double*, double*, double, long)",544,104130995354685,104130995368285,0,0,8,0,32,256,1,1,1000192,1,1
"KERNEL_DISPATCH","Agent 4",2,1,205945,545,23,"void rajaperf::apps::pressurecalc2<256ul>(double*, double*, double*, double*, double, double, double, long)",545,104130995368285,104130995397725,0,0,12,4,32,256,1,1,1000192,1,1
"KERNEL_DISPATCH","Agent 4",2,1,205945,546,22,"void rajaperf::apps::pressurecalc1<256ul>(double*, double*, double, long)",546,104130995397725,104130995411005,0,0,8,0,32,256,1,1,1000192,1,1
"KERNEL_DISPATCH","Agent 4",2,1,205945,547,23,"void rajaperf::apps::pressurecalc2<256ul>(double*, double*, double*, double*, double, double, double, long)",547,104130995411005,104130995440446,0,0,12,4,32,256,1,1,1000192,1,1
"KERNEL_DISPATCH","Agent 4",2,1,205945,548,22,"void rajaperf::apps::pressurecalc1<256ul>(double*, double*, double, long)",548,104130995440446,104130995453726,0,0,8,0,32,256,1,1,1000192,1,1
"KERNEL_DISPATCH","Agent 4",2,1,205945,549,23,"void rajaperf::apps::pressurecalc2<256ul>(double*, double*, double*, double*, double, double, double, long)",549,104130995453726,104130995483166,0,0,12,4,32,256,1,1,1000192,1,1
"KERNEL_DISPATCH","Agent 4",2,1,205945,550,22,"void rajaperf::apps::pressurecalc1<256ul>(double*, double*, double, long)",550,104130995483166,104130995496606,0,0,8,0,32,256,1,1,1000192,1,1
"KERNEL_DISPATCH","Agent 4",2,1,205945,551,23,"void rajaperf::apps::pressurecalc2<256ul>(double*, double*, double*, double*, double, double, double, long)",551,104130995496606,104130995526046,0,0,12,4,32,256,1,1,1000192,1,1
"KERNEL_DISPATCH","Agent 4",2,1,205945,552,22,"void rajaperf::apps::pressurecalc1<256ul>(double*, double*, double, long)",552,104130995526046,104130995539166,0,0,8,0,32,256,1,1,1000192,1,1
"KERNEL_DISPATCH","Agent 4",2,1,205945,553,23,"void rajaperf::apps::pressurecalc2<256ul>(double*, double*, double*, double*, double, double, double, long)",553,104130995539166,104130995568766,0,0,12,4,32,256,1,1,1000192,1,1
"KERNEL_DISPATCH","Agent 4",2,1,205945,554,22,"void rajaperf::apps::pressurecalc1<256ul>(double*, double*, double, long)",554,104130995568766,104130995582367,0,0,8,0,32,256,1,1,1000192,1,1
"KERNEL_DISPATCH","Agent 4",2,1,205945,555,23,"void rajaperf::apps::pressurecalc2<256ul>(double*, double*, double*, double*, double, double, double, long)",555,104130995582367,104130995611807,0,0,12,4,32,256,1,1,1000192,1,1
"KERNEL_DISPATCH","Agent 4",2,1,205945,556,22,"void rajaperf::apps::pressurecalc1<256ul>(double*, double*, double, long)",556,104130995611807,104130995625407,0,0,8,0,32,256,1,1,1000192,1,1
"KERNEL_DISPATCH","Agent 4",2,1,205945,557,23,"void rajaperf::apps::pressurecalc2<256ul>(double*, double*, double*, double*, double, double, double, long)",557,104130995625407,104130995655327,0,0,12,4,32,256,1,1,1000192,1,1
"KERNEL_DISPATCH","Agent 4",2,1,205945,558,22,"void rajaperf::apps::pressurecalc1<256ul>(double*, double*, double, long)",558,104130995655327,104130995668607,0,0,8,0,32,256,1,1,1000192,1,1
"KERNEL_DISPATCH","Agent 4",2,1,205945,559,23,"void rajaperf::apps::pressurecalc2<256ul>(double*, double*, double*, double*, double, double, double, long)",559,104130995668607,104130995698687,0,0,12,4,32,256,1,1,1000192,1,1
"KERNEL_DISPATCH","Agent 4",2,1,205945,560,22,"void rajaperf::apps::pressurecalc1<256ul>(double*, double*, double, long)",560,104130995698687,104130995712287,0,0,8,0,32,256,1,1,1000192,1,1
"KERNEL_DISPATCH","Agent 4",2,1,205945,561,23,"void rajaperf::apps::pressurecalc2<256ul>(double*, double*, double*, double*, double, double, double, long)",561,104130995712287,104130995742047,0,0,12,4,32,256,1,1,1000192,1,1
"KERNEL_DISPATCH","Agent 4",2,1,205945,562,22,"void rajaperf::apps::pressurecalc1<256ul>(double*, double*, double, long)",562,104130995742047,104130995755488,0,0,8,0,32,256,1,1,1000192,1,1
"KERNEL_DISPATCH","Agent 4",2,1,205945,563,23,"void rajaperf::apps::pressurecalc2<256ul>(double*, double*, double*, double*, double, double, double, long)",563,104130995755488,104130995784768,0,0,12,4,32,256,1,1,1000192,1,1
"KERNEL_DISPATCH","Agent 4",2,1,205945,564,22,"void rajaperf::apps::pressurecalc1<256ul>(double*, double*, double, long)",564,104130995784768,104130995797888,0,0,8,0,32,256,1,1,1000192,1,1
"KERNEL_DISPATCH","Agent 4",2,1,205945,565,23,"void rajaperf::apps::pressurecalc2<256ul>(double*, double*, double*, double*, double, double, double, long)",565,104130995797888,104130995827808,0,0,12,4,32,256,1,1,1000192,1,1
"KERNEL_DISPATCH","Agent 4",2,1,205945,566,22,"void rajaperf::apps::pressurecalc1<256ul>(double*, double*, double, long)",566,104130995827808,104130995840928,0,0,8,0,32,256,1,1,1000192,1,1
"KERNEL_DISPATCH","Agent 4",2,1,205945,567,23,"void rajaperf::apps::pressurecalc2<256ul>(double*, double*, double*, double*, double, double, double, long)",567,104130995840928,104130995870368,0,0,12,4,32,256,1,1,1000192,1,1
"KERNEL_DISPATCH","Agent 4",2,1,205945,568,22,"void rajaperf::apps::pressurecalc1<256ul>(double*, double*, double, long)",568,104130995870368,104130995883968,0,0,8,0,32,256,1,1,1000192,1,1
"KERNEL_DISPATCH","Agent 4",2,1,205945,569,23,"void rajaperf::apps::pressurecalc2<256ul>(double*, double*, double*, double*, double, double, double, long)",569,104130995883968,104130995913409,0,0,12,4,32,256,1,1,1000192,1,1
"KERNEL_DISPATCH","Agent 4",2,1,205945,570,22,"void rajaperf::apps::pressurecalc1<256ul>(double*, double*, double, long)",570,104130995913409,104130995926529,0,0,8,0,32,256,1,1,1000192,1,1
"KERNEL_DISPATCH","Agent 4",2,1,205945,571,23,"void rajaperf::apps::pressurecalc2<256ul>(double*, double*, double*, double*, double, double, double, long)",571,104130995926529,104130995956289,0,0,12,4,32,256,1,1,1000192,1,1
"KERNEL_DISPATCH","Agent 4",2,1,205945,572,22,"void rajaperf::apps::pressurecalc1<256ul>(double*, double*, double, long)",572,104130995956289,104130995969729,0,0,8,0,32,256,1,1,1000192,1,1
"KERNEL_DISPATCH","Agent 4",2,1,205945,573,23,"void rajaperf::apps::pressurecalc2<256ul>(double*, double*, double*, double*, double, double, double, long)",573,104130995969729,104130995999329,0,0,12,4,32,256,1,1,1000192,1,1
"KERNEL_DISPATCH","Agent 4",2,1,205945,574,22,"void rajaperf::apps::pressurecalc1<256ul>(double*, double*, double, long)",574,104130995999329,104130996012769,0,0,8,0,32,256,1,1,1000192,1,1
"KERNEL_DISPATCH","Agent 4",2,1,205945,575,23,"void rajaperf::apps::pressurecalc2<256ul>(double*, double*, double*, double*, double, double, double, long)",575,104130996012769,104130996042689,0,0,12,4,32,256,1,1,1000192,1,1
"KERNEL_DISPATCH","Agent 4",2,1,205945,576,22,"void rajaperf::apps::pressurecalc1<256ul>(double*, double*, double, long)",576,104130996042689,104130996056129,0,0,8,0,32,256,1,1,1000192,1,1
"KERNEL_DISPATCH","Agent 4",2,1,205945,577,23,"void rajaperf::apps::pressurecalc2<256ul>(double*, double*, double*, double*, double, double, double, long)",577,104130996056129,104130996085410,0,0,12,4,32,256,1,1,1000192,1,1
"KERNEL_DISPATCH","Agent 4",2,1,205945,578,22,"void rajaperf::apps::pressurecalc1<256ul>(double*, double*, double, long)",578,104130996085410,104130996099010,0,0,8,0,32,256,1,1,1000192,1,1
"KERNEL_DISPATCH","Agent 4",2,1,205945,579,23,"void rajaperf::apps::pressurecalc2<256ul>(double*, double*, double*, double*, double, double, double, long)",579,104130996099010,104130996128290,0,0,12,4,32,256,1,1,1000192,1,1
"KERNEL_DISPATCH","Agent 4",2,1,205945,580,22,"void rajaperf::apps::pressurecalc1<256ul>(double*, double*, double, long)",580,104130996128290,104130996141890,0,0,8,0,32,256,1,1,1000192,1,1
"KERNEL_DISPATCH","Agent 4",2,1,205945,581,23,"void rajaperf::apps::pressurecalc2<256ul>(double*, double*, double*, double*, double, double, double, long)",581,104130996141890,104130996171810,0,0,12,4,32,256,1,1,1000192,1,1
"KERNEL_DISPATCH","Agent 4",2,1,205945,582,22,"void rajaperf::apps::pressurecalc1<256ul>(double*, double*, double, long)",582,104130996171810,104130996185090,0,0,8,0,32,256,1,1,1000192,1,1
"KERNEL_DISPATCH","Agent 4",2,1,205945,583,23,"void rajaperf::apps::pressurecalc2<256ul>(double*, double*, double*, double*, double, double, double, long)",583,104130996185090,104130996215010,0,0,12,4,32,256,1,1,1000192,1,1
"KERNEL_DISPATCH","Agent 4",2,1,205945,584,22,"void rajaperf::apps::pressurecalc1<256ul>(double*, double*, double, long)",584,104130996215010,104130996228290,0,0,8,0,32,256,1,1,1000192,1,1
"KERNEL_DISPATCH","Agent 4",2,1,205945,585,23,"void rajaperf::apps::pressurecalc2<256ul>(double*, double*, double*, double*, double, double, double, long)",585,104130996228290,104130996258691,0,0,12,4,32,256,1,1,1000192,1,1
"KERNEL_DISPATCH","Agent 4",2,1,205945,586,22,"void rajaperf::apps::pressurecalc1<256ul>(double*, double*, double, long)",586,104130996258691,104130996272291,0,0,8,0,32,256,1,1,1000192,1,1
"KERNEL_DISPATCH","Agent 4",2,1,205945,587,23,"void rajaperf::apps::pressurecalc2<256ul>(double*, double*, double*, double*, double, double, double, long)",587,104130996272291,104130996301891,0,0,12,4,32,256,1,1,1000192,1,1
"KERNEL_DISPATCH","Agent 4",2,1,205945,588,22,"void rajaperf::apps::pressurecalc1<256ul>(double*, double*, double, long)",588,104130996301891,104130996315651,0,0,8,0,32,256,1,1,1000192,1,1
"KERNEL_DISPATCH","Agent 4",2,1,205945,589,23,"void rajaperf::apps::pressurecalc2<256ul>(double*, double*, double*, double*, double, double, double, long)",589,104130996315651,104130996345571,0,0,12,4,32,256,1,1,1000192,1,1
"KERNEL_DISPATCH","Agent 4",2,1,205945,590,22,"void rajaperf::apps::pressurecalc1<256ul>(double*, double*, double, long)",590,104130996345571,104130996359011,0,0,8,0,32,256,1,1,1000192,1,1
"KERNEL_DISPATCH","Agent 4",2,1,205945,591,23,"void rajaperf::apps::pressurecalc2<256ul>(double*, double*, double*, double*, double, double, double, long)",591,104130996359011,104130996388451,0,0,12,4,32,256,1,1,1000192,1,1
"KERNEL_DISPATCH","Agent 4",2,1,205945,592,22,"void rajaperf::apps::pressurecalc1<256ul>(double*, double*, double, long)",592,104130996388451,104130996401731,0,0,8,0,32,256,1,1,1000192,1,1
"KERNEL_DISPATCH","Agent 4",2,1,205945,593,23,"void rajaperf::apps::pressurecalc2<256ul>(double*, double*, double*, double*, double, double, double, long)",593,104130996401731,104130996431012,0,0,12,4,32,256,1,1,1000192,1,1
"KERNEL_DISPATCH","Agent 4",2,1,205945,594,22,"void rajaperf::apps::pressurecalc1<256ul>(double*, double*, double, long)",594,104130996431012,104130996444612,0,0,8,0,32,256,1,1,1000192,1,1
"KERNEL_DISPATCH","Agent 4",2,1,205945,595,23,"void rajaperf::apps::pressurecalc2<256ul>(double*, double*, double*, double*, double, double, double, long)",595,104130996444612,104130996474372,0,0,12,4,32,256,1,1,1000192,1,1
"KERNEL_DISPATCH","Agent 4",2,1,205945,596,22,"void rajaperf::apps::pressurecalc1<256ul>(double*, double*, double, long)",596,104130996474372,104130996487652,0,0,8,0,32,256,1,1,1000192,1,1
"KERNEL_DISPATCH","Agent 4",2,1,205945,597,23,"void rajaperf::apps::pressurecalc2<256ul>(double*, double*, double*, double*, double, double, double, long)",597,104130996487652,104130996517732,0,0,12,4,32,256,1,1,1000192,1,1
"KERNEL_DISPATCH","Agent 4",2,1,205945,598,22,"void rajaperf::apps::pressurecalc1<256ul>(double*, double*, double, long)",598,104130996517732,104130996531172,0,0,8,0,32,256,1,1,1000192,1,1
"KERNEL_DISPATCH","Agent 4",2,1,205945,599,23,"void rajaperf::apps::pressurecalc2<256ul>(double*, double*, double*, double*, double, double, double, long)",599,104130996531172,104130996560932,0,0,12,4,32,256,1,1,1000192,1,1
"KERNEL_DISPATCH","Agent 4",2,1,205945,600,22,"void rajaperf::apps::pressurecalc1<256ul>(double*, double*, double, long)",600,104130996560932,104130996574373,0,0,8,0,32,256,1,1,1000192,1,1
"KERNEL_DISPATCH","Agent 4",2,1,205945,601,23,"void rajaperf::apps::pressurecalc2<256ul>(double*, double*, double*, double*, double, double, double, long)",601,104130996574373,104130996603813,0,0,12,4,32,256,1,1,1000192,1,1
"KERNEL_DISPATCH","Agent 4",2,1,205945,602,22,"void rajaperf::apps::pressurecalc1<256ul>(double*, double*, double, long)",602,104130996603813,104130996617253,0,0,8,0,32,256,1,1,1000192,1,1
"KERNEL_DISPATCH","Agent 4",2,1,205945,603,23,"void rajaperf::apps::pressurecalc2<256ul>(double*, double*, double*, double*, double, double, double, long)",603,104130996617253,104130996646533,0,0,12,4,32,256,1,1,1000192,1,1
"KERNEL_DISPATCH","Agent 4",2,1,205945,604,22,"void rajaperf::apps::pressurecalc1<256ul>(double*, double*, double, long)",604,104130996646533,104130996660133,0,0,8,0,32,256,1,1,1000192,1,1
"KERNEL_DISPATCH","Agent 4",2,1,205945,605,23,"void rajaperf::apps::pressurecalc2<256ul>(double*, double*, double*, double*, double, double, double, long)",605,104130996660133,104130996689893,0,0,12,4,32,256,1,1,1000192,1,1
"KERNEL_DISPATCH","Agent 4",2,1,205945,606,22,"void rajaperf::apps::pressurecalc1<256ul>(double*, double*, double, long)",606,104130996689893,104130996703493,0,0,8,0,32,256,1,1,1000192,1,1
"KERNEL_DISPATCH","Agent 4",2,1,205945,607,23,"void rajaperf::apps::pressurecalc2<256ul>(double*, double*, double*, double*, double, double, double, long)",607,104130996703493,104130996733253,0,0,12,4,32,256,1,1,1000192,1,1
"KERNEL_DISPATCH","Agent 4",2,1,205945,608,22,"void rajaperf::apps::pressurecalc1<256ul>(double*, double*, double, long)",608,104130996733253,104130996746534,0,0,8,0,32,256,1,1,1000192,1,1
"KERNEL_DISPATCH","Agent 4",2,1,205945,609,23,"void rajaperf::apps::pressurecalc2<256ul>(double*, double*, double*, double*, double, double, double, long)",609,104130996746534,104130996776934,0,0,12,4,32,256,1,1,1000192,1,1
"KERNEL_DISPATCH","Agent 4",2,1,205945,610,22,"void rajaperf::apps::pressurecalc1<256ul>(double*, double*, double, long)",610,104130996776934,104130996791014,0,0,8,0,32,256,1,1,1000192,1,1
"KERNEL_DISPATCH","Agent 4",2,1,205945,611,23,"void rajaperf::apps::pressurecalc2<256ul>(double*, double*, double*, double*, double, double, double, long)",611,104130996791014,104130996820614,0,0,12,4,32,256,1,1,1000192,1,1
"KERNEL_DISPATCH","Agent 4",2,1,205945,612,22,"void rajaperf::apps::pressurecalc1<256ul>(double*, double*, double, long)",612,104130996820614,104130996834054,0,0,8,0,32,256,1,1,1000192,1,1
"KERNEL_DISPATCH","Agent 4",2,1,205945,613,23,"void rajaperf::apps::pressurecalc2<256ul>(double*, double*, double*, double*, double, double, double, long)",613,104130996834054,104130996863814,0,0,12,4,32,256,1,1,1000192,1,1
"KERNEL_DISPATCH","Agent 4",2,1,205945,614,22,"void rajaperf::apps::pressurecalc1<256ul>(double*, double*, double, long)",614,104130996863814,104130996877094,0,0,8,0,32,256,1,1,1000192,1,1
"KERNEL_DISPATCH","Agent 4",2,1,205945,615,23,"void rajaperf::apps::pressurecalc2<256ul>(double*, double*, double*, double*, double, double, double, long)",615,104130996877094,104130996906695,0,0,12,4,32,256,1,1,1000192,1,1
"KERNEL_DISPATCH","Agent 4",2,1,205945,616,22,"void rajaperf::apps::pressurecalc1<256ul>(double*, double*, double, long)",616,104130996906695,104130996919975,0,0,8,0,32,256,1,1,1000192,1,1
"KERNEL_DISPATCH","Agent 4",2,1,205945,617,23,"void rajaperf::apps::pressurecalc2<256ul>(double*, double*, double*, double*, double, double, double, long)",617,104130996919975,104130996949735,0,0,12,4,32,256,1,1,1000192,1,1
"KERNEL_DISPATCH","Agent 4",2,1,205945,618,22,"void rajaperf::apps::pressurecalc1<256ul>(double*, double*, double, long)",618,104130996949735,104130996963175,0,0,8,0,32,256,1,1,1000192,1,1
"KERNEL_DISPATCH","Agent 4",2,1,205945,619,23,"void rajaperf::apps::pressurecalc2<256ul>(double*, double*, double*, double*, double, double, double, long)",619,104130996963175,104130996992775,0,0,12,4,32,256,1,1,1000192,1,1
"KERNEL_DISPATCH","Agent 4",2,1,205945,620,22,"void rajaperf::apps::pressurecalc1<256ul>(double*, double*, double, long)",620,104130996992775,104130997006375,0,0,8,0,32,256,1,1,1000192,1,1
"KERNEL_DISPATCH","Agent 4",2,1,205945,621,23,"void rajaperf::apps::pressurecalc2<256ul>(double*, double*, double*, double*, double, double, double, long)",621,104130997006375,104130997035975,0,0,12,4,32,256,1,1,1000192,1,1
"KERNEL_DISPATCH","Agent 4",2,1,205945,622,22,"void rajaperf::apps::pressurecalc1<256ul>(double*, double*, double, long)",622,104130997035975,104130997049255,0,0,8,0,32,256,1,1,1000192,1,1
"KERNEL_DISPATCH","Agent 4",2,1,205945,623,23,"void rajaperf::apps::pressurecalc2<256ul>(double*, double*, double*, double*, double, double, double, long)",623,104130997049255,104130997078536,0,0,12,4,32,256,1,1,1000192,1,1
"KERNEL_DISPATCH","Agent 4",2,1,205945,624,22,"void rajaperf::apps::pressurecalc1<256ul>(double*, double*, double, long)",624,104130997078536,104130997091976,0,0,8,0,32,256,1,1,1000192,1,1
"KERNEL_DISPATCH","Agent 4",2,1,205945,625,23,"void rajaperf::apps::pressurecalc2<256ul>(double*, double*, double*, double*, double, double, double, long)",625,104130997091976,104130997121096,0,0,12,4,32,256,1,1,1000192,1,1
"KERNEL_DISPATCH","Agent 4",2,1,205945,626,22,"void rajaperf::apps::pressurecalc1<256ul>(double*, double*, double, long)",626,104130997121096,104130997134696,0,0,8,0,32,256,1,1,1000192,1,1
"KERNEL_DISPATCH","Agent 4",2,1,205945,627,23,"void rajaperf::apps::pressurecalc2<256ul>(double*, double*, double*, double*, double, double, double, long)",627,104130997134696,104130997164296,0,0,12,4,32,256,1,1,1000192,1,1
"KERNEL_DISPATCH","Agent 4",2,1,205945,628,22,"void rajaperf::apps::pressurecalc1<256ul>(double*, double*, double, long)",628,104130997164296,104130997177576,0,0,8,0,32,256,1,1,1000192,1,1
"KERNEL_DISPATCH","Agent 4",2,1,205945,629,23,"void rajaperf::apps::pressurecalc2<256ul>(double*, double*, double*, double*, double, double, double, long)",629,104130997177576,104130997207016,0,0,12,4,32,256,1,1,1000192,1,1
"KERNEL_DISPATCH","Agent 4",2,1,205945,630,22,"void rajaperf::apps::pressurecalc1<256ul>(double*, double*, double, long)",630,104130997207016,104130997220296,0,0,8,0,32,256,1,1,1000192,1,1
"KERNEL_DISPATCH","Agent 4",2,1,205945,631,23,"void rajaperf::apps::pressurecalc2<256ul>(double*, double*, double*, double*, double, double, double, long)",631,104130997220296,104130997249897,0,0,12,4,32,256,1,1,1000192,1,1
"KERNEL_DISPATCH","Agent 4",2,1,205945,632,22,"void rajaperf::apps::pressurecalc1<256ul>(double*, double*, double, long)",632,104130997249897,104130997263177,0,0,8,0,32,256,1,1,1000192,1,1
"KERNEL_DISPATCH","Agent 4",2,1,205945,633,23,"void rajaperf::apps::pressurecalc2<256ul>(double*, double*, double*, double*, double, double, double, long)",633,104130997263177,104130997292777,0,0,12,4,32,256,1,1,1000192,1,1
"KERNEL_DISPATCH","Agent 4",2,1,205945,634,22,"void rajaperf::apps::pressurecalc1<256ul>(double*, double*, double, long)",634,104130997292777,104130997306217,0,0,8,0,32,256,1,1,1000192,1,1
"KERNEL_DISPATCH","Agent 4",2,1,205945,635,23,"void rajaperf::apps::pressurecalc2<256ul>(double*, double*, double*, double*, double, double, double, long)",635,104130997306217,104130997335977,0,0,12,4,32,256,1,1,1000192,1,1
"KERNEL_DISPATCH","Agent 4",2,1,205945,636,22,"void rajaperf::apps::pressurecalc1<256ul>(double*, double*, double, long)",636,104130997335977,104130997349097,0,0,8,0,32,256,1,1,1000192,1,1
"KERNEL_DISPATCH","Agent 4",2,1,205945,637,23,"void rajaperf::apps::pressurecalc2<256ul>(double*, double*, double*, double*, double, double, double, long)",637,104130997349097,104130997378857,0,0,12,4,32,256,1,1,1000192,1,1
"KERNEL_DISPATCH","Agent 4",2,1,205945,638,22,"void rajaperf::apps::pressurecalc1<256ul>(double*, double*, double, long)",638,104130997378857,104130997392297,0,0,8,0,32,256,1,1,1000192,1,1
"KERNEL_DISPATCH","Agent 4",2,1,205945,639,23,"void rajaperf::apps::pressurecalc2<256ul>(double*, double*, double*, double*, double, double, double, long)",639,104130997392297,104130997422378,0,0,12,4,32,256,1,1,1000192,1,1
"KERNEL_DISPATCH","Agent 4",2,1,205945,640,22,"void rajaperf::apps::pressurecalc1<256ul>(double*, double*, double, long)",640,104130997422378,104130997435658,0,0,8,0,32,256,1,1,1000192,1,1
"KERNEL_DISPATCH","Agent 4",2,1,205945,641,23,"void rajaperf::apps::pressurecalc2<256ul>(double*, double*, double*, double*, double, double, double, long)",641,104130997435658,104130997465098,0,0,12,4,32,256,1,1,1000192,1,1
"KERNEL_DISPATCH","Agent 4",2,1,205945,642,22,"void rajaperf::apps::pressurecalc1<256ul>(double*, double*, double, long)",642,104130997465098,104130997479338,0,0,8,0,32,256,1,1,1000192,1,1
"KERNEL_DISPATCH","Agent 4",2,1,205945,643,23,"void rajaperf::apps::pressurecalc2<256ul>(double*, double*, double*, double*, double, double, double, long)",643,104130997479338,104130997509418,0,0,12,4,32,256,1,1,1000192,1,1
"KERNEL_DISPATCH","Agent 4",2,1,205945,644,22,"void rajaperf::apps::pressurecalc1<256ul>(double*, double*, double, long)",644,104130997509418,104130997522858,0,0,8,0,32,256,1,1,1000192,1,1
"KERNEL_DISPATCH","Agent 4",2,1,205945,645,23,"void rajaperf::apps::pressurecalc2<256ul>(double*, double*, double*, double*, double, double, double, long)",645,104130997522858,104130997552298,0,0,12,4,32,256,1,1,1000192,1,1
"KERNEL_DISPATCH","Agent 4",2,1,205945,646,22,"void rajaperf::apps::pressurecalc1<256ul>(double*, double*, double, long)",646,104130997552298,104130997565739,0,0,8,0,32,256,1,1,1000192,1,1
"KERNEL_DISPATCH","Agent 4",2,1,205945,647,23,"void rajaperf::apps::pressurecalc2<256ul>(double*, double*, double*, double*, double, double, double, long)",647,104130997565739,104130997595019,0,0,12,4,32,256,1,1,1000192,1,1
"KERNEL_DISPATCH","Agent 4",2,1,205945,648,22,"void rajaperf::apps::pressurecalc1<256ul>(double*, double*, double, long)",648,104130997595019,104130997608139,0,0,8,0,32,256,1,1,1000192,1,1
"KERNEL_DISPATCH","Agent 4",2,1,205945,649,23,"void rajaperf::apps::pressurecalc2<256ul>(double*, double*, double*, double*, double, double, double, long)",649,104130997608139,104130997637739,0,0,12,4,32,256,1,1,1000192,1,1
"KERNEL_DISPATCH","Agent 4",2,1,205945,650,22,"void rajaperf::apps::pressurecalc1<256ul>(double*, double*, double, long)",650,104130997637739,104130997651019,0,0,8,0,32,256,1,1,1000192,1,1
"KERNEL_DISPATCH","Agent 4",2,1,205945,651,23,"void rajaperf::apps::pressurecalc2<256ul>(double*, double*, double*, double*, double, double, double, long)",651,104130997651019,104130997680779,0,0,12,4,32,256,1,1,1000192,1,1
"KERNEL_DISPATCH","Agent 4",2,1,205945,652,22,"void rajaperf::apps::pressurecalc1<256ul>(double*, double*, double, long)",652,104130997680779,104130997694219,0,0,8,0,32,256,1,1,1000192,1,1
"KERNEL_DISPATCH","Agent 4",2,1,205945,653,23,"void rajaperf::apps::pressurecalc2<256ul>(double*, double*, double*, double*, double, double, double, long)",653,104130997694219,104130997723499,0,0,12,4,32,256,1,1,1000192,1,1
"KERNEL_DISPATCH","Agent 4",2,1,205945,654,22,"void rajaperf::apps::pressurecalc1<256ul>(double*, double*, double, long)",654,104130997723499,104130997736940,0,0,8,0,32,256,1,1,1000192,1,1
"KERNEL_DISPATCH","Agent 4",2,1,205945,655,23,"void rajaperf::apps::pressurecalc2<256ul>(double*, double*, double*, double*, double, double, double, long)",655,104130997736940,104130997766860,0,0,12,4,32,256,1,1,1000192,1,1
"KERNEL_DISPATCH","Agent 4",2,1,205945,656,22,"void rajaperf::apps::pressurecalc1<256ul>(double*, double*, double, long)",656,104130997766860,104130997779980,0,0,8,0,32,256,1,1,1000192,1,1
"KERNEL_DISPATCH","Agent 4",2,1,205945,657,23,"void rajaperf::apps::pressurecalc2<256ul>(double*, double*, double*, double*, double, double, double, long)",657,104130997779980,104130997810220,0,0,12,4,32,256,1,1,1000192,1,1
"KERNEL_DISPATCH","Agent 4",2,1,205945,658,22,"void rajaperf::apps::pressurecalc1<256ul>(double*, double*, double, long)",658,104130997810220,104130997823500,0,0,8,0,32,256,1,1,1000192,1,1
"KERNEL_DISPATCH","Agent 4",2,1,205945,659,23,"void rajaperf::apps::pressurecalc2<256ul>(double*, double*, double*, double*, double, double, double, long)",659,104130997823500,104130997853100,0,0,12,4,32,256,1,1,1000192,1,1
"KERNEL_DISPATCH","Agent 4",2,1,205945,660,22,"void rajaperf::apps::pressurecalc1<256ul>(double*, double*, double, long)",660,104130997853100,104130997866700,0,0,8,0,32,256,1,1,1000192,1,1
"KERNEL_DISPATCH","Agent 4",2,1,205945,661,23,"void rajaperf::apps::pressurecalc2<256ul>(double*, double*, double*, double*, double, double, double, long)",661,104130997866700,104130997895821,0,0,12,4,32,256,1,1,1000192,1,1
"KERNEL_DISPATCH","Agent 4",2,1,205945,662,22,"void rajaperf::apps::pressurecalc1<256ul>(double*, double*, double, long)",662,104130997895821,104130997909581,0,0,8,0,32,256,1,1,1000192,1,1
"KERNEL_DISPATCH","Agent 4",2,1,205945,663,23,"void rajaperf::apps::pressurecalc2<256ul>(double*, double*, double*, double*, double, double, double, long)",663,104130997909581,104130997938701,0,0,12,4,32,256,1,1,1000192,1,1
"KERNEL_DISPATCH","Agent 4",2,1,205945,664,22,"void rajaperf::apps::pressurecalc1<256ul>(double*, double*, double, long)",664,104130997938701,104130997951821,0,0,8,0,32,256,1,1,1000192,1,1
"KERNEL_DISPATCH","Agent 4",2,1,205945,665,23,"void rajaperf::apps::pressurecalc2<256ul>(double*, double*, double*, double*, double, double, double, long)",665,104130997951821,104130997981581,0,0,12,4,32,256,1,1,1000192,1,1
"KERNEL_DISPATCH","Agent 4",2,1,205945,666,22,"void rajaperf::apps::pressurecalc1<256ul>(double*, double*, double, long)",666,104130997981581,104130997994861,0,0,8,0,32,256,1,1,1000192,1,1
"KERNEL_DISPATCH","Agent 4",2,1,205945,667,23,"void rajaperf::apps::pressurecalc2<256ul>(double*, double*, double*, double*, double, double, double, long)",667,104130997994861,104130998025101,0,0,12,4,32,256,1,1,1000192,1,1
"KERNEL_DISPATCH","Agent 4",2,1,205945,668,22,"void rajaperf::apps::pressurecalc1<256ul>(double*, double*, double, long)",668,104130998025101,104130998038541,0,0,8,0,32,256,1,1,1000192,1,1
"KERNEL_DISPATCH","Agent 4",2,1,205945,669,23,"void rajaperf::apps::pressurecalc2<256ul>(double*, double*, double*, double*, double, double, double, long)",669,104130998038541,104130998068302,0,0,12,4,32,256,1,1,1000192,1,1
"KERNEL_DISPATCH","Agent 4",2,1,205945,678,22,"void rajaperf::apps::pressurecalc1<256ul>(double*, double*, double, long)",678,104130998241103,104130998254543,0,0,8,0,32,256,1,1,1000192,1,1
"KERNEL_DISPATCH","Agent 4",2,1,205945,673,23,"void rajaperf::apps::pressurecalc2<256ul>(double*, double*, double*, double*, double, double, double, long)",673,104130998124462,104130998154222,0,0,12,4,32,256,1,1,1000192,1,1
"KERNEL_DISPATCH","Agent 4",2,1,205945,676,22,"void rajaperf::apps::pressurecalc1<256ul>(double*, double*, double, long)",676,104130998197582,104130998210862,0,0,8,0,32,256,1,1,1000192,1,1
"KERNEL_DISPATCH","Agent 4",2,1,205945,675,23,"void rajaperf::apps::pressurecalc2<256ul>(double*, double*, double*, double*, double, double, double, long)",675,104130998167982,104130998197582,0,0,12,4,32,256,1,1,1000192,1,1
"KERNEL_DISPATCH","Agent 4",2,1,205945,674,22,"void rajaperf::apps::pressurecalc1<256ul>(double*, double*, double, long)",674,104130998154222,104130998167982,0,0,8,0,32,256,1,1,1000192,1,1
"KERNEL_DISPATCH","Agent 4",2,1,205945,677,23,"void rajaperf::apps::pressurecalc2<256ul>(double*, double*, double*, double*, double, double, double, long)",677,104130998210862,104130998241103,0,0,12,4,32,256,1,1,1000192,1,1
"KERNEL_DISPATCH","Agent 4",2,1,205945,670,22,"void rajaperf::apps::pressurecalc1<256ul>(double*, double*, double, long)",670,104130998068302,104130998081582,0,0,8,0,32,256,1,1,1000192,1,1
"KERNEL_DISPATCH","Agent 4",2,1,205945,671,23,"void rajaperf::apps::pressurecalc2<256ul>(double*, double*, double*, double*, double, double, double, long)",671,104130998081582,104130998111022,0,0,12,4,32,256,1,1,1000192,1,1
"KERNEL_DISPATCH","Agent 4",2,1,205945,679,23,"void rajaperf::apps::pressurecalc2<256ul>(double*, double*, double*, double*, double, double, double, long)",679,104130998254543,104130998284143,0,0,12,4,32,256,1,1,1000192,1,1
"KERNEL_DISPATCH","Agent 4",2,1,205945,680,22,"void rajaperf::apps::pressurecalc1<256ul>(double*, double*, double, long)",680,104130998284143,104130998297583,0,0,8,0,32,256,1,1,1000192,1,1
"KERNEL_DISPATCH","Agent 4",2,1,205945,672,22,"void rajaperf::apps::pressurecalc1<256ul>(double*, double*, double, long)",672,104130998111022,104130998124462,0,0,8,0,32,256,1,1,1000192,1,1
"KERNEL_DISPATCH","Agent 4",2,1,205945,681,23,"void rajaperf::apps::pressurecalc2<256ul>(double*, double*, double*, double*, double, double, double, long)",681,104130998297583,104130998327183,0,0,12,4,32,256,1,1,1000192,1,1
"KERNEL_DISPATCH","Agent 4",2,1,205945,682,22,"void rajaperf::apps::pressurecalc1<256ul>(double*, double*, double, long)",682,104130998327183,104130998340303,0,0,8,0,32,256,1,1,1000192,1,1
"KERNEL_DISPATCH","Agent 4",2,1,205945,683,23,"void rajaperf::apps::pressurecalc2<256ul>(double*, double*, double*, double*, double, double, double, long)",683,104130998340303,104130998369743,0,0,12,4,32,256,1,1,1000192,1,1
"KERNEL_DISPATCH","Agent 4",2,1,205945,684,22,"void rajaperf::apps::pressurecalc1<256ul>(double*, double*, double, long)",684,104130998369743,104130998383023,0,0,8,0,32,256,1,1,1000192,1,1
"KERNEL_DISPATCH","Agent 4",2,1,205945,685,23,"void rajaperf::apps::pressurecalc2<256ul>(double*, double*, double*, double*, double, double, double, long)",685,104130998383023,104130998412624,0,0,12,4,32,256,1,1,1000192,1,1
"KERNEL_DISPATCH","Agent 4",2,1,205945,686,22,"void rajaperf::apps::pressurecalc1<256ul>(double*, double*, double, long)",686,104130998412624,104130998426064,0,0,8,0,32,256,1,1,1000192,1,1
"KERNEL_DISPATCH","Agent 4",2,1,205945,687,23,"void rajaperf::apps::pressurecalc2<256ul>(double*, double*, double*, double*, double, double, double, long)",687,104130998426064,104130998455504,0,0,12,4,32,256,1,1,1000192,1,1
"KERNEL_DISPATCH","Agent 4",2,1,205945,688,22,"void rajaperf::apps::pressurecalc1<256ul>(double*, double*, double, long)",688,104130998455504,104130998468944,0,0,8,0,32,256,1,1,1000192,1,1
"KERNEL_DISPATCH","Agent 4",2,1,205945,689,23,"void rajaperf::apps::pressurecalc2<256ul>(double*, double*, double*, double*, double, double, double, long)",689,104130998468944,104130998498384,0,0,12,4,32,256,1,1,1000192,1,1
"KERNEL_DISPATCH","Agent 4",2,1,205945,690,22,"void rajaperf::apps::pressurecalc1<256ul>(double*, double*, double, long)",690,104130998498384,104130998511984,0,0,8,0,32,256,1,1,1000192,1,1
"KERNEL_DISPATCH","Agent 4",2,1,205945,691,23,"void rajaperf::apps::pressurecalc2<256ul>(double*, double*, double*, double*, double, double, double, long)",691,104130998511984,104130998541904,0,0,12,4,32,256,1,1,1000192,1,1
"KERNEL_DISPATCH","Agent 4",2,1,205945,692,22,"void rajaperf::apps::pressurecalc1<256ul>(double*, double*, double, long)",692,104130998541904,104130998555184,0,0,8,0,32,256,1,1,1000192,1,1
"KERNEL_DISPATCH","Agent 4",2,1,205945,693,23,"void rajaperf::apps::pressurecalc2<256ul>(double*, double*, double*, double*, double, double, double, long)",693,104130998555184,104130998584625,0,0,12,4,32,256,1,1,1000192,1,1
"KERNEL_DISPATCH","Agent 4",2,1,205945,694,22,"void rajaperf::apps::pressurecalc1<256ul>(double*, double*, double, long)",694,104130998584625,104130998597905,0,0,8,0,32,256,1,1,1000192,1,1
"KERNEL_DISPATCH","Agent 4",2,1,205945,695,23,"void rajaperf::apps::pressurecalc2<256ul>(double*, double*, double*, double*, double, double, double, long)",695,104130998597905,104130998627825,0,0,12,4,32,256,1,1,1000192,1,1
"KERNEL_DISPATCH","Agent 4",2,1,205945,696,22,"void rajaperf::apps::pressurecalc1<256ul>(double*, double*, double, long)",696,104130998627825,104130998641265,0,0,8,0,32,256,1,1,1000192,1,1
"KERNEL_DISPATCH","Agent 4",2,1,205945,697,23,"void rajaperf::apps::pressurecalc2<256ul>(double*, double*, double*, double*, double, double, double, long)",697,104130998641265,104130998670705,0,0,12,4,32,256,1,1,1000192,1,1
"KERNEL_DISPATCH","Agent 4",2,1,205945,698,22,"void rajaperf::apps::pressurecalc1<256ul>(double*, double*, double, long)",698,104130998670705,104130998684145,0,0,8,0,32,256,1,1,1000192,1,1
"KERNEL_DISPATCH","Agent 4",2,1,205945,699,23,"void rajaperf::apps::pressurecalc2<256ul>(double*, double*, double*, double*, double, double, double, long)",699,104130998684145,104130998713585,0,0,12,4,32,256,1,1,1000192,1,1
"KERNEL_DISPATCH","Agent 4",2,1,205945,700,22,"void rajaperf::apps::pressurecalc1<256ul>(double*, double*, double, long)",700,104130998713585,104130998726706,0,0,8,0,32,256,1,1,1000192,1,1
"KERNEL_DISPATCH","Agent 4",2,1,205945,701,23,"void rajaperf::apps::pressurecalc2<256ul>(double*, double*, double*, double*, double, double, double, long)",701,104130998726706,104130998756626,0,0,12,4,32,256,1,1,1000192,1,1
"KERNEL_DISPATCH","Agent 4",2,1,205945,702,22,"void rajaperf::apps::pressurecalc1<256ul>(double*, double*, double, long)",702,104130998756626,104130998769906,0,0,8,0,32,256,1,1,1000192,1,1
"KERNEL_DISPATCH","Agent 4",2,1,205945,703,23,"void rajaperf::apps::pressurecalc2<256ul>(double*, double*, double*, double*, double, double, double, long)",703,104130998769906,104130998799666,0,0,12,4,32,256,1,1,1000192,1,1
"KERNEL_DISPATCH","Agent 4",2,1,205945,704,22,"void rajaperf::apps::pressurecalc1<256ul>(double*, double*, double, long)",704,104130998799666,104130998813106,0,0,8,0,32,256,1,1,1000192,1,1
"KERNEL_DISPATCH","Agent 4",2,1,205945,705,23,"void rajaperf::apps::pressurecalc2<256ul>(double*, double*, double*, double*, double, double, double, long)",705,104130998813106,104130998842706,0,0,12,4,32,256,1,1,1000192,1,1
"KERNEL_DISPATCH","Agent 4",2,1,205945,706,22,"void rajaperf::apps::pressurecalc1<256ul>(double*, double*, double, long)",706,104130998842706,104130998856306,0,0,8,0,32,256,1,1,1000192,1,1
"KERNEL_DISPATCH","Agent 4",2,1,205945,707,23,"void rajaperf::apps::pressurecalc2<256ul>(double*, double*, double*, double*, double, double, double, long)",707,104130998856306,104130998886066,0,0,12,4,32,256,1,1,1000192,1,1
"KERNEL_DISPATCH","Agent 4",2,1,205945,708,22,"void rajaperf::apps::pressurecalc1<256ul>(double*, double*, double, long)",708,104130998886066,104130998899507,0,0,8,0,32,256,1,1,1000192,1,1
"KERNEL_DISPATCH","Agent 4",2,1,205945,709,23,"void rajaperf::apps::pressurecalc2<256ul>(double*, double*, double*, double*, double, double, double, long)",709,104130998899507,104130998929267,0,0,12,4,32,256,1,1,1000192,1,1
"KERNEL_DISPATCH","Agent 4",2,1,205945,710,22,"void rajaperf::apps::pressurecalc1<256ul>(double*, double*, double, long)",710,104130998929267,104130998942547,0,0,8,0,32,256,1,1,1000192,1,1
"KERNEL_DISPATCH","Agent 4",2,1,205945,711,23,"void rajaperf::apps::pressurecalc2<256ul>(double*, double*, double*, double*, double, double, double, long)",711,104130998942547,104130998972147,0,0,12,4,32,256,1,1,1000192,1,1
"KERNEL_DISPATCH","Agent 4",2,1,205945,712,22,"void rajaperf::apps::pressurecalc1<256ul>(double*, double*, double, long)",712,104130998972147,104130998985587,0,0,8,0,32,256,1,1,1000192,1,1
"KERNEL_DISPATCH","Agent 4",2,1,205945,713,23,"void rajaperf::apps::pressurecalc2<256ul>(double*, double*, double*, double*, double, double, double, long)",713,104130998985587,104130999015347,0,0,12,4,32,256,1,1,1000192,1,1
"KERNEL_DISPATCH","Agent 4",2,1,205945,714,22,"void rajaperf::apps::pressurecalc1<256ul>(double*, double*, double, long)",714,104130999015347,104130999028627,0,0,8,0,32,256,1,1,1000192,1,1
"KERNEL_DISPATCH","Agent 4",2,1,205945,715,23,"void rajaperf::apps::pressurecalc2<256ul>(double*, double*, double*, double*, double, double, double, long)",715,104130999028627,104130999058228,0,0,12,4,32,256,1,1,1000192,1,1
"KERNEL_DISPATCH","Agent 4",2,1,205945,716,22,"void rajaperf::apps::pressurecalc1<256ul>(double*, double*, double, long)",716,104130999058228,104130999071828,0,0,8,0,32,256,1,1,1000192,1,1
"KERNEL_DISPATCH","Agent 4",2,1,205945,717,23,"void rajaperf::apps::pressurecalc2<256ul>(double*, double*, double*, double*, double, double, double, long)",717,104130999071828,104130999101108,0,0,12,4,32,256,1,1,1000192,1,1
"KERNEL_DISPATCH","Agent 4",2,1,205945,718,22,"void rajaperf::apps::pressurecalc1<256ul>(double*, double*, double, long)",718,104130999101108,104130999114388,0,0,8,0,32,256,1,1,1000192,1,1
"KERNEL_DISPATCH","Agent 4",2,1,205945,719,23,"void rajaperf::apps::pressurecalc2<256ul>(double*, double*, double*, double*, double, double, double, long)",719,104130999114388,104130999144148,0,0,12,4,32,256,1,1,1000192,1,1
"KERNEL_DISPATCH","Agent 4",2,1,205945,720,22,"void rajaperf::apps::pressurecalc1<256ul>(double*, double*, double, long)",720,104130999144148,104130999157588,0,0,8,0,32,256,1,1,1000192,1,1
"KERNEL_DISPATCH","Agent 4",2,1,205945,721,23,"void rajaperf::apps::pressurecalc2<256ul>(double*, double*, double*, double*, double, double, double, long)",721,104130999157588,104130999187028,0,0,12,4,32,256,1,1,1000192,1,1
"KERNEL_DISPATCH","Agent 4",2,1,205945,722,22,"void rajaperf::apps::pressurecalc1<256ul>(double*, double*, double, long)",722,104130999187028,104130999200468,0,0,8,0,32,256,1,1,1000192,1,1
"KERNEL_DISPATCH","Agent 4",2,1,205945,723,23,"void rajaperf::apps::pressurecalc2<256ul>(double*, double*, double*, double*, double, double, double, long)",723,104130999200468,104130999230229,0,0,12,4,32,256,1,1,1000192,1,1
"KERNEL_DISPATCH","Agent 4",2,1,205945,724,22,"void rajaperf::apps::pressurecalc1<256ul>(double*, double*, double, long)",724,104130999230229,104130999243829,0,0,8,0,32,256,1,1,1000192,1,1
"KERNEL_DISPATCH","Agent 4",2,1,205945,725,23,"void rajaperf::apps::pressurecalc2<256ul>(double*, double*, double*, double*, double, double, double, long)",725,104130999243829,104130999273109,0,0,12,4,32,256,1,1,1000192,1,1
"KERNEL_DISPATCH","Agent 4",2,1,205945,726,22,"void rajaperf::apps::pressurecalc1<256ul>(double*, double*, double, long)",726,104130999273109,104130999286389,0,0,8,0,32,256,1,1,1000192,1,1
"KERNEL_DISPATCH","Agent 4",2,1,205945,727,23,"void rajaperf::apps::pressurecalc2<256ul>(double*, double*, double*, double*, double, double, double, long)",727,104130999286389,104130999316309,0,0,12,4,32,256,1,1,1000192,1,1
"KERNEL_DISPATCH","Agent 4",2,1,205945,728,22,"void rajaperf::apps::pressurecalc1<256ul>(double*, double*, double, long)",728,104130999316309,104130999329749,0,0,8,0,32,256,1,1,1000192,1,1
"KERNEL_DISPATCH","Agent 4",2,1,205945,729,23,"void rajaperf::apps::pressurecalc2<256ul>(double*, double*, double*, double*, double, double, double, long)",729,104130999329749,104130999359349,0,0,12,4,32,256,1,1,1000192,1,1
"KERNEL_DISPATCH","Agent 4",2,1,205945,730,22,"void rajaperf::apps::pressurecalc1<256ul>(double*, double*, double, long)",730,104130999359349,104130999372949,0,0,8,0,32,256,1,1,1000192,1,1
"KERNEL_DISPATCH","Agent 4",2,1,205945,731,23,"void rajaperf::apps::pressurecalc2<256ul>(double*, double*, double*, double*, double, double, double, long)",731,104130999372949,104130999402550,0,0,12,4,32,256,1,1,1000192,1,1
"KERNEL_DISPATCH","Agent 4",2,1,205945,732,22,"void rajaperf::apps::pressurecalc1<256ul>(double*, double*, double, long)",732,104130999402550,104130999415670,0,0,8,0,32,256,1,1,1000192,1,1
"KERNEL_DISPATCH","Agent 4",2,1,205945,733,23,"void rajaperf::apps::pressurecalc2<256ul>(double*, double*, double*, double*, double, double, double, long)",733,104130999415670,104130999445430,0,0,12,4,32,256,1,1,1000192,1,1
"KERNEL_DISPATCH","Agent 4",2,1,205945,734,22,"void rajaperf::apps::pressurecalc1<256ul>(double*, double*, double, long)",734,104130999445430,104130999458870,0,0,8,0,32,256,1,1,1000192,1,1
"KERNEL_DISPATCH","Agent 4",2,1,205945,735,23,"void rajaperf::apps::pressurecalc2<256ul>(double*, double*, double*, double*, double, double, double, long)",735,104130999458870,104130999488310,0,0,12,4,32,256,1,1,1000192,1,1
"KERNEL_DISPATCH","Agent 4",2,1,205945,736,22,"void rajaperf::apps::pressurecalc1<256ul>(double*, double*, double, long)",736,104130999488310,104130999501750,0,0,8,0,32,256,1,1,1000192,1,1
"KERNEL_DISPATCH","Agent 4",2,1,205945,737,23,"void rajaperf::apps::pressurecalc2<256ul>(double*, double*, double*, double*, double, double, double, long)",737,104130999501750,104130999531350,0,0,12,4,32,256,1,1,1000192,1,1
"KERNEL_DISPATCH","Agent 4",2,1,205945,738,22,"void rajaperf::apps::pressurecalc1<256ul>(double*, double*, double, long)",738,104130999531350,104130999544950,0,0,8,0,32,256,1,1,1000192,1,1
"KERNEL_DISPATCH","Agent 4",2,1,205945,739,23,"void rajaperf::apps::pressurecalc2<256ul>(double*, double*, double*, double*, double, double, double, long)",739,104130999544950,104130999574551,0,0,12,4,32,256,1,1,1000192,1,1
"KERNEL_DISPATCH","Agent 4",2,1,205945,740,22,"void rajaperf::apps::pressurecalc1<256ul>(double*, double*, double, long)",740,104130999574551,104130999588151,0,0,8,0,32,256,1,1,1000192,1,1
"KERNEL_DISPATCH","Agent 4",2,1,205945,741,23,"void rajaperf::apps::pressurecalc2<256ul>(double*, double*, double*, double*, double, double, double, long)",741,104130999588151,104130999617431,0,0,12,4,32,256,1,1,1000192,1,1
"KERNEL_DISPATCH","Agent 4",2,1,205945,742,22,"void rajaperf::apps::pressurecalc1<256ul>(double*, double*, double, long)",742,104130999617431,104130999631191,0,0,8,0,32,256,1,1,1000192,1,1
"KERNEL_DISPATCH","Agent 4",2,1,205945,743,23,"void rajaperf::apps::pressurecalc2<256ul>(double*, double*, double*, double*, double, double, double, long)",743,104130999631191,104130999660951,0,0,12,4,32,256,1,1,1000192,1,1
"KERNEL_DISPATCH","Agent 4",2,1,205945,744,22,"void rajaperf::apps::pressurecalc1<256ul>(double*, double*, double, long)",744,104130999660951,104130999674071,0,0,8,0,32,256,1,1,1000192,1,1
"KERNEL_DISPATCH","Agent 4",2,1,205945,745,23,"void rajaperf::apps::pressurecalc2<256ul>(double*, double*, double*, double*, double, double, double, long)",745,104130999674071,104130999703831,0,0,12,4,32,256,1,1,1000192,1,1
"KERNEL_DISPATCH","Agent 4",2,1,205945,746,22,"void rajaperf::apps::pressurecalc1<256ul>(double*, double*, double, long)",746,104130999703831,104130999716952,0,0,8,0,32,256,1,1,1000192,1,1
"KERNEL_DISPATCH","Agent 4",2,1,205945,747,23,"void rajaperf::apps::pressurecalc2<256ul>(double*, double*, double*, double*, double, double, double, long)",747,104130999716952,104130999746872,0,0,12,4,32,256,1,1,1000192,1,1
"KERNEL_DISPATCH","Agent 4",2,1,205945,748,22,"void rajaperf::apps::pressurecalc1<256ul>(double*, double*, double, long)",748,104130999746872,104130999760152,0,0,8,0,32,256,1,1,1000192,1,1
"KERNEL_DISPATCH","Agent 4",2,1,205945,749,23,"void rajaperf::apps::pressurecalc2<256ul>(double*, double*, double*, double*, double, double, double, long)",749,104130999760152,104130999789752,0,0,12,4,32,256,1,1,1000192,1,1
"KERNEL_DISPATCH","Agent 4",2,1,205945,750,22,"void rajaperf::apps::pressurecalc1<256ul>(double*, double*, double, long)",750,104130999789752,104130999803032,0,0,8,0,32,256,1,1,1000192,1,1
"KERNEL_DISPATCH","Agent 4",2,1,205945,751,23,"void rajaperf::apps::pressurecalc2<256ul>(double*, double*, double*, double*, double, double, double, long)",751,104130999803032,104130999832952,0,0,12,4,32,256,1,1,1000192,1,1
"KERNEL_DISPATCH","Agent 4",2,1,205945,752,22,"void rajaperf::apps::pressurecalc1<256ul>(double*, double*, double, long)",752,104130999832952,104130999846552,0,0,8,0,32,256,1,1,1000192,1,1
"KERNEL_DISPATCH","Agent 4",2,1,205945,753,23,"void rajaperf::apps::pressurecalc2<256ul>(double*, double*, double*, double*, double, double, double, long)",753,104130999846552,104130999876312,0,0,12,4,32,256,1,1,1000192,1,1
"KERNEL_DISPATCH","Agent 4",2,1,205945,754,22,"void rajaperf::apps::pressurecalc1<256ul>(double*, double*, double, long)",754,104130999876312,104130999890073,0,0,8,0,32,256,1,1,1000192,1,1
"KERNEL_DISPATCH","Agent 4",2,1,205945,755,23,"void rajaperf::apps::pressurecalc2<256ul>(double*, double*, double*, double*, double, double, double, long)",755,104130999890073,104130999919993,0,0,12,4,32,256,1,1,1000192,1,1
"KERNEL_DISPATCH","Agent 4",2,1,205945,756,22,"void rajaperf::apps::pressurecalc1<256ul>(double*, double*, double, long)",756,104130999919993,104130999933433,0,0,8,0,32,256,1,1,1000192,1,1
"KERNEL_DISPATCH","Agent 4",2,1,205945,757,23,"void rajaperf::apps::pressurecalc2<256ul>(double*, double*, double*, double*, double, double, double, long)",757,104130999933433,104130999962553,0,0,12,4,32,256,1,1,1000192,1,1
"KERNEL_DISPATCH","Agent 4",2,1,205945,758,22,"void rajaperf::apps::pressurecalc1<256ul>(double*, double*, double, long)",758,104130999962553,104130999975993,0,0,8,0,32,256,1,1,1000192,1,1
"KERNEL_DISPATCH","Agent 4",2,1,205945,759,23,"void rajaperf::apps::pressurecalc2<256ul>(double*, double*, double*, double*, double, double, double, long)",759,104130999975993,104131000005433,0,0,12,4,32,256,1,1,1000192,1,1
"KERNEL_DISPATCH","Agent 4",2,1,205945,760,22,"void rajaperf::apps::pressurecalc1<256ul>(double*, double*, double, long)",760,104131000005433,104131000018713,0,0,8,0,32,256,1,1,1000192,1,1
"KERNEL_DISPATCH","Agent 4",2,1,205945,761,23,"void rajaperf::apps::pressurecalc2<256ul>(double*, double*, double*, double*, double, double, double, long)",761,104131000018713,104131000048314,0,0,12,4,32,256,1,1,1000192,1,1
"KERNEL_DISPATCH","Agent 4",2,1,205945,762,22,"void rajaperf::apps::pressurecalc1<256ul>(double*, double*, double, long)",762,104131000048314,104131000061914,0,0,8,0,32,256,1,1,1000192,1,1
"KERNEL_DISPATCH","Agent 4",2,1,205945,763,23,"void rajaperf::apps::pressurecalc2<256ul>(double*, double*, double*, double*, double, double, double, long)",763,104131000061914,104131000091834,0,0,12,4,32,256,1,1,1000192,1,1
"KERNEL_DISPATCH","Agent 4",2,1,205945,764,22,"void rajaperf::apps::pressurecalc1<256ul>(double*, double*, double, long)",764,104131000091834,104131000104954,0,0,8,0,32,256,1,1,1000192,1,1
"KERNEL_DISPATCH","Agent 4",2,1,205945,765,23,"void rajaperf::apps::pressurecalc2<256ul>(double*, double*, double*, double*, double, double, double, long)",765,104131000104954,104131000134554,0,0,12,4,32,256,1,1,1000192,1,1
"KERNEL_DISPATCH","Agent 4",2,1,205945,766,22,"void rajaperf::apps::pressurecalc1<256ul>(double*, double*, double, long)",766,104131000134554,104131000147834,0,0,8,0,32,256,1,1,1000192,1,1
"KERNEL_DISPATCH","Agent 4",2,1,205945,767,23,"void rajaperf::apps::pressurecalc2<256ul>(double*, double*, double*, double*, double, double, double, long)",767,104131000147834,104131000177274,0,0,12,4,32,256,1,1,1000192,1,1
"KERNEL_DISPATCH","Agent 4",2,1,205945,768,22,"void rajaperf::apps::pressurecalc1<256ul>(double*, double*, double, long)",768,104131000177274,104131000190714,0,0,8,0,32,256,1,1,1000192,1,1
"KERNEL_DISPATCH","Agent 4",2,1,205945,769,23,"void rajaperf::apps::pressurecalc2<256ul>(double*, double*, double*, double*, double, double, double, long)",769,104131000190714,104131000220315,0,0,12,4,32,256,1,1,1000192,1,1
"KERNEL_DISPATCH","Agent 4",2,1,205945,770,22,"void rajaperf::apps::pressurecalc1<256ul>(double*, double*, double, long)",770,104131000220315,104131000234555,0,0,8,0,32,256,1,1,1000192,1,1
"KERNEL_DISPATCH","Agent 4",2,1,205945,771,23,"void rajaperf::apps::pressurecalc2<256ul>(double*, double*, double*, double*, double, double, double, long)",771,104131000234555,104131000263995,0,0,12,4,32,256,1,1,1000192,1,1
"KERNEL_DISPATCH","Agent 4",2,1,205945,772,22,"void rajaperf::apps::pressurecalc1<256ul>(double*, double*, double, long)",772,104131000263995,104131000277435,0,0,8,0,32,256,1,1,1000192,1,1
"KERNEL_DISPATCH","Agent 4",2,1,205945,773,23,"void rajaperf::apps::pressurecalc2<256ul>(double*, double*, double*, double*, double, double, double, long)",773,104131000277435,104131000306715,0,0,12,4,32,256,1,1,1000192,1,1
"KERNEL_DISPATCH","Agent 4",2,1,205945,774,22,"void rajaperf::apps::pressurecalc1<256ul>(double*, double*, double, long)",774,104131000306715,104131000320315,0,0,8,0,32,256,1,1,1000192,1,1
"KERNEL_DISPATCH","Agent 4",2,1,205945,775,23,"void rajaperf::apps::pressurecalc2<256ul>(double*, double*, double*, double*, double, double, double, long)",775,104131000320315,104131000349435,0,0,12,4,32,256,1,1,1000192,1,1
"KERNEL_DISPATCH","Agent 4",2,1,205945,776,22,"void rajaperf::apps::pressurecalc1<256ul>(double*, double*, double, long)",776,104131000349435,104131000363195,0,0,8,0,32,256,1,1,1000192,1,1
"KERNEL_DISPATCH","Agent 4",2,1,205945,777,23,"void rajaperf::apps::pressurecalc2<256ul>(double*, double*, double*, double*, double, double, double, long)",777,104131000363195,104131000393436,0,0,12,4,32,256,1,1,1000192,1,1
"KERNEL_DISPATCH","Agent 4",2,1,205945,778,22,"void rajaperf::apps::pressurecalc1<256ul>(double*, double*, double, long)",778,104131000393436,104131000406876,0,0,8,0,32,256,1,1,1000192,1,1
"KERNEL_DISPATCH","Agent 4",2,1,205945,779,23,"void rajaperf::apps::pressurecalc2<256ul>(double*, double*, double*, double*, double, double, double, long)",779,104131000406876,104131000436316,0,0,12,4,32,256,1,1,1000192,1,1
"KERNEL_DISPATCH","Agent 4",2,1,205945,780,22,"void rajaperf::apps::pressurecalc1<256ul>(double*, double*, double, long)",780,104131000436316,104131000449756,0,0,8,0,32,256,1,1,1000192,1,1
"KERNEL_DISPATCH","Agent 4",2,1,205945,781,23,"void rajaperf::apps::pressurecalc2<256ul>(double*, double*, double*, double*, double, double, double, long)",781,104131000449756,104131000479356,0,0,12,4,32,256,1,1,1000192,1,1
"KERNEL_DISPATCH","Agent 4",2,1,205945,782,22,"void rajaperf::apps::pressurecalc1<256ul>(double*, double*, double, long)",782,104131000479356,104131000492956,0,0,8,0,32,256,1,1,1000192,1,1
"KERNEL_DISPATCH","Agent 4",2,1,205945,783,23,"void rajaperf::apps::pressurecalc2<256ul>(double*, double*, double*, double*, double, double, double, long)",783,104131000492956,104131000522236,0,0,12,4,32,256,1,1,1000192,1,1
"KERNEL_DISPATCH","Agent 4",2,1,205945,784,22,"void rajaperf::apps::pressurecalc1<256ul>(double*, double*, double, long)",784,104131000522236,104131000535836,0,0,8,0,32,256,1,1,1000192,1,1
"KERNEL_DISPATCH","Agent 4",2,1,205945,785,23,"void rajaperf::apps::pressurecalc2<256ul>(double*, double*, double*, double*, double, double, double, long)",785,104131000535836,104131000565437,0,0,12,4,32,256,1,1,1000192,1,1
"KERNEL_DISPATCH","Agent 4",2,1,205945,786,22,"void rajaperf::apps::pressurecalc1<256ul>(double*, double*, double, long)",786,104131000565437,104131000578557,0,0,8,0,32,256,1,1,1000192,1,1
"KERNEL_DISPATCH","Agent 4",2,1,205945,787,23,"void rajaperf::apps::pressurecalc2<256ul>(double*, double*, double*, double*, double, double, double, long)",787,104131000578557,104131000608797,0,0,12,4,32,256,1,1,1000192,1,1
"KERNEL_DISPATCH","Agent 4",2,1,205945,788,22,"void rajaperf::apps::pressurecalc1<256ul>(double*, double*, double, long)",788,104131000608797,104131000622237,0,0,8,0,32,256,1,1,1000192,1,1
"KERNEL_DISPATCH","Agent 4",2,1,205945,789,23,"void rajaperf::apps::pressurecalc2<256ul>(double*, double*, double*, double*, double, double, double, long)",789,104131000622237,104131000651677,0,0,12,4,32,256,1,1,1000192,1,1
"KERNEL_DISPATCH","Agent 4",2,1,205945,790,22,"void rajaperf::apps::pressurecalc1<256ul>(double*, double*, double, long)",790,104131000651677,104131000665437,0,0,8,0,32,256,1,1,1000192,1,1
"KERNEL_DISPATCH","Agent 4",2,1,205945,791,23,"void rajaperf::apps::pressurecalc2<256ul>(double*, double*, double*, double*, double, double, double, long)",791,104131000665437,104131000695517,0,0,12,4,32,256,1,1,1000192,1,1
"KERNEL_DISPATCH","Agent 4",2,1,205945,792,22,"void rajaperf::apps::pressurecalc1<256ul>(double*, double*, double, long)",792,104131000695517,104131000708797,0,0,8,0,32,256,1,1,1000192,1,1
"KERNEL_DISPATCH","Agent 4",2,1,205945,793,23,"void rajaperf::apps::pressurecalc2<256ul>(double*, double*, double*, double*, double, double, double, long)",793,104131000708797,104131000738558,0,0,12,4,32,256,1,1,1000192,1,1
"KERNEL_DISPATCH","Agent 4",2,1,205945,794,22,"void rajaperf::apps::pressurecalc1<256ul>(double*, double*, double, long)",794,104131000738558,104131000751838,0,0,8,0,32,256,1,1,1000192,1,1
"KERNEL_DISPATCH","Agent 4",2,1,205945,795,23,"void rajaperf::apps::pressurecalc2<256ul>(double*, double*, double*, double*, double, double, double, long)",795,104131000751838,104131000781758,0,0,12,4,32,256,1,1,1000192,1,1
"KERNEL_DISPATCH","Agent 4",2,1,205945,796,22,"void rajaperf::apps::pressurecalc1<256ul>(double*, double*, double, long)",796,104131000781758,104131000794558,0,0,8,0,32,256,1,1,1000192,1,1
"KERNEL_DISPATCH","Agent 4",2,1,205945,797,23,"void rajaperf::apps::pressurecalc2<256ul>(double*, double*, double*, double*, double, double, double, long)",797,104131000794558,104131000823838,0,0,12,4,32,256,1,1,1000192,1,1
"KERNEL_DISPATCH","Agent 4",2,1,205945,798,22,"void rajaperf::apps::pressurecalc1<256ul>(double*, double*, double, long)",798,104131000823838,104131000837278,0,0,8,0,32,256,1,1,1000192,1,1
"KERNEL_DISPATCH","Agent 4",2,1,205945,799,23,"void rajaperf::apps::pressurecalc2<256ul>(double*, double*, double*, double*, double, double, double, long)",799,104131000837278,104131000866558,0,0,12,4,32,256,1,1,1000192,1,1
"KERNEL_DISPATCH","Agent 4",2,1,205945,800,22,"void rajaperf::apps::pressurecalc1<256ul>(double*, double*, double, long)",800,104131000866558,104131000879999,0,0,8,0,32,256,1,1,1000192,1,1
"KERNEL_DISPATCH","Agent 4",2,1,205945,801,23,"void rajaperf::apps::pressurecalc2<256ul>(double*, double*, double*, double*, double, double, double, long)",801,104131000879999,104131000909919,0,0,12,4,32,256,1,1,1000192,1,1
"KERNEL_DISPATCH","Agent 4",2,1,205945,802,22,"void rajaperf::apps::pressurecalc1<256ul>(double*, double*, double, long)",802,104131000909919,104131000923679,0,0,8,0,32,256,1,1,1000192,1,1
"KERNEL_DISPATCH","Agent 4",2,1,205945,803,23,"void rajaperf::apps::pressurecalc2<256ul>(double*, double*, double*, double*, double, double, double, long)",803,104131000923679,104131000953279,0,0,12,4,32,256,1,1,1000192,1,1
"KERNEL_DISPATCH","Agent 4",2,1,205945,804,22,"void rajaperf::apps::pressurecalc1<256ul>(double*, double*, double, long)",804,104131000953279,104131000966399,0,0,8,0,32,256,1,1,1000192,1,1
"KERNEL_DISPATCH","Agent 4",2,1,205945,805,23,"void rajaperf::apps::pressurecalc2<256ul>(double*, double*, double*, double*, double, double, double, long)",805,104131000966399,104131000996319,0,0,12,4,32,256,1,1,1000192,1,1
"KERNEL_DISPATCH","Agent 4",2,1,205945,806,22,"void rajaperf::apps::pressurecalc1<256ul>(double*, double*, double, long)",806,104131000996319,104131001010239,0,0,8,0,32,256,1,1,1000192,1,1
"KERNEL_DISPATCH","Agent 4",2,1,205945,807,23,"void rajaperf::apps::pressurecalc2<256ul>(double*, double*, double*, double*, double, double, double, long)",807,104131001010239,104131001039679,0,0,12,4,32,256,1,1,1000192,1,1
"KERNEL_DISPATCH","Agent 4",2,1,205945,808,22,"void rajaperf::apps::pressurecalc1<256ul>(double*, double*, double, long)",808,104131001039679,104131001053120,0,0,8,0,32,256,1,1,1000192,1,1
"KERNEL_DISPATCH","Agent 4",2,1,205945,809,23,"void rajaperf::apps::pressurecalc2<256ul>(double*, double*, double*, double*, double, double, double, long)",809,104131001053120,104131001083040,0,0,12,4,32,256,1,1,1000192,1,1
"KERNEL_DISPATCH","Agent 4",2,1,205945,810,22,"void rajaperf::apps::pressurecalc1<256ul>(double*, double*, double, long)",810,104131001083040,104131001096640,0,0,8,0,32,256,1,1,1000192,1,1
"KERNEL_DISPATCH","Agent 4",2,1,205945,811,23,"void rajaperf::apps::pressurecalc2<256ul>(double*, double*, double*, double*, double, double, double, long)",811,104131001096640,104131001125920,0,0,12,4,32,256,1,1,1000192,1,1
"KERNEL_DISPATCH","Agent 4",2,1,205945,812,22,"void rajaperf::apps::pressurecalc1<256ul>(double*, double*, double, long)",812,104131001125920,104131001139360,0,0,8,0,32,256,1,1,1000192,1,1
"KERNEL_DISPATCH","Agent 4",2,1,205945,813,23,"void rajaperf::apps::pressurecalc2<256ul>(double*, double*, double*, double*, double, double, double, long)",813,104131001139360,104131001169120,0,0,12,4,32,256,1,1,1000192,1,1
"KERNEL_DISPATCH","Agent 4",2,1,205945,814,22,"void rajaperf::apps::pressurecalc1<256ul>(double*, double*, double, long)",814,104131001169120,104131001182240,0,0,8,0,32,256,1,1,1000192,1,1
"KERNEL_DISPATCH","Agent 4",2,1,205945,815,23,"void rajaperf::apps::pressurecalc2<256ul>(double*, double*, double*, double*, double, double, double, long)",815,104131001182240,104131001212161,0,0,12,4,32,256,1,1,1000192,1,1
"KERNEL_DISPATCH","Agent 4",2,1,205945,816,22,"void rajaperf::apps::pressurecalc1<256ul>(double*, double*, double, long)",816,104131001212161,104131001225441,0,0,8,0,32,256,1,1,1000192,1,1
"KERNEL_DISPATCH","Agent 4",2,1,205945,817,23,"void rajaperf::apps::pressurecalc2<256ul>(double*, double*, double*, double*, double, double, double, long)",817,104131001225441,104131001255201,0,0,12,4,32,256,1,1,1000192,1,1
"KERNEL_DISPATCH","Agent 4",2,1,205945,818,22,"void rajaperf::apps::pressurecalc1<256ul>(double*, double*, double, long)",818,104131001255201,104131001268641,0,0,8,0,32,256,1,1,1000192,1,1
"KERNEL_DISPATCH","Agent 4",2,1,205945,819,23,"void rajaperf::apps::pressurecalc2<256ul>(double*, double*, double*, double*, double, double, double, long)",819,104131001268641,104131001298081,0,0,12,4,32,256,1,1,1000192,1,1
"KERNEL_DISPATCH","Agent 4",2,1,205945,820,22,"void rajaperf::apps::pressurecalc1<256ul>(double*, double*, double, long)",820,104131001298081,104131001311361,0,0,8,0,32,256,1,1,1000192,1,1
"KERNEL_DISPATCH","Agent 4",2,1,205945,821,23,"void rajaperf::apps::pressurecalc2<256ul>(double*, double*, double*, double*, double, double, double, long)",821,104131001311361,104131001340961,0,0,12,4,32,256,1,1,1000192,1,1
"KERNEL_DISPATCH","Agent 4",2,1,205945,822,22,"void rajaperf::apps::pressurecalc1<256ul>(double*, double*, double, long)",822,104131001340961,104131001354561,0,0,8,0,32,256,1,1,1000192,1,1
"KERNEL_DISPATCH","Agent 4",2,1,205945,823,23,"void rajaperf::apps::pressurecalc2<256ul>(double*, double*, double*, double*, double, double, double, long)",823,104131001354561,104131001384002,0,0,12,4,32,256,1,1,1000192,1,1
"KERNEL_DISPATCH","Agent 4",2,1,205945,824,22,"void rajaperf::apps::pressurecalc1<256ul>(double*, double*, double, long)",824,104131001384002,104131001397442,0,0,8,0,32,256,1,1,1000192,1,1
"KERNEL_DISPATCH","Agent 4",2,1,205945,825,23,"void rajaperf::apps::pressurecalc2<256ul>(double*, double*, double*, double*, double, double, double, long)",825,104131001397442,104131001427042,0,0,12,4,32,256,1,1,1000192,1,1
"KERNEL_DISPATCH","Agent 4",2,1,205945,826,22,"void rajaperf::apps::pressurecalc1<256ul>(double*, double*, double, long)",826,104131001427042,104131001440322,0,0,8,0,32,256,1,1,1000192,1,1
"KERNEL_DISPATCH","Agent 4",2,1,205945,827,23,"void rajaperf::apps::pressurecalc2<256ul>(double*, double*, double*, double*, double, double, double, long)",827,104131001440322,104131001469762,0,0,12,4,32,256,1,1,1000192,1,1
"KERNEL_DISPATCH","Agent 4",2,1,205945,828,22,"void rajaperf::apps::pressurecalc1<256ul>(double*, double*, double, long)",828,104131001469762,104131001483362,0,0,8,0,32,256,1,1,1000192,1,1
"KERNEL_DISPATCH","Agent 4",2,1,205945,829,23,"void rajaperf::apps::pressurecalc2<256ul>(double*, double*, double*, double*, double, double, double, long)",829,104131001483362,104131001512962,0,0,12,4,32,256,1,1,1000192,1,1
"KERNEL_DISPATCH","Agent 4",2,1,205945,830,22,"void rajaperf::apps::pressurecalc1<256ul>(double*, double*, double, long)",830,104131001512962,104131001526242,0,0,8,0,32,256,1,1,1000192,1,1
"KERNEL_DISPATCH","Agent 4",2,1,205945,831,23,"void rajaperf::apps::pressurecalc2<256ul>(double*, double*, double*, double*, double, double, double, long)",831,104131001526242,104131001555523,0,0,12,4,32,256,1,1,1000192,1,1
"KERNEL_DISPATCH","Agent 4",2,1,205945,832,22,"void rajaperf::apps::pressurecalc1<256ul>(double*, double*, double, long)",832,104131001555523,104131001568963,0,0,8,0,32,256,1,1,1000192,1,1
"KERNEL_DISPATCH","Agent 4",2,1,205945,833,23,"void rajaperf::apps::pressurecalc2<256ul>(double*, double*, double*, double*, double, double, double, long)",833,104131001568963,104131001598563,0,0,12,4,32,256,1,1,1000192,1,1
"KERNEL_DISPATCH","Agent 4",2,1,205945,834,22,"void rajaperf::apps::pressurecalc1<256ul>(double*, double*, double, long)",834,104131001598563,104131001612003,0,0,8,0,32,256,1,1,1000192,1,1
"KERNEL_DISPATCH","Agent 4",2,1,205945,835,23,"void rajaperf::apps::pressurecalc2<256ul>(double*, double*, double*, double*, double, double, double, long)",835,104131001612003,104131001641443,0,0,12,4,32,256,1,1,1000192,1,1
"KERNEL_DISPATCH","Agent 4",2,1,205945,836,22,"void rajaperf::apps::pressurecalc1<256ul>(double*, double*, double, long)",836,104131001641443,104131001654723,0,0,8,0,32,256,1,1,1000192,1,1
"KERNEL_DISPATCH","Agent 4",2,1,205945,837,23,"void rajaperf::apps::pressurecalc2<256ul>(double*, double*, double*, double*, double, double, double, long)",837,104131001654723,104131001684163,0,0,12,4,32,256,1,1,1000192,1,1
"KERNEL_DISPATCH","Agent 4",2,1,205945,838,22,"void rajaperf::apps::pressurecalc1<256ul>(double*, double*, double, long)",838,104131001684163,104131001697443,0,0,8,0,32,256,1,1,1000192,1,1
"KERNEL_DISPATCH","Agent 4",2,1,205945,839,23,"void rajaperf::apps::pressurecalc2<256ul>(double*, double*, double*, double*, double, double, double, long)",839,104131001697443,104131001726884,0,0,12,4,32,256,1,1,1000192,1,1
"KERNEL_DISPATCH","Agent 4",2,1,205945,840,22,"void rajaperf::apps::pressurecalc1<256ul>(double*, double*, double, long)",840,104131001726884,104131001740164,0,0,8,0,32,256,1,1,1000192,1,1
"KERNEL_DISPATCH","Agent 4",2,1,205945,841,23,"void rajaperf::apps::pressurecalc2<256ul>(double*, double*, double*, double*, double, double, double, long)",841,104131001740164,104131001769924,0,0,12,4,32,256,1,1,1000192,1,1
"KERNEL_DISPATCH","Agent 4",2,1,205945,842,22,"void rajaperf::apps::pressurecalc1<256ul>(double*, double*, double, long)",842,104131001769924,104131001783044,0,0,8,0,32,256,1,1,1000192,1,1
"KERNEL_DISPATCH","Agent 4",2,1,205945,843,23,"void rajaperf::apps::pressurecalc2<256ul>(double*, double*, double*, double*, double, double, double, long)",843,104131001783044,104131001812964,0,0,12,4,32,256,1,1,1000192,1,1
"KERNEL_DISPATCH","Agent 4",2,1,205945,844,22,"void rajaperf::apps::pressurecalc1<256ul>(double*, double*, double, long)",844,104131001812964,104131001826404,0,0,8,0,32,256,1,1,1000192,1,1
"KERNEL_DISPATCH","Agent 4",2,1,205945,845,23,"void rajaperf::apps::pressurecalc2<256ul>(double*, double*, double*, double*, double, double, double, long)",845,104131001826404,104131001855524,0,0,12,4,32,256,1,1,1000192,1,1
"KERNEL_DISPATCH","Agent 4",2,1,205945,846,22,"void rajaperf::apps::pressurecalc1<256ul>(double*, double*, double, long)",846,104131001855524,104131001868965,0,0,8,0,32,256,1,1,1000192,1,1
"KERNEL_DISPATCH","Agent 4",2,1,205945,847,23,"void rajaperf::apps::pressurecalc2<256ul>(double*, double*, double*, double*, double, double, double, long)",847,104131001868965,104131001899205,0,0,12,4,32,256,1,1,1000192,1,1
"KERNEL_DISPATCH","Agent 4",2,1,205945,848,22,"void rajaperf::apps::pressurecalc1<256ul>(double*, double*, double, long)",848,104131001899205,104131001912645,0,0,8,0,32,256,1,1,1000192,1,1
"KERNEL_DISPATCH","Agent 4",2,1,205945,849,23,"void rajaperf::apps::pressurecalc2<256ul>(double*, double*, double*, double*, double, double, double, long)",849,104131001912645,104131001942245,0,0,12,4,32,256,1,1,1000192,1,1
"KERNEL_DISPATCH","Agent 4",2,1,205945,850,22,"void rajaperf::apps::pressurecalc1<256ul>(double*, double*, double, long)",850,104131001942245,104131001955525,0,0,8,0,32,256,1,1,1000192,1,1
"KERNEL_DISPATCH","Agent 4",2,1,205945,851,23,"void rajaperf::apps::pressurecalc2<256ul>(double*, double*, double*, double*, double, double, double, long)",851,104131001955525,104131001985125,0,0,12,4,32,256,1,1,1000192,1,1
"KERNEL_DISPATCH","Agent 4",2,1,205945,852,22,"void rajaperf::apps::pressurecalc1<256ul>(double*, double*, double, long)",852,104131001985125,104131001998565,0,0,8,0,32,256,1,1,1000192,1,1
"KERNEL_DISPATCH","Agent 4",2,1,205945,853,23,"void rajaperf::apps::pressurecalc2<256ul>(double*, double*, double*, double*, double, double, double, long)",853,104131001998565,104131002028805,0,0,12,4,32,256,1,1,1000192,1,1
"KERNEL_DISPATCH","Agent 4",2,1,205945,854,22,"void rajaperf::apps::pressurecalc1<256ul>(double*, double*, double, long)",854,104131002028805,104131002042246,0,0,8,0,32,256,1,1,1000192,1,1
"KERNEL_DISPATCH","Agent 4",2,1,205945,855,23,"void rajaperf::apps::pressurecalc2<256ul>(double*, double*, double*, double*, double, double, double, long)",855,104131002042246,104131002072326,0,0,12,4,32,256,1,1,1000192,1,1
"KERNEL_DISPATCH","Agent 4",2,1,205945,856,22,"void rajaperf::apps::pressurecalc1<256ul>(double*, double*, double, long)",856,104131002072326,104131002085766,0,0,8,0,32,256,1,1,1000192,1,1
"KERNEL_DISPATCH","Agent 4",2,1,205945,857,23,"void rajaperf::apps::pressurecalc2<256ul>(double*, double*, double*, double*, double, double, double, long)",857,104131002085766,104131002115846,0,0,12,4,32,256,1,1,1000192,1,1
"KERNEL_DISPATCH","Agent 4",2,1,205945,858,22,"void rajaperf::apps::pressurecalc1<256ul>(double*, double*, double, long)",858,104131002115846,104131002129126,0,0,8,0,32,256,1,1,1000192,1,1
"KERNEL_DISPATCH","Agent 4",2,1,205945,859,23,"void rajaperf::apps::pressurecalc2<256ul>(double*, double*, double*, double*, double, double, double, long)",859,104131002129126,104131002158566,0,0,12,4,32,256,1,1,1000192,1,1
"KERNEL_DISPATCH","Agent 4",2,1,205945,860,22,"void rajaperf::apps::pressurecalc1<256ul>(double*, double*, double, long)",860,104131002158566,104131002171686,0,0,8,0,32,256,1,1,1000192,1,1
"KERNEL_DISPATCH","Agent 4",2,1,205945,861,23,"void rajaperf::apps::pressurecalc2<256ul>(double*, double*, double*, double*, double, double, double, long)",861,104131002171686,104131002201447,0,0,12,4,32,256,1,1,1000192,1,1
"KERNEL_DISPATCH","Agent 4",2,1,205945,862,22,"void rajaperf::apps::pressurecalc1<256ul>(double*, double*, double, long)",862,104131002201447,104131002214727,0,0,8,0,32,256,1,1,1000192,1,1
"KERNEL_DISPATCH","Agent 4",2,1,205945,863,23,"void rajaperf::apps::pressurecalc2<256ul>(double*, double*, double*, double*, double, double, double, long)",863,104131002214727,104131002244647,0,0,12,4,32,256,1,1,1000192,1,1
"KERNEL_DISPATCH","Agent 4",2,1,205945,864,22,"void rajaperf::apps::pressurecalc1<256ul>(double*, double*, double, long)",864,104131002244647,104131002258087,0,0,8,0,32,256,1,1,1000192,1,1
"KERNEL_DISPATCH","Agent 4",2,1,205945,865,23,"void rajaperf::apps::pressurecalc2<256ul>(double*, double*, double*, double*, double, double, double, long)",865,104131002258087,104131002287367,0,0,12,4,32,256,1,1,1000192,1,1
"KERNEL_DISPATCH","Agent 4",2,1,205945,866,22,"void rajaperf::apps::pressurecalc1<256ul>(double*, double*, double, long)",866,104131002287367,104131002300967,0,0,8,0,32,256,1,1,1000192,1,1
"KERNEL_DISPATCH","Agent 4",2,1,205945,867,23,"void rajaperf::apps::pressurecalc2<256ul>(double*, double*, double*, double*, double, double, double, long)",867,104131002300967,104131002330407,0,0,12,4,32,256,1,1,1000192,1,1
"KERNEL_DISPATCH","Agent 4",2,1,205945,868,22,"void rajaperf::apps::pressurecalc1<256ul>(double*, double*, double, long)",868,104131002330407,104131002344007,0,0,8,0,32,256,1,1,1000192,1,1
"KERNEL_DISPATCH","Agent 4",2,1,205945,869,23,"void rajaperf::apps::pressurecalc2<256ul>(double*, double*, double*, double*, double, double, double, long)",869,104131002344007,104131002373768,0,0,12,4,32,256,1,1,1000192,1,1
"KERNEL_DISPATCH","Agent 4",2,1,205945,870,22,"void rajaperf::apps::pressurecalc1<256ul>(double*, double*, double, long)",870,104131002373768,104131002387208,0,0,8,0,32,256,1,1,1000192,1,1
"KERNEL_DISPATCH","Agent 4",2,1,205945,871,23,"void rajaperf::apps::pressurecalc2<256ul>(double*, double*, double*, double*, double, double, double, long)",871,104131002387208,104131002416968,0,0,12,4,32,256,1,1,1000192,1,1
"KERNEL_DISPATCH","Agent 4",2,1,205945,872,22,"void rajaperf::apps::pressurecalc1<256ul>(double*, double*, double, long)",872,104131002416968,104131002430248,0,0,8,0,32,256,1,1,1000192,1,1
"KERNEL_DISPATCH","Agent 4",2,1,205945,873,23,"void rajaperf::apps::pressurecalc2<256ul>(double*, double*, double*, double*, double, double, double, long)",873,104131002430248,104131002460488,0,0,12,4,32,256,1,1,1000192,1,1
"KERNEL_DISPATCH","Agent 4",2,1,205945,874,22,"void rajaperf::apps::pressurecalc1<256ul>(double*, double*, double, long)",874,104131002460488,104131002474248,0,0,8,0,32,256,1,1,1000192,1,1
"KERNEL_DISPATCH","Agent 4",2,1,205945,875,23,"void rajaperf::apps::pressurecalc2<256ul>(double*, double*, double*, double*, double, double, double, long)",875,104131002474248,104131002503688,0,0,12,4,32,256,1,1,1000192,1,1
"KERNEL_DISPATCH","Agent 4",2,1,205945,876,22,"void rajaperf::apps::pressurecalc1<256ul>(double*, double*, double, long)",876,104131002503688,104131002517288,0,0,8,0,32,256,1,1,1000192,1,1
"KERNEL_DISPATCH","Agent 4",2,1,205945,877,23,"void rajaperf::apps::pressurecalc2<256ul>(double*, double*, double*, double*, double, double, double, long)",877,104131002517288,104131002546409,0,0,12,4,32,256,1,1,1000192,1,1
"KERNEL_DISPATCH","Agent 4",2,1,205945,878,22,"void rajaperf::apps::pressurecalc1<256ul>(double*, double*, double, long)",878,104131002546409,104131002559849,0,0,8,0,32,256,1,1,1000192,1,1
"KERNEL_DISPATCH","Agent 4",2,1,205945,879,23,"void rajaperf::apps::pressurecalc2<256ul>(double*, double*, double*, double*, double, double, double, long)",879,104131002559849,104131002589129,0,0,12,4,32,256,1,1,1000192,1,1
"KERNEL_DISPATCH","Agent 4",2,1,205945,880,22,"void rajaperf::apps::pressurecalc1<256ul>(double*, double*, double, long)",880,104131002589129,104131002602409,0,0,8,0,32,256,1,1,1000192,1,1
"KERNEL_DISPATCH","Agent 4",2,1,205945,881,23,"void rajaperf::apps::pressurecalc2<256ul>(double*, double*, double*, double*, double, double, double, long)",881,104131002602409,104131002632009,0,0,12,4,32,256,1,1,1000192,1,1
"KERNEL_DISPATCH","Agent 4",2,1,205945,882,22,"void rajaperf::apps::pressurecalc1<256ul>(double*, double*, double, long)",882,104131002632009,104131002645289,0,0,8,0,32,256,1,1,1000192,1,1
"KERNEL_DISPATCH","Agent 4",2,1,205945,883,23,"void rajaperf::apps::pressurecalc2<256ul>(double*, double*, double*, double*, double, double, double, long)",883,104131002645289,104131002674729,0,0,12,4,32,256,1,1,1000192,1,1
"KERNEL_DISPATCH","Agent 4",2,1,205945,884,22,"void rajaperf::apps::pressurecalc1<256ul>(double*, double*, double, long)",884,104131002674729,104131002688009,0,0,8,0,32,256,1,1,1000192,1,1
"KERNEL_DISPATCH","Agent 4",2,1,205945,885,23,"void rajaperf::apps::pressurecalc2<256ul>(double*, double*, double*, double*, double, double, double, long)",885,104131002688009,104131002717770,0,0,12,4,32,256,1,1,1000192,1,1
"KERNEL_DISPATCH","Agent 4",2,1,205945,886,22,"void rajaperf::apps::pressurecalc1<256ul>(double*, double*, double, long)",886,104131002717770,104131002731370,0,0,8,0,32,256,1,1,1000192,1,1
"KERNEL_DISPATCH","Agent 4",2,1,205945,887,23,"void rajaperf::apps::pressurecalc2<256ul>(double*, double*, double*, double*, double, double, double, long)",887,104131002731370,104131002761130,0,0,12,4,32,256,1,1,1000192,1,1
"KERNEL_DISPATCH","Agent 4",2,1,205945,888,22,"void rajaperf::apps::pressurecalc1<256ul>(double*, double*, double, long)",888,104131002761130,104131002774890,0,0,8,0,32,256,1,1,1000192,1,1
"KERNEL_DISPATCH","Agent 4",2,1,205945,889,23,"void rajaperf::apps::pressurecalc2<256ul>(double*, double*, double*, double*, double, double, double, long)",889,104131002774890,104131002804810,0,0,12,4,32,256,1,1,1000192,1,1
"KERNEL_DISPATCH","Agent 4",2,1,205945,890,22,"void rajaperf::apps::pressurecalc1<256ul>(double*, double*, double, long)",890,104131002804810,104131002818090,0,0,8,0,32,256,1,1,1000192,1,1
"KERNEL_DISPATCH","Agent 4",2,1,205945,891,23,"void rajaperf::apps::pressurecalc2<256ul>(double*, double*, double*, double*, double, double, double, long)",891,104131002818090,104131002848010,0,0,12,4,32,256,1,1,1000192,1,1
"KERNEL_DISPATCH","Agent 4",2,1,205945,892,22,"void rajaperf::apps::pressurecalc1<256ul>(double*, double*, double, long)",892,104131002848010,104131002861291,0,0,8,0,32,256,1,1,1000192,1,1
"KERNEL_DISPATCH","Agent 4",2,1,205945,893,23,"void rajaperf::apps::pressurecalc2<256ul>(double*, double*, double*, double*, double, double, double, long)",893,104131002861291,104131002890731,0,0,12,4,32,256,1,1,1000192,1,1
"KERNEL_DISPATCH","Agent 4",2,1,205945,894,22,"void rajaperf::apps::pressurecalc1<256ul>(double*, double*, double, long)",894,104131002890731,104131002904331,0,0,8,0,32,256,1,1,1000192,1,1
"KERNEL_DISPATCH","Agent 4",2,1,205945,895,23,"void rajaperf::apps::pressurecalc2<256ul>(double*, double*, double*, double*, double, double, double, long)",895,104131002904331,104131002934091,0,0,12,4,32,256,1,1,1000192,1,1
"KERNEL_DISPATCH","Agent 4",2,1,205945,896,22,"void rajaperf::apps::pressurecalc1<256ul>(double*, double*, double, long)",896,104131002934091,104131002947531,0,0,8,0,32,256,1,1,1000192,1,1
"KERNEL_DISPATCH","Agent 4",2,1,205945,897,23,"void rajaperf::apps::pressurecalc2<256ul>(double*, double*, double*, double*, double, double, double, long)",897,104131002947531,104131002976811,0,0,12,4,32,256,1,1,1000192,1,1
"KERNEL_DISPATCH","Agent 4",2,1,205945,898,22,"void rajaperf::apps::pressurecalc1<256ul>(double*, double*, double, long)",898,104131002976811,104131002990251,0,0,8,0,32,256,1,1,1000192,1,1
"KERNEL_DISPATCH","Agent 4",2,1,205945,899,23,"void rajaperf::apps::pressurecalc2<256ul>(double*, double*, double*, double*, double, double, double, long)",899,104131002990251,104131003020011,0,0,12,4,32,256,1,1,1000192,1,1
"KERNEL_DISPATCH","Agent 4",2,1,205945,900,22,"void rajaperf::apps::pressurecalc1<256ul>(double*, double*, double, long)",900,104131003020011,104131003032972,0,0,8,0,32,256,1,1,1000192,1,1
"KERNEL_DISPATCH","Agent 4",2,1,205945,901,23,"void rajaperf::apps::pressurecalc2<256ul>(double*, double*, double*, double*, double, double, double, long)",901,104131003032972,104131003062572,0,0,12,4,32,256,1,1,1000192,1,1
"KERNEL_DISPATCH","Agent 4",2,1,205945,902,22,"void rajaperf::apps::pressurecalc1<256ul>(double*, double*, double, long)",902,104131003062572,104131003075692,0,0,8,0,32,256,1,1,1000192,1,1
"KERNEL_DISPATCH","Agent 4",2,1,205945,903,23,"void rajaperf::apps::pressurecalc2<256ul>(double*, double*, double*, double*, double, double, double, long)",903,104131003075692,104131003105292,0,0,12,4,32,256,1,1,1000192,1,1
"KERNEL_DISPATCH","Agent 4",2,1,205945,904,22,"void rajaperf::apps::pressurecalc1<256ul>(double*, double*, double, long)",904,104131003105292,104131003118252,0,0,8,0,32,256,1,1,1000192,1,1
"KERNEL_DISPATCH","Agent 4",2,1,205945,905,23,"void rajaperf::apps::pressurecalc2<256ul>(double*, double*, double*, double*, double, double, double, long)",905,104131003118252,104131003147852,0,0,12,4,32,256,1,1,1000192,1,1
"KERNEL_DISPATCH","Agent 4",2,1,205945,906,22,"void rajaperf::apps::pressurecalc1<256ul>(double*, double*, double, long)",906,104131003147852,104131003161292,0,0,8,0,32,256,1,1,1000192,1,1
"KERNEL_DISPATCH","Agent 4",2,1,205945,907,23,"void rajaperf::apps::pressurecalc2<256ul>(double*, double*, double*, double*, double, double, double, long)",907,104131003161292,104131003190572,0,0,12,4,32,256,1,1,1000192,1,1
"KERNEL_DISPATCH","Agent 4",2,1,205945,908,22,"void rajaperf::apps::pressurecalc1<256ul>(double*, double*, double, long)",908,104131003190572,104131003204013,0,0,8,0,32,256,1,1,1000192,1,1
"KERNEL_DISPATCH","Agent 4",2,1,205945,909,23,"void rajaperf::apps::pressurecalc2<256ul>(double*, double*, double*, double*, double, double, double, long)",909,104131003204013,104131003233613,0,0,12,4,32,256,1,1,1000192,1,1
"KERNEL_DISPATCH","Agent 4",2,1,205945,910,22,"void rajaperf::apps::pressurecalc1<256ul>(double*, double*, double, long)",910,104131003233613,104131003247213,0,0,8,0,32,256,1,1,1000192,1,1
"KERNEL_DISPATCH","Agent 4",2,1,205945,911,23,"void rajaperf::apps::pressurecalc2<256ul>(double*, double*, double*, double*, double, double, double, long)",911,104131003247213,104131003276493,0,0,12,4,32,256,1,1,1000192,1,1
"KERNEL_DISPATCH","Agent 4",2,1,205945,912,22,"void rajaperf::apps::pressurecalc1<256ul>(double*, double*, double, long)",912,104131003276493,104131003290093,0,0,8,0,32,256,1,1,1000192,1,1
"KERNEL_DISPATCH","Agent 4",2,1,205945,913,23,"void rajaperf::apps::pressurecalc2<256ul>(double*, double*, double*, double*, double, double, double, long)",913,104131003290093,104131003319853,0,0,12,4,32,256,1,1,1000192,1,1
"KERNEL_DISPATCH","Agent 4",2,1,205945,914,22,"void rajaperf::apps::pressurecalc1<256ul>(double*, double*, double, long)",914,104131003319853,104131003333293,0,0,8,0,32,256,1,1,1000192,1,1
"KERNEL_DISPATCH","Agent 4",2,1,205945,915,23,"void rajaperf::apps::pressurecalc2<256ul>(double*, double*, double*, double*, double, double, double, long)",915,104131003333293,104131003363374,0,0,12,4,32,256,1,1,1000192,1,1
"KERNEL_DISPATCH","Agent 4",2,1,205945,916,22,"void rajaperf::apps::pressurecalc1<256ul>(double*, double*, double, long)",916,104131003363374,104131003376654,0,0,8,0,32,256,1,1,1000192,1,1
"KERNEL_DISPATCH","Agent 4",2,1,205945,917,23,"void rajaperf::apps::pressurecalc2<256ul>(double*, double*, double*, double*, double, double, double, long)",917,104131003376654,104131003405934,0,0,12,4,32,256,1,1,1000192,1,1
"KERNEL_DISPATCH","Agent 4",2,1,205945,918,22,"void rajaperf::apps::pressurecalc1<256ul>(double*, double*, double, long)",918,104131003405934,104131003419694,0,0,8,0,32,256,1,1,1000192,1,1
"KERNEL_DISPATCH","Agent 4",2,1,205945,919,23,"void rajaperf::apps::pressurecalc2<256ul>(double*, double*, double*, double*, double, double, double, long)",919,104131003419694,104131003449774,0,0,12,4,32,256,1,1,1000192,1,1
"KERNEL_DISPATCH","Agent 4",2,1,205945,920,22,"void rajaperf::apps::pressurecalc1<256ul>(double*, double*, double, long)",920,104131003449774,104131003463374,0,0,8,0,32,256,1,1,1000192,1,1
"KERNEL_DISPATCH","Agent 4",2,1,205945,921,23,"void rajaperf::apps::pressurecalc2<256ul>(double*, double*, double*, double*, double, double, double, long)",921,104131003463374,104131003492814,0,0,12,4,32,256,1,1,1000192,1,1
"KERNEL_DISPATCH","Agent 4",2,1,205945,922,22,"void rajaperf::apps::pressurecalc1<256ul>(double*, double*, double, long)",922,104131003492814,104131003506094,0,0,8,0,32,256,1,1,1000192,1,1
"KERNEL_DISPATCH","Agent 4",2,1,205945,923,23,"void rajaperf::apps::pressurecalc2<256ul>(double*, double*, double*, double*, double, double, double, long)",923,104131003506094,104131003536015,0,0,12,4,32,256,1,1,1000192,1,1
"KERNEL_DISPATCH","Agent 4",2,1,205945,924,22,"void rajaperf::apps::pressurecalc1<256ul>(double*, double*, double, long)",924,104131003536015,104131003549135,0,0,8,0,32,256,1,1,1000192,1,1
"KERNEL_DISPATCH","Agent 4",2,1,205945,925,23,"void rajaperf::apps::pressurecalc2<256ul>(double*, double*, double*, double*, double, double, double, long)",925,104131003549135,104131003578895,0,0,12,4,32,256,1,1,1000192,1,1
"KERNEL_DISPATCH","Agent 4",2,1,205945,926,22,"void rajaperf::apps::pressurecalc1<256ul>(double*, double*, double, long)",926,104131003578895,104131003592335,0,0,8,0,32,256,1,1,1000192,1,1
"KERNEL_DISPATCH","Agent 4",2,1,205945,927,23,"void rajaperf::apps::pressurecalc2<256ul>(double*, double*, double*, double*, double, double, double, long)",927,104131003592335,104131003621615,0,0,12,4,32,256,1,1,1000192,1,1
"KERNEL_DISPATCH","Agent 4",2,1,205945,928,22,"void rajaperf::apps::pressurecalc1<256ul>(double*, double*, double, long)",928,104131003621615,104131003635055,0,0,8,0,32,256,1,1,1000192,1,1
"KERNEL_DISPATCH","Agent 4",2,1,205945,929,23,"void rajaperf::apps::pressurecalc2<256ul>(double*, double*, double*, double*, double, double, double, long)",929,104131003635055,104131003664655,0,0,12,4,32,256,1,1,1000192,1,1
"KERNEL_DISPATCH","Agent 4",2,1,205945,930,22,"void rajaperf::apps::pressurecalc1<256ul>(double*, double*, double, long)",930,104131003664655,104131003678415,0,0,8,0,32,256,1,1,1000192,1,1
"KERNEL_DISPATCH","Agent 4",2,1,205945,931,23,"void rajaperf::apps::pressurecalc2<256ul>(double*, double*, double*, double*, double, double, double, long)",931,104131003678415,104131003708016,0,0,12,4,32,256,1,1,1000192,1,1
"KERNEL_DISPATCH","Agent 4",2,1,205945,932,22,"void rajaperf::apps::pressurecalc1<256ul>(double*, double*, double, long)",932,104131003708016,104131003721456,0,0,8,0,32,256,1,1,1000192,1,1
"KERNEL_DISPATCH","Agent 4",2,1,205945,933,23,"void rajaperf::apps::pressurecalc2<256ul>(double*, double*, double*, double*, double, double, double, long)",933,104131003721456,104131003750736,0,0,12,4,32,256,1,1,1000192,1,1
"KERNEL_DISPATCH","Agent 4",2,1,205945,934,22,"void rajaperf::apps::pressurecalc1<256ul>(double*, double*, double, long)",934,104131003750736,104131003764176,0,0,8,0,32,256,1,1,1000192,1,1
"KERNEL_DISPATCH","Agent 4",2,1,205945,935,23,"void rajaperf::apps::pressurecalc2<256ul>(double*, double*, double*, double*, double, double, double, long)",935,104131003764176,104131003794096,0,0,12,4,32,256,1,1,1000192,1,1
"KERNEL_DISPATCH","Agent 4",2,1,205945,936,22,"void rajaperf::apps::pressurecalc1<256ul>(double*, double*, double, long)",936,104131003794096,104131003807536,0,0,8,0,32,256,1,1,1000192,1,1
"KERNEL_DISPATCH","Agent 4",2,1,205945,937,23,"void rajaperf::apps::pressurecalc2<256ul>(double*, double*, double*, double*, double, double, double, long)",937,104131003807536,104131003837136,0,0,12,4,32,256,1,1,1000192,1,1
"KERNEL_DISPATCH","Agent 4",2,1,205945,938,22,"void rajaperf::apps::pressurecalc1<256ul>(double*, double*, double, long)",938,104131003837136,104131003850416,0,0,8,0,32,256,1,1,1000192,1,1
"KERNEL_DISPATCH","Agent 4",2,1,205945,939,23,"void rajaperf::apps::pressurecalc2<256ul>(double*, double*, double*, double*, double, double, double, long)",939,104131003850416,104131003880017,0,0,12,4,32,256,1,1,1000192,1,1
"KERNEL_DISPATCH","Agent 4",2,1,205945,940,22,"void rajaperf::apps::pressurecalc1<256ul>(double*, double*, double, long)",940,104131003880017,104131003893297,0,0,8,0,32,256,1,1,1000192,1,1
"KERNEL_DISPATCH","Agent 4",2,1,205945,941,23,"void rajaperf::apps::pressurecalc2<256ul>(double*, double*, double*, double*, double, double, double, long)",941,104131003893297,104131003922577,0,0,12,4,32,256,1,1,1000192,1,1
"KERNEL_DISPATCH","Agent 4",2,1,205945,942,22,"void rajaperf::apps::pressurecalc1<256ul>(double*, double*, double, long)",942,104131003922577,104131003936177,0,0,8,0,32,256,1,1,1000192,1,1
"KERNEL_DISPATCH","Agent 4",2,1,205945,943,23,"void rajaperf::apps::pressurecalc2<256ul>(double*, double*, double*, double*, double, double, double, long)",943,104131003936177,104131003966577,0,0,12,4,32,256,1,1,1000192,1,1
"KERNEL_DISPATCH","Agent 4",2,1,205945,944,22,"void rajaperf::apps::pressurecalc1<256ul>(double*, double*, double, long)",944,104131003966577,104131003980017,0,0,8,0,32,256,1,1,1000192,1,1
"KERNEL_DISPATCH","Agent 4",2,1,205945,945,23,"void rajaperf::apps::pressurecalc2<256ul>(double*, double*, double*, double*, double, double, double, long)",945,104131003980017,104131004009937,0,0,12,4,32,256,1,1,1000192,1,1
"KERNEL_DISPATCH","Agent 4",2,1,205945,946,22,"void rajaperf::apps::pressurecalc1<256ul>(double*, double*, double, long)",946,104131004009937,104131004023218,0,0,8,0,32,256,1,1,1000192,1,1
"KERNEL_DISPATCH","Agent 4",2,1,205945,947,23,"void rajaperf::apps::pressurecalc2<256ul>(double*, double*, double*, double*, double, double, double, long)",947,104131004023218,104131004053138,0,0,12,4,32,256,1,1,1000192,1,1
"KERNEL_DISPATCH","Agent 4",2,1,205945,948,22,"void rajaperf::apps::pressurecalc1<256ul>(double*, double*, double, long)",948,104131004053138,104131004066098,0,0,8,0,32,256,1,1,1000192,1,1
"KERNEL_DISPATCH","Agent 4",2,1,205945,949,23,"void rajaperf::apps::pressurecalc2<256ul>(double*, double*, double*, double*, double, double, double, long)",949,104131004066098,104131004095858,0,0,12,4,32,256,1,1,1000192,1,1
"KERNEL_DISPATCH","Agent 4",2,1,205945,950,22,"void rajaperf::apps::pressurecalc1<256ul>(double*, double*, double, long)",950,104131004095858,104131004109458,0,0,8,0,32,256,1,1,1000192,1,1
"KERNEL_DISPATCH","Agent 4",2,1,205945,951,23,"void rajaperf::apps::pressurecalc2<256ul>(double*, double*, double*, double*, double, double, double, long)",951,104131004109458,104131004139058,0,0,12,4,32,256,1,1,1000192,1,1
"KERNEL_DISPATCH","Agent 4",2,1,205945,952,22,"void rajaperf::apps::pressurecalc1<256ul>(double*, double*, double, long)",952,104131004139058,104131004152338,0,0,8,0,32,256,1,1,1000192,1,1
"KERNEL_DISPATCH","Agent 4",2,1,205945,953,23,"void rajaperf::apps::pressurecalc2<256ul>(double*, double*, double*, double*, double, double, double, long)",953,104131004152338,104131004181618,0,0,12,4,32,256,1,1,1000192,1,1
"KERNEL_DISPATCH","Agent 4",2,1,205945,954,22,"void rajaperf::apps::pressurecalc1<256ul>(double*, double*, double, long)",954,104131004181618,104131004195379,0,0,8,0,32,256,1,1,1000192,1,1
"KERNEL_DISPATCH","Agent 4",2,1,205945,955,23,"void rajaperf::apps::pressurecalc2<256ul>(double*, double*, double*, double*, double, double, double, long)",955,104131004195379,104131004224659,0,0,12,4,32,256,1,1,1000192,1,1
"KERNEL_DISPATCH","Agent 4",2,1,205945,956,22,"void rajaperf::apps::pressurecalc1<256ul>(double*, double*, double, long)",956,104131004224659,104131004238419,0,0,8,0,32,256,1,1,1000192,1,1
"KERNEL_DISPATCH","Agent 4",2,1,205945,957,23,"void rajaperf::apps::pressurecalc2<256ul>(double*, double*, double*, double*, double, double, double, long)",957,104131004238419,104131004268499,0,0,12,4,32,256,1,1,1000192,1,1
"KERNEL_DISPATCH","Agent 4",2,1,205945,958,22,"void rajaperf::apps::pressurecalc1<256ul>(double*, double*, double, long)",958,104131004268499,104131004281779,0,0,8,0,32,256,1,1,1000192,1,1
"KERNEL_DISPATCH","Agent 4",2,1,205945,959,23,"void rajaperf::apps::pressurecalc2<256ul>(double*, double*, double*, double*, double, double, double, long)",959,104131004281779,104131004312179,0,0,12,4,32,256,1,1,1000192,1,1
"KERNEL_DISPATCH","Agent 4",2,1,205945,960,22,"void rajaperf::apps::pressurecalc1<256ul>(double*, double*, double, long)",960,104131004312179,104131004325459,0,0,8,0,32,256,1,1,1000192,1,1
"KERNEL_DISPATCH","Agent 4",2,1,205945,961,23,"void rajaperf::apps::pressurecalc2<256ul>(double*, double*, double*, double*, double, double, double, long)",961,104131004325459,104131004355220,0,0,12,4,32,256,1,1,1000192,1,1
"KERNEL_DISPATCH","Agent 4",2,1,205945,962,22,"void rajaperf::apps::pressurecalc1<256ul>(double*, double*, double, long)",962,104131004355220,104131004368500,0,0,8,0,32,256,1,1,1000192,1,1
"KERNEL_DISPATCH","Agent 4",2,1,205945,963,23,"void rajaperf::apps::pressurecalc2<256ul>(double*, double*, double*, double*, double, double, double, long)",963,104131004368500,104131004398100,0,0,12,4,32,256,1,1,1000192,1,1
"KERNEL_DISPATCH","Agent 4",2,1,205945,964,22,"void rajaperf::apps::pressurecalc1<256ul>(double*, double*, double, long)",964,104131004398100,104131004411700,0,0,8,0,32,256,1,1,1000192,1,1
"KERNEL_DISPATCH","Agent 4",2,1,205945,965,23,"void rajaperf::apps::pressurecalc2<256ul>(double*, double*, double*, double*, double, double, double, long)",965,104131004411700,104131004441300,0,0,12,4,32,256,1,1,1000192,1,1
"KERNEL_DISPATCH","Agent 4",2,1,205945,966,22,"void rajaperf::apps::pressurecalc1<256ul>(double*, double*, double, long)",966,104131004441300,104131004454900,0,0,8,0,32,256,1,1,1000192,1,1
"KERNEL_DISPATCH","Agent 4",2,1,205945,967,23,"void rajaperf::apps::pressurecalc2<256ul>(double*, double*, double*, double*, double, double, double, long)",967,104131004454900,104131004484500,0,0,12,4,32,256,1,1,1000192,1,1
"KERNEL_DISPATCH","Agent 4",2,1,205945,968,22,"void rajaperf::apps::pressurecalc1<256ul>(double*, double*, double, long)",968,104131004484500,104131004497940,0,0,8,0,32,256,1,1,1000192,1,1
"KERNEL_DISPATCH","Agent 4",2,1,205945,969,23,"void rajaperf::apps::pressurecalc2<256ul>(double*, double*, double*, double*, double, double, double, long)",969,104131004497940,104131004527381,0,0,12,4,32,256,1,1,1000192,1,1
"KERNEL_DISPATCH","Agent 4",2,1,205945,970,22,"void rajaperf::apps::pressurecalc1<256ul>(double*, double*, double, long)",970,104131004527381,104131004540501,0,0,8,0,32,256,1,1,1000192,1,1
"KERNEL_DISPATCH","Agent 4",2,1,205945,971,23,"void rajaperf::apps::pressurecalc2<256ul>(double*, double*, double*, double*, double, double, double, long)",971,104131004540501,104131004570261,0,0,12,4,32,256,1,1,1000192,1,1
"KERNEL_DISPATCH","Agent 4",2,1,205945,972,22,"void rajaperf::apps::pressurecalc1<256ul>(double*, double*, double, long)",972,104131004570261,104131004583701,0,0,8,0,32,256,1,1,1000192,1,1
"KERNEL_DISPATCH","Agent 4",2,1,205945,973,23,"void rajaperf::apps::pressurecalc2<256ul>(double*, double*, double*, double*, double, double, double, long)",973,104131004583701,104131004613301,0,0,12,4,32,256,1,1,1000192,1,1
"KERNEL_DISPATCH","Agent 4",2,1,205945,974,22,"void rajaperf::apps::pressurecalc1<256ul>(double*, double*, double, long)",974,104131004613301,104131004626901,0,0,8,0,32,256,1,1,1000192,1,1
"KERNEL_DISPATCH","Agent 4",2,1,205945,975,23,"void rajaperf::apps::pressurecalc2<256ul>(double*, double*, double*, double*, double, double, double, long)",975,104131004626901,104131004655861,0,0,12,4,32,256,1,1,1000192,1,1
"KERNEL_DISPATCH","Agent 4",2,1,205945,976,22,"void rajaperf::apps::pressurecalc1<256ul>(double*, double*, double, long)",976,104131004655861,104131004669301,0,0,8,0,32,256,1,1,1000192,1,1
"KERNEL_DISPATCH","Agent 4",2,1,205945,977,23,"void rajaperf::apps::pressurecalc2<256ul>(double*, double*, double*, double*, double, double, double, long)",977,104131004669301,104131004699702,0,0,12,4,32,256,1,1,1000192,1,1
"KERNEL_DISPATCH","Agent 4",2,1,205945,978,22,"void rajaperf::apps::pressurecalc1<256ul>(double*, double*, double, long)",978,104131004699702,104131004712982,0,0,8,0,32,256,1,1,1000192,1,1
"KERNEL_DISPATCH","Agent 4",2,1,205945,979,23,"void rajaperf::apps::pressurecalc2<256ul>(double*, double*, double*, double*, double, double, double, long)",979,104131004712982,104131004742742,0,0,12,4,32,256,1,1,1000192,1,1
"KERNEL_DISPATCH","Agent 4",2,1,205945,980,22,"void rajaperf::apps::pressurecalc1<256ul>(double*, double*, double, long)",980,104131004742742,104131004756502,0,0,8,0,32,256,1,1,1000192,1,1
"KERNEL_DISPATCH","Agent 4",2,1,205945,981,23,"void rajaperf::apps::pressurecalc2<256ul>(double*, double*, double*, double*, double, double, double, long)",981,104131004756502,104131004786262,0,0,12,4,32,256,1,1,1000192,1,1
"KERNEL_DISPATCH","Agent 4",2,1,205945,982,22,"void rajaperf::apps::pressurecalc1<256ul>(double*, double*, double, long)",982,104131004786262,104131004799702,0,0,8,0,32,256,1,1,1000192,1,1
"KERNEL_DISPATCH","Agent 4",2,1,205945,983,23,"void rajaperf::apps::pressurecalc2<256ul>(double*, double*, double*, double*, double, double, double, long)",983,104131004799702,104131004829462,0,0,12,4,32,256,1,1,1000192,1,1
"KERNEL_DISPATCH","Agent 4",2,1,205945,984,22,"void rajaperf::apps::pressurecalc1<256ul>(double*, double*, double, long)",984,104131004829462,104131004842742,0,0,8,0,32,256,1,1,1000192,1,1
"KERNEL_DISPATCH","Agent 4",2,1,205945,985,23,"void rajaperf::apps::pressurecalc2<256ul>(double*, double*, double*, double*, double, double, double, long)",985,104131004842742,104131004872503,0,0,12,4,32,256,1,1,1000192,1,1
"KERNEL_DISPATCH","Agent 4",2,1,205945,986,22,"void rajaperf::apps::pressurecalc1<256ul>(double*, double*, double, long)",986,104131004872503,104131004885463,0,0,8,0,32,256,1,1,1000192,1,1
"KERNEL_DISPATCH","Agent 4",2,1,205945,987,23,"void rajaperf::apps::pressurecalc2<256ul>(double*, double*, double*, double*, double, double, double, long)",987,104131004885463,104131004915703,0,0,12,4,32,256,1,1,1000192,1,1
"KERNEL_DISPATCH","Agent 4",2,1,205945,988,22,"void rajaperf::apps::pressurecalc1<256ul>(double*, double*, double, long)",988,104131004915703,104131004928983,0,0,8,0,32,256,1,1,1000192,1,1
"KERNEL_DISPATCH","Agent 4",2,1,205945,989,23,"void rajaperf::apps::pressurecalc2<256ul>(double*, double*, double*, double*, double, double, double, long)",989,104131004928983,104131004958583,0,0,12,4,32,256,1,1,1000192,1,1
"KERNEL_DISPATCH","Agent 4",2,1,205945,990,22,"void rajaperf::apps::pressurecalc1<256ul>(double*, double*, double, long)",990,104131004958583,104131004971863,0,0,8,0,32,256,1,1,1000192,1,1
"KERNEL_DISPATCH","Agent 4",2,1,205945,991,23,"void rajaperf::apps::pressurecalc2<256ul>(double*, double*, double*, double*, double, double, double, long)",991,104131004971863,104131005001143,0,0,12,4,32,256,1,1,1000192,1,1
"KERNEL_DISPATCH","Agent 4",2,1,205945,992,22,"void rajaperf::apps::pressurecalc1<256ul>(double*, double*, double, long)",992,104131005001143,104131005014744,0,0,8,0,32,256,1,1,1000192,1,1
"KERNEL_DISPATCH","Agent 4",2,1,205945,993,23,"void rajaperf::apps::pressurecalc2<256ul>(double*, double*, double*, double*, double, double, double, long)",993,104131005014744,104131005044344,0,0,12,4,32,256,1,1,1000192,1,1
"KERNEL_DISPATCH","Agent 4",2,1,205945,994,22,"void rajaperf::apps::pressurecalc1<256ul>(double*, double*, double, long)",994,104131005044344,104131005058584,0,0,8,0,32,256,1,1,1000192,1,1
"KERNEL_DISPATCH","Agent 4",2,1,205945,995,23,"void rajaperf::apps::pressurecalc2<256ul>(double*, double*, double*, double*, double, double, double, long)",995,104131005058584,104131005088344,0,0,12,4,32,256,1,1,1000192,1,1
"KERNEL_DISPATCH","Agent 4",2,1,205945,996,22,"void rajaperf::apps::pressurecalc1<256ul>(double*, double*, double, long)",996,104131005088344,104131005101944,0,0,8,0,32,256,1,1,1000192,1,1
"KERNEL_DISPATCH","Agent 4",2,1,205945,997,23,"void rajaperf::apps::pressurecalc2<256ul>(double*, double*, double*, double*, double, double, double, long)",997,104131005101944,104131005131544,0,0,12,4,32,256,1,1,1000192,1,1
"KERNEL_DISPATCH","Agent 4",2,1,205945,998,22,"void rajaperf::apps::pressurecalc1<256ul>(double*, double*, double, long)",998,104131005131544,104131005145144,0,0,8,0,32,256,1,1,1000192,1,1
"KERNEL_DISPATCH","Agent 4",2,1,205945,999,23,"void rajaperf::apps::pressurecalc2<256ul>(double*, double*, double*, double*, double, double, double, long)",999,104131005145144,104131005175064,0,0,12,4,32,256,1,1,1000192,1,1
"KERNEL_DISPATCH","Agent 4",2,1,205945,1000,22,"void rajaperf::apps::pressurecalc1<256ul>(double*, double*, double, long)",1000,104131005175064,104131005188345,0,0,8,0,32,256,1,1,1000192,1,1
"KERNEL_DISPATCH","Agent 4",2,1,205945,1001,23,"void rajaperf::apps::pressurecalc2<256ul>(double*, double*, double*, double*, double, double, double, long)",1001,104131005188345,104131005218265,0,0,12,4,32,256,1,1,1000192,1,1
"KERNEL_DISPATCH","Agent 4",2,1,205945,1002,22,"void rajaperf::apps::pressurecalc1<256ul>(double*, double*, double, long)",1002,104131005218265,104131005231705,0,0,8,0,32,256,1,1,1000192,1,1
"KERNEL_DISPATCH","Agent 4",2,1,205945,1014,22,"void rajaperf::apps::pressurecalc1<256ul>(double*, double*, double, long)",1014,104131005487546,104131005500666,0,0,8,0,32,256,1,1,1000192,1,1
"KERNEL_DISPATCH","Agent 4",2,1,205945,1013,23,"void rajaperf::apps::pressurecalc2<256ul>(double*, double*, double*, double*, double, double, double, long)",1013,104131005457626,104131005487546,0,0,12,4,32,256,1,1,1000192,1,1
"KERNEL_DISPATCH","Agent 4",2,1,205945,1004,22,"void rajaperf::apps::pressurecalc1<256ul>(double*, double*, double, long)",1004,104131005271865,104131005285305,0,0,8,0,32,256,1,1,1000192,1,1
"KERNEL_DISPATCH","Agent 4",2,1,205945,1010,22,"void rajaperf::apps::pressurecalc1<256ul>(double*, double*, double, long)",1010,104131005401626,104131005414746,0,0,8,0,32,256,1,1,1000192,1,1
"KERNEL_DISPATCH","Agent 4",2,1,205945,1012,22,"void rajaperf::apps::pressurecalc1<256ul>(double*, double*, double, long)",1012,104131005444666,104131005457626,0,0,8,0,32,256,1,1,1000192,1,1
"KERNEL_DISPATCH","Agent 4",2,1,205945,1006,22,"void rajaperf::apps::pressurecalc1<256ul>(double*, double*, double, long)",1006,104131005315225,104131005328665,0,0,8,0,32,256,1,1,1000192,1,1
"KERNEL_DISPATCH","Agent 4",2,1,205945,1005,23,"void rajaperf::apps::pressurecalc2<256ul>(double*, double*, double*, double*, double, double, double, long)",1005,104131005285305,104131005315225,0,0,12,4,32,256,1,1,1000192,1,1
"KERNEL_DISPATCH","Agent 4",2,1,205945,1016,22,"void rajaperf::apps::pressurecalc1<256ul>(double*, double*, double, long)",1016,104131005530427,104131005543867,0,0,8,0,32,256,1,1,1000192,1,1
"KERNEL_DISPATCH","Agent 4",2,1,205945,1007,23,"void rajaperf::apps::pressurecalc2<256ul>(double*, double*, double*, double*, double, double, double, long)",1007,104131005328665,104131005358586,0,0,12,4,32,256,1,1,1000192,1,1
"KERNEL_DISPATCH","Agent 4",2,1,205945,1003,23,"void rajaperf::apps::pressurecalc2<256ul>(double*, double*, double*, double*, double, double, double, long)",1003,104131005242265,104131005271865,0,0,12,4,32,256,1,1,1000192,1,1
"KERNEL_DISPATCH","Agent 4",2,1,205945,1017,23,"void rajaperf::apps::pressurecalc2<256ul>(double*, double*, double*, double*, double, double, double, long)",1017,104131005543867,104131005573787,0,0,12,4,32,256,1,1,1000192,1,1
"KERNEL_DISPATCH","Agent 4",2,1,205945,1011,23,"void rajaperf::apps::pressurecalc2<256ul>(double*, double*, double*, double*, double, double, double, long)",1011,104131005414746,104131005444666,0,0,12,4,32,256,1,1,1000192,1,1
"KERNEL_DISPATCH","Agent 4",2,1,205945,1008,22,"void rajaperf::apps::pressurecalc1<256ul>(double*, double*, double, long)",1008,104131005358586,104131005371866,0,0,8,0,32,256,1,1,1000192,1,1
"KERNEL_DISPATCH","Agent 4",2,1,205945,1009,23,"void rajaperf::apps::pressurecalc2<256ul>(double*, double*, double*, double*, double, double, double, long)",1009,104131005371866,104131005401626,0,0,12,4,32,256,1,1,1000192,1,1
"KERNEL_DISPATCH","Agent 4",2,1,205945,1015,23,"void rajaperf::apps::pressurecalc2<256ul>(double*, double*, double*, double*, double, double, double, long)",1015,104131005500666,104131005530427,0,0,12,4,32,256,1,1,1000192,1,1
"KERNEL_DISPATCH","Agent 4",2,1,205945,1018,22,"void rajaperf::apps::pressurecalc1<256ul>(double*, double*, double, long)",1018,104131005573787,104131005587387,0,0,8,0,32,256,1,1,1000192,1,1
"KERNEL_DISPATCH","Agent 4",2,1,205945,1019,23,"void rajaperf::apps::pressurecalc2<256ul>(double*, double*, double*, double*, double, double, double, long)",1019,104131005587387,104131005616507,0,0,12,4,32,256,1,1,1000192,1,1
"KERNEL_DISPATCH","Agent 4",2,1,205945,1020,22,"void rajaperf::apps::pressurecalc1<256ul>(double*, double*, double, long)",1020,104131005616507,104131005630107,0,0,8,0,32,256,1,1,1000192,1,1
"KERNEL_DISPATCH","Agent 4",2,1,205945,1021,23,"void rajaperf::apps::pressurecalc2<256ul>(double*, double*, double*, double*, double, double, double, long)",1021,104131005630107,104131005660027,0,0,12,4,32,256,1,1,1000192,1,1
"KERNEL_DISPATCH","Agent 4",2,1,205945,1022,22,"void rajaperf::apps::pressurecalc1<256ul>(double*, double*, double, long)",1022,104131005660027,104131005673467,0,0,8,0,32,256,1,1,1000192,1,1
"KERNEL_DISPATCH","Agent 4",2,1,205945,1023,23,"void rajaperf::apps::pressurecalc2<256ul>(double*, double*, double*, double*, double, double, double, long)",1023,104131005673467,104131005703228,0,0,12,4,32,256,1,1,1000192,1,1
"KERNEL_DISPATCH","Agent 4",2,1,205945,1024,22,"void rajaperf::apps::pressurecalc1<256ul>(double*, double*, double, long)",1024,104131005703228,104131005716508,0,0,8,0,32,256,1,1,1000192,1,1
"KERNEL_DISPATCH","Agent 4",2,1,205945,1025,23,"void rajaperf::apps::pressurecalc2<256ul>(double*, double*, double*, double*, double, double, double, long)",1025,104131005716508,104131005746268,0,0,12,4,32,256,1,1,1000192,1,1
"KERNEL_DISPATCH","Agent 4",2,1,205945,1026,22,"void rajaperf::apps::pressurecalc1<256ul>(double*, double*, double, long)",1026,104131005746268,104131005760508,0,0,8,0,32,256,1,1,1000192,1,1
"KERNEL_DISPATCH","Agent 4",2,1,205945,1027,23,"void rajaperf::apps::pressurecalc2<256ul>(double*, double*, double*, double*, double, double, double, long)",1027,104131005760508,104131005789788,0,0,12,4,32,256,1,1,1000192,1,1
"KERNEL_DISPATCH","Agent 4",2,1,205945,1028,22,"void rajaperf::apps::pressurecalc1<256ul>(double*, double*, double, long)",1028,104131005789788,104131005803388,0,0,8,0,32,256,1,1,1000192,1,1
"KERNEL_DISPATCH","Agent 4",2,1,205945,1029,23,"void rajaperf::apps::pressurecalc2<256ul>(double*, double*, double*, double*, double, double, double, long)",1029,104131005803388,104131005833148,0,0,12,4,32,256,1,1,1000192,1,1
"KERNEL_DISPATCH","Agent 4",2,1,205945,1030,22,"void rajaperf::apps::pressurecalc1<256ul>(double*, double*, double, long)",1030,104131005833148,104131005846429,0,0,8,0,32,256,1,1,1000192,1,1
"KERNEL_DISPATCH","Agent 4",2,1,205945,1031,23,"void rajaperf::apps::pressurecalc2<256ul>(double*, double*, double*, double*, double, double, double, long)",1031,104131005846429,104131005876349,0,0,12,4,32,256,1,1,1000192,1,1
"KERNEL_DISPATCH","Agent 4",2,1,205945,1032,22,"void rajaperf::apps::pressurecalc1<256ul>(double*, double*, double, long)",1032,104131005876349,104131005889469,0,0,8,0,32,256,1,1,1000192,1,1
"KERNEL_DISPATCH","Agent 4",2,1,205945,1033,23,"void rajaperf::apps::pressurecalc2<256ul>(double*, double*, double*, double*, double, double, double, long)",1033,104131005889469,104131005919389,0,0,12,4,32,256,1,1,1000192,1,1
"KERNEL_DISPATCH","Agent 4",2,1,205945,1034,22,"void rajaperf::apps::pressurecalc1<256ul>(double*, double*, double, long)",1034,104131005919389,104131005932669,0,0,8,0,32,256,1,1,1000192,1,1
"KERNEL_DISPATCH","Agent 4",2,1,205945,1035,23,"void rajaperf::apps::pressurecalc2<256ul>(double*, double*, double*, double*, double, double, double, long)",1035,104131005932669,104131005962429,0,0,12,4,32,256,1,1,1000192,1,1
"KERNEL_DISPATCH","Agent 4",2,1,205945,1036,22,"void rajaperf::apps::pressurecalc1<256ul>(double*, double*, double, long)",1036,104131005962429,104131005975869,0,0,8,0,32,256,1,1,1000192,1,1
"KERNEL_DISPATCH","Agent 4",2,1,205945,1037,23,"void rajaperf::apps::pressurecalc2<256ul>(double*, double*, double*, double*, double, double, double, long)",1037,104131005975869,104131006005309,0,0,12,4,32,256,1,1,1000192,1,1
"KERNEL_DISPATCH","Agent 4",2,1,205945,1038,22,"void rajaperf::apps::pressurecalc1<256ul>(double*, double*, double, long)",1038,104131006005309,104131006018750,0,0,8,0,32,256,1,1,1000192,1,1
"KERNEL_DISPATCH","Agent 4",2,1,205945,1039,23,"void rajaperf::apps::pressurecalc2<256ul>(double*, double*, double*, double*, double, double, double, long)",1039,104131006018750,104131006048350,0,0,12,4,32,256,1,1,1000192,1,1
"KERNEL_DISPATCH","Agent 4",2,1,205945,1040,22,"void rajaperf::apps::pressurecalc1<256ul>(double*, double*, double, long)",1040,104131006048350,104131006061950,0,0,8,0,32,256,1,1,1000192,1,1
"KERNEL_DISPATCH","Agent 4",2,1,205945,1041,23,"void rajaperf::apps::pressurecalc2<256ul>(double*, double*, double*, double*, double, double, double, long)",1041,104131006061950,104131006091710,0,0,12,4,32,256,1,1,1000192,1,1
"KERNEL_DISPATCH","Agent 4",2,1,205945,1042,22,"void rajaperf::apps::pressurecalc1<256ul>(double*, double*, double, long)",1042,104131006091710,104131006105310,0,0,8,0,32,256,1,1,1000192,1,1
"KERNEL_DISPATCH","Agent 4",2,1,205945,1043,23,"void rajaperf::apps::pressurecalc2<256ul>(double*, double*, double*, double*, double, double, double, long)",1043,104131006105310,104131006135070,0,0,12,4,32,256,1,1,1000192,1,1
"KERNEL_DISPATCH","Agent 4",2,1,205945,1044,22,"void rajaperf::apps::pressurecalc1<256ul>(double*, double*, double, long)",1044,104131006135070,104131006148510,0,0,8,0,32,256,1,1,1000192,1,1
"KERNEL_DISPATCH","Agent 4",2,1,205945,1045,23,"void rajaperf::apps::pressurecalc2<256ul>(double*, double*, double*, double*, double, double, double, long)",1045,104131006148510,104131006178591,0,0,12,4,32,256,1,1,1000192,1,1
"KERNEL_DISPATCH","Agent 4",2,1,205945,1046,22,"void rajaperf::apps::pressurecalc1<256ul>(double*, double*, double, long)",1046,104131006178591,104131006191871,0,0,8,0,32,256,1,1,1000192,1,1
"KERNEL_DISPATCH","Agent 4",2,1,205945,1047,23,"void rajaperf::apps::pressurecalc2<256ul>(double*, double*, double*, double*, double, double, double, long)",1047,104131006191871,104131006221791,0,0,12,4,32,256,1,1,1000192,1,1
"KERNEL_DISPATCH","Agent 4",2,1,205945,1048,22,"void rajaperf::apps::pressurecalc1<256ul>(double*, double*, double, long)",1048,104131006221791,104131006235231,0,0,8,0,32,256,1,1,1000192,1,1
"KERNEL_DISPATCH","Agent 4",2,1,205945,1049,23,"void rajaperf::apps::pressurecalc2<256ul>(double*, double*, double*, double*, double, double, double, long)",1049,104131006235231,104131006264991,0,0,12,4,32,256,1,1,1000192,1,1
"KERNEL_DISPATCH","Agent 4",2,1,205945,1050,22,"void rajaperf::apps::pressurecalc1<256ul>(double*, double*, double, long)",1050,104131006264991,104131006277951,0,0,8,0,32,256,1,1,1000192,1,1
"KERNEL_DISPATCH","Agent 4",2,1,205945,1051,23,"void rajaperf::apps::pressurecalc2<256ul>(double*, double*, double*, double*, double, double, double, long)",1051,104131006277951,104131006308351,0,0,12,4,32,256,1,1,1000192,1,1
"KERNEL_DISPATCH","Agent 4",2,1,205945,1052,22,"void rajaperf::apps::pressurecalc1<256ul>(double*, double*, double, long)",1052,104131006308351,104131006322111,0,0,8,0,32,256,1,1,1000192,1,1
"KERNEL_DISPATCH","Agent 4",2,1,205945,1053,23,"void rajaperf::apps::pressurecalc2<256ul>(double*, double*, double*, double*, double, double, double, long)",1053,104131006322111,104131006351872,0,0,12,4,32,256,1,1,1000192,1,1
"KERNEL_DISPATCH","Agent 4",2,1,205945,1054,22,"void rajaperf::apps::pressurecalc1<256ul>(double*, double*, double, long)",1054,104131006351872,104131006365312,0,0,8,0,32,256,1,1,1000192,1,1
"KERNEL_DISPATCH","Agent 4",2,1,205945,1055,23,"void rajaperf::apps::pressurecalc2<256ul>(double*, double*, double*, double*, double, double, double, long)",1055,104131006365312,104131006394912,0,0,12,4,32,256,1,1,1000192,1,1
"KERNEL_DISPATCH","Agent 4",2,1,205945,1056,22,"void rajaperf::apps::pressurecalc1<256ul>(double*, double*, double, long)",1056,104131006394912,104131006408352,0,0,8,0,32,256,1,1,1000192,1,1
"KERNEL_DISPATCH","Agent 4",2,1,205945,1057,23,"void rajaperf::apps::pressurecalc2<256ul>(double*, double*, double*, double*, double, double, double, long)",1057,104131006408352,104131006438432,0,0,12,4,32,256,1,1,1000192,1,1
"KERNEL_DISPATCH","Agent 4",2,1,205945,1058,22,"void rajaperf::apps::pressurecalc1<256ul>(double*, double*, double, long)",1058,104131006438432,104131006452512,0,0,8,0,32,256,1,1,1000192,1,1
"KERNEL_DISPATCH","Agent 4",2,1,205945,1059,23,"void rajaperf::apps::pressurecalc2<256ul>(double*, double*, double*, double*, double, double, double, long)",1059,104131006452512,104131006482272,0,0,12,4,32,256,1,1,1000192,1,1
"KERNEL_DISPATCH","Agent 4",2,1,205945,1060,22,"void rajaperf::apps::pressurecalc1<256ul>(double*, double*, double, long)",1060,104131006482272,104131006496032,0,0,8,0,32,256,1,1,1000192,1,1
"KERNEL_DISPATCH","Agent 4",2,1,205945,1061,23,"void rajaperf::apps::pressurecalc2<256ul>(double*, double*, double*, double*, double, double, double, long)",1061,104131006496032,104131006525793,0,0,12,4,32,256,1,1,1000192,1,1
"KERNEL_DISPATCH","Agent 4",2,1,205945,1062,22,"void rajaperf::apps::pressurecalc1<256ul>(double*, double*, double, long)",1062,104131006525793,104131006539073,0,0,8,0,32,256,1,1,1000192,1,1
"KERNEL_DISPATCH","Agent 4",2,1,205945,1063,23,"void rajaperf::apps::pressurecalc2<256ul>(double*, double*, double*, double*, double, double, double, long)",1063,104131006539073,104131006568673,0,0,12,4,32,256,1,1,1000192,1,1
"KERNEL_DISPATCH","Agent 4",2,1,205945,1064,22,"void rajaperf::apps::pressurecalc1<256ul>(double*, double*, double, long)",1064,104131006568673,104131006582273,0,0,8,0,32,256,1,1,1000192,1,1
"KERNEL_DISPATCH","Agent 4",2,1,205945,1065,23,"void rajaperf::apps::pressurecalc2<256ul>(double*, double*, double*, double*, double, double, double, long)",1065,104131006582273,104131006612033,0,0,12,4,32,256,1,1,1000192,1,1
"KERNEL_DISPATCH","Agent 4",2,1,205945,1066,22,"void rajaperf::apps::pressurecalc1<256ul>(double*, double*, double, long)",1066,104131006612033,104131006625473,0,0,8,0,32,256,1,1,1000192,1,1
"KERNEL_DISPATCH","Agent 4",2,1,205945,1067,23,"void rajaperf::apps::pressurecalc2<256ul>(double*, double*, double*, double*, double, double, double, long)",1067,104131006625473,104131006654913,0,0,12,4,32,256,1,1,1000192,1,1
"KERNEL_DISPATCH","Agent 4",2,1,205945,1068,22,"void rajaperf::apps::pressurecalc1<256ul>(double*, double*, double, long)",1068,104131006654913,104131006668674,0,0,8,0,32,256,1,1,1000192,1,1
"KERNEL_DISPATCH","Agent 4",2,1,205945,1069,23,"void rajaperf::apps::pressurecalc2<256ul>(double*, double*, double*, double*, double, double, double, long)",1069,104131006668674,104131006698434,0,0,12,4,32,256,1,1,1000192,1,1
"KERNEL_DISPATCH","Agent 4",2,1,205945,1070,22,"void rajaperf::apps::pressurecalc1<256ul>(double*, double*, double, long)",1070,104131006698434,104131006711714,0,0,8,0,32,256,1,1,1000192,1,1
"KERNEL_DISPATCH","Agent 4",2,1,205945,1071,23,"void rajaperf::apps::pressurecalc2<256ul>(double*, double*, double*, double*, double, double, double, long)",1071,104131006711714,104131006741954,0,0,12,4,32,256,1,1,1000192,1,1
"KERNEL_DISPATCH","Agent 4",2,1,205945,1072,22,"void rajaperf::apps::pressurecalc1<256ul>(double*, double*, double, long)",1072,104131006741954,104131006755394,0,0,8,0,32,256,1,1,1000192,1,1
"KERNEL_DISPATCH","Agent 4",2,1,205945,1073,23,"void rajaperf::apps::pressurecalc2<256ul>(double*, double*, double*, double*, double, double, double, long)",1073,104131006755394,104131006785314,0,0,12,4,32,256,1,1,1000192,1,1
"KERNEL_DISPATCH","Agent 4",2,1,205945,1074,22,"void rajaperf::apps::pressurecalc1<256ul>(double*, double*, double, long)",1074,104131006785314,104131006798914,0,0,8,0,32,256,1,1,1000192,1,1
"KERNEL_DISPATCH","Agent 4",2,1,205945,1075,23,"void rajaperf::apps::pressurecalc2<256ul>(double*, double*, double*, double*, double, double, double, long)",1075,104131006798914,104131006828194,0,0,12,4,32,256,1,1,1000192,1,1
"KERNEL_DISPATCH","Agent 4",2,1,205945,1076,22,"void rajaperf::apps::pressurecalc1<256ul>(double*, double*, double, long)",1076,104131006828194,104131006841795,0,0,8,0,32,256,1,1,1000192,1,1
"KERNEL_DISPATCH","Agent 4",2,1,205945,1077,23,"void rajaperf::apps::pressurecalc2<256ul>(double*, double*, double*, double*, double, double, double, long)",1077,104131006841795,104131006871715,0,0,12,4,32,256,1,1,1000192,1,1
"KERNEL_DISPATCH","Agent 4",2,1,205945,1078,22,"void rajaperf::apps::pressurecalc1<256ul>(double*, double*, double, long)",1078,104131006871715,104131006885155,0,0,8,0,32,256,1,1,1000192,1,1
"KERNEL_DISPATCH","Agent 4",2,1,205945,1079,23,"void rajaperf::apps::pressurecalc2<256ul>(double*, double*, double*, double*, double, double, double, long)",1079,104131006885155,104131006915075,0,0,12,4,32,256,1,1,1000192,1,1
"KERNEL_DISPATCH","Agent 4",2,1,205945,1080,22,"void rajaperf::apps::pressurecalc1<256ul>(double*, double*, double, long)",1080,104131006915075,104131006928515,0,0,8,0,32,256,1,1,1000192,1,1
"KERNEL_DISPATCH","Agent 4",2,1,205945,1081,23,"void rajaperf::apps::pressurecalc2<256ul>(double*, double*, double*, double*, double, double, double, long)",1081,104131006928515,104131006958275,0,0,12,4,32,256,1,1,1000192,1,1
"KERNEL_DISPATCH","Agent 4",2,1,205945,1082,22,"void rajaperf::apps::pressurecalc1<256ul>(double*, double*, double, long)",1082,104131006958275,104131006971875,0,0,8,0,32,256,1,1,1000192,1,1
"KERNEL_DISPATCH","Agent 4",2,1,205945,1083,23,"void rajaperf::apps::pressurecalc2<256ul>(double*, double*, double*, double*, double, double, double, long)",1083,104131006971875,104131007001476,0,0,12,4,32,256,1,1,1000192,1,1
"KERNEL_DISPATCH","Agent 4",2,1,205945,1084,22,"void rajaperf::apps::pressurecalc1<256ul>(double*, double*, double, long)",1084,104131007001476,104131007014916,0,0,8,0,32,256,1,1,1000192,1,1
"KERNEL_DISPATCH","Agent 4",2,1,205945,1085,23,"void rajaperf::apps::pressurecalc2<256ul>(double*, double*, double*, double*, double, double, double, long)",1085,104131007014916,104131007044356,0,0,12,4,32,256,1,1,1000192,1,1
"KERNEL_DISPATCH","Agent 4",2,1,205945,1086,22,"void rajaperf::apps::pressurecalc1<256ul>(double*, double*, double, long)",1086,104131007044356,104131007057636,0,0,8,0,32,256,1,1,1000192,1,1
"KERNEL_DISPATCH","Agent 4",2,1,205945,1087,23,"void rajaperf::apps::pressurecalc2<256ul>(double*, double*, double*, double*, double, double, double, long)",1087,104131007057636,104131007087396,0,0,12,4,32,256,1,1,1000192,1,1
"KERNEL_DISPATCH","Agent 4",2,1,205945,1088,22,"void rajaperf::apps::pressurecalc1<256ul>(double*, double*, double, long)",1088,104131007087396,104131007100996,0,0,8,0,32,256,1,1,1000192,1,1
"KERNEL_DISPATCH","Agent 4",2,1,205945,1089,23,"void rajaperf::apps::pressurecalc2<256ul>(double*, double*, double*, double*, double, double, double, long)",1089,104131007100996,104131007130596,0,0,12,4,32,256,1,1,1000192,1,1
"KERNEL_DISPATCH","Agent 4",2,1,205945,1090,22,"void rajaperf::apps::pressurecalc1<256ul>(double*, double*, double, long)",1090,104131007130596,104131007143876,0,0,8,0,32,256,1,1,1000192,1,1
"KERNEL_DISPATCH","Agent 4",2,1,205945,1091,23,"void rajaperf::apps::pressurecalc2<256ul>(double*, double*, double*, double*, double, double, double, long)",1091,104131007143876,104131007173637,0,0,12,4,32,256,1,1,1000192,1,1
"KERNEL_DISPATCH","Agent 4",2,1,205945,1092,22,"void rajaperf::apps::pressurecalc1<256ul>(double*, double*, double, long)",1092,104131007173637,104131007186917,0,0,8,0,32,256,1,1,1000192,1,1
"KERNEL_DISPATCH","Agent 4",2,1,205945,1093,23,"void rajaperf::apps::pressurecalc2<256ul>(double*, double*, double*, double*, double, double, double, long)",1093,104131007186917,104131007216037,0,0,12,4,32,256,1,1,1000192,1,1
"KERNEL_DISPATCH","Agent 4",2,1,205945,1094,22,"void rajaperf::apps::pressurecalc1<256ul>(double*, double*, double, long)",1094,104131007216037,104131007229317,0,0,8,0,32,256,1,1,1000192,1,1
"KERNEL_DISPATCH","Agent 4",2,1,205945,1095,23,"void rajaperf::apps::pressurecalc2<256ul>(double*, double*, double*, double*, double, double, double, long)",1095,104131007229317,104131007259077,0,0,12,4,32,256,1,1,1000192,1,1
"KERNEL_DISPATCH","Agent 4",2,1,205945,1096,22,"void rajaperf::apps::pressurecalc1<256ul>(double*, double*, double, long)",1096,104131007259077,104131007272357,0,0,8,0,32,256,1,1,1000192,1,1
"KERNEL_DISPATCH","Agent 4",2,1,205945,1097,23,"void rajaperf::apps::pressurecalc2<256ul>(double*, double*, double*, double*, double, double, double, long)",1097,104131007272357,104131007301477,0,0,12,4,32,256,1,1,1000192,1,1
"KERNEL_DISPATCH","Agent 4",2,1,205945,1098,22,"void rajaperf::apps::pressurecalc1<256ul>(double*, double*, double, long)",1098,104131007301477,104131007314757,0,0,8,0,32,256,1,1,1000192,1,1
"KERNEL_DISPATCH","Agent 4",2,1,205945,1099,23,"void rajaperf::apps::pressurecalc2<256ul>(double*, double*, double*, double*, double, double, double, long)",1099,104131007314757,104131007344198,0,0,12,4,32,256,1,1,1000192,1,1
"KERNEL_DISPATCH","Agent 4",2,1,205945,1100,22,"void rajaperf::apps::pressurecalc1<256ul>(double*, double*, double, long)",1100,104131007344198,104131007357638,0,0,8,0,32,256,1,1,1000192,1,1
"KERNEL_DISPATCH","Agent 4",2,1,205945,1101,23,"void rajaperf::apps::pressurecalc2<256ul>(double*, double*, double*, double*, double, double, double, long)",1101,104131007357638,104131007386918,0,0,12,4,32,256,1,1,1000192,1,1
"KERNEL_DISPATCH","Agent 4",2,1,205945,1102,22,"void rajaperf::apps::pressurecalc1<256ul>(double*, double*, double, long)",1102,104131007386918,104131007400198,0,0,8,0,32,256,1,1,1000192,1,1
"KERNEL_DISPATCH","Agent 4",2,1,205945,1103,23,"void rajaperf::apps::pressurecalc2<256ul>(double*, double*, double*, double*, double, double, double, long)",1103,104131007400198,104131007430118,0,0,12,4,32,256,1,1,1000192,1,1
"KERNEL_DISPATCH","Agent 4",2,1,205945,1104,22,"void rajaperf::apps::pressurecalc1<256ul>(double*, double*, double, long)",1104,104131007430118,104131007443398,0,0,8,0,32,256,1,1,1000192,1,1
"KERNEL_DISPATCH","Agent 4",2,1,205945,1105,23,"void rajaperf::apps::pressurecalc2<256ul>(double*, double*, double*, double*, double, double, double, long)",1105,104131007443398,104131007473158,0,0,12,4,32,256,1,1,1000192,1,1
"KERNEL_DISPATCH","Agent 4",2,1,205945,1106,22,"void rajaperf::apps::pressurecalc1<256ul>(double*, double*, double, long)",1106,104131007473158,104131007486598,0,0,8,0,32,256,1,1,1000192,1,1
"KERNEL_DISPATCH","Agent 4",2,1,205945,1107,23,"void rajaperf::apps::pressurecalc2<256ul>(double*, double*, double*, double*, double, double, double, long)",1107,104131007486598,104131007515879,0,0,12,4,32,256,1,1,1000192,1,1
"KERNEL_DISPATCH","Agent 4",2,1,205945,1108,22,"void rajaperf::apps::pressurecalc1<256ul>(double*, double*, double, long)",1108,104131007515879,104131007529319,0,0,8,0,32,256,1,1,1000192,1,1
"KERNEL_DISPATCH","Agent 4",2,1,205945,1109,23,"void rajaperf::apps::pressurecalc2<256ul>(double*, double*, double*, double*, double, double, double, long)",1109,104131007529319,104131007559079,0,0,12,4,32,256,1,1,1000192,1,1
"KERNEL_DISPATCH","Agent 4",2,1,205945,1110,22,"void rajaperf::apps::pressurecalc1<256ul>(double*, double*, double, long)",1110,104131007559079,104131007572359,0,0,8,0,32,256,1,1,1000192,1,1
"KERNEL_DISPATCH","Agent 4",2,1,205945,1111,23,"void rajaperf::apps::pressurecalc2<256ul>(double*, double*, double*, double*, double, double, double, long)",1111,104131007572359,104131007602439,0,0,12,4,32,256,1,1,1000192,1,1
"KERNEL_DISPATCH","Agent 4",2,1,205945,1112,22,"void rajaperf::apps::pressurecalc1<256ul>(double*, double*, double, long)",1112,104131007602439,104131007615399,0,0,8,0,32,256,1,1,1000192,1,1
"KERNEL_DISPATCH","Agent 4",2,1,205945,1113,23,"void rajaperf::apps::pressurecalc2<256ul>(double*, double*, double*, double*, double, double, double, long)",1113,104131007615399,104131007645479,0,0,12,4,32,256,1,1,1000192,1,1
"KERNEL_DISPATCH","Agent 4",2,1,205945,1114,22,"void rajaperf::apps::pressurecalc1<256ul>(double*, double*, double, long)",1114,104131007645479,104131007659239,0,0,8,0,32,256,1,1,1000192,1,1
"KERNEL_DISPATCH","Agent 4",2,1,205945,1115,23,"void rajaperf::apps::pressurecalc2<256ul>(double*, double*, double*, double*, double, double, double, long)",1115,104131007659239,104131007689160,0,0,12,4,32,256,1,1,1000192,1,1
"KERNEL_DISPATCH","Agent 4",2,1,205945,1116,22,"void rajaperf::apps::pressurecalc1<256ul>(double*, double*, double, long)",1116,104131007689160,104131007702600,0,0,8,0,32,256,1,1,1000192,1,1
"KERNEL_DISPATCH","Agent 4",2,1,205945,1117,23,"void rajaperf::apps::pressurecalc2<256ul>(double*, double*, double*, double*, double, double, double, long)",1117,104131007702600,104131007732200,0,0,12,4,32,256,1,1,1000192,1,1
"KERNEL_DISPATCH","Agent 4",2,1,205945,1118,22,"void rajaperf::apps::pressurecalc1<256ul>(double*, double*, double, long)",1118,104131007732200,104131007745800,0,0,8,0,32,256,1,1,1000192,1,1
"KERNEL_DISPATCH","Agent 4",2,1,205945,1119,23,"void rajaperf::apps::pressurecalc2<256ul>(double*, double*, double*, double*, double, double, double, long)",1119,104131007745800,104131007775560,0,0,12,4,32,256,1,1,1000192,1,1
"KERNEL_DISPATCH","Agent 4",2,1,205945,1120,22,"void rajaperf::apps::pressurecalc1<256ul>(double*, double*, double, long)",1120,104131007775560,104131007788840,0,0,8,0,32,256,1,1,1000192,1,1
"KERNEL_DISPATCH","Agent 4",2,1,205945,1121,23,"void rajaperf::apps::pressurecalc2<256ul>(double*, double*, double*, double*, double, double, double, long)",1121,104131007788840,104131007818280,0,0,12,4,32,256,1,1,1000192,1,1
"KERNEL_DISPATCH","Agent 4",2,1,205945,1122,22,"void rajaperf::apps::pressurecalc1<256ul>(double*, double*, double, long)",1122,104131007818280,104131007832521,0,0,8,0,32,256,1,1,1000192,1,1
"KERNEL_DISPATCH","Agent 4",2,1,205945,1123,23,"void rajaperf::apps::pressurecalc2<256ul>(double*, double*, double*, double*, double, double, double, long)",1123,104131007832521,104131007862121,0,0,12,4,32,256,1,1,1000192,1,1
"KERNEL_DISPATCH","Agent 4",2,1,205945,1124,22,"void rajaperf::apps::pressurecalc1<256ul>(double*, double*, double, long)",1124,104131007862121,104131007875721,0,0,8,0,32,256,1,1,1000192,1,1
"KERNEL_DISPATCH","Agent 4",2,1,205945,1125,23,"void rajaperf::apps::pressurecalc2<256ul>(double*, double*, double*, double*, double, double, double, long)",1125,104131007875721,104131007905481,0,0,12,4,32,256,1,1,1000192,1,1
"KERNEL_DISPATCH","Agent 4",2,1,205945,1126,22,"void rajaperf::apps::pressurecalc1<256ul>(double*, double*, double, long)",1126,104131007905481,104131007918921,0,0,8,0,32,256,1,1,1000192,1,1
"KERNEL_DISPATCH","Agent 4",2,1,205945,1127,23,"void rajaperf::apps::pressurecalc2<256ul>(double*, double*, double*, double*, double, double, double, long)",1127,104131007918921,104131007948521,0,0,12,4,32,256,1,1,1000192,1,1
"KERNEL_DISPATCH","Agent 4",2,1,205945,1128,22,"void rajaperf::apps::pressurecalc1<256ul>(double*, double*, double, long)",1128,104131007948521,104131007961801,0,0,8,0,32,256,1,1,1000192,1,1
"KERNEL_DISPATCH","Agent 4",2,1,205945,1129,23,"void rajaperf::apps::pressurecalc2<256ul>(double*, double*, double*, double*, double, double, double, long)",1129,104131007961801,104131007991081,0,0,12,4,32,256,1,1,1000192,1,1
"KERNEL_DISPATCH","Agent 4",2,1,205945,1130,22,"void rajaperf::apps::pressurecalc1<256ul>(double*, double*, double, long)",1130,104131007991081,104131008004522,0,0,8,0,32,256,1,1,1000192,1,1
"KERNEL_DISPATCH","Agent 4",2,1,205945,1131,23,"void rajaperf::apps::pressurecalc2<256ul>(double*, double*, double*, double*, double, double, double, long)",1131,104131008004522,104131008034122,0,0,12,4,32,256,1,1,1000192,1,1
"KERNEL_DISPATCH","Agent 4",2,1,205945,1132,22,"void rajaperf::apps::pressurecalc1<256ul>(double*, double*, double, long)",1132,104131008034122,104131008047562,0,0,8,0,32,256,1,1,1000192,1,1
"KERNEL_DISPATCH","Agent 4",2,1,205945,1133,23,"void rajaperf::apps::pressurecalc2<256ul>(double*, double*, double*, double*, double, double, double, long)",1133,104131008047562,104131008077322,0,0,12,4,32,256,1,1,1000192,1,1
"KERNEL_DISPATCH","Agent 4",2,1,205945,1134,22,"void rajaperf::apps::pressurecalc1<256ul>(double*, double*, double, long)",1134,104131008077322,104131008090762,0,0,8,0,32,256,1,1,1000192,1,1
"KERNEL_DISPATCH","Agent 4",2,1,205945,1135,23,"void rajaperf::apps::pressurecalc2<256ul>(double*, double*, double*, double*, double, double, double, long)",1135,104131008090762,104131008120522,0,0,12,4,32,256,1,1,1000192,1,1
"KERNEL_DISPATCH","Agent 4",2,1,205945,1136,22,"void rajaperf::apps::pressurecalc1<256ul>(double*, double*, double, long)",1136,104131008120522,104131008134122,0,0,8,0,32,256,1,1,1000192,1,1
"KERNEL_DISPATCH","Agent 4",2,1,205945,1137,23,"void rajaperf::apps::pressurecalc2<256ul>(double*, double*, double*, double*, double, double, double, long)",1137,104131008134122,104131008163883,0,0,12,4,32,256,1,1,1000192,1,1
"KERNEL_DISPATCH","Agent 4",2,1,205945,1138,22,"void rajaperf::apps::pressurecalc1<256ul>(double*, double*, double, long)",1138,104131008163883,104131008177163,0,0,8,0,32,256,1,1,1000192,1,1
"KERNEL_DISPATCH","Agent 4",2,1,205945,1139,23,"void rajaperf::apps::pressurecalc2<256ul>(double*, double*, double*, double*, double, double, double, long)",1139,104131008177163,104131008206603,0,0,12,4,32,256,1,1,1000192,1,1
"KERNEL_DISPATCH","Agent 4",2,1,205945,1140,22,"void rajaperf::apps::pressurecalc1<256ul>(double*, double*, double, long)",1140,104131008206603,104131008220203,0,0,8,0,32,256,1,1,1000192,1,1
"KERNEL_DISPATCH","Agent 4",2,1,205945,1141,23,"void rajaperf::apps::pressurecalc2<256ul>(double*, double*, double*, double*, double, double, double, long)",1141,104131008220203,104131008249643,0,0,12,4,32,256,1,1,1000192,1,1
"KERNEL_DISPATCH","Agent 4",2,1,205945,1142,22,"void rajaperf::apps::pressurecalc1<256ul>(double*, double*, double, long)",1142,104131008249643,104131008262763,0,0,8,0,32,256,1,1,1000192,1,1
"KERNEL_DISPATCH","Agent 4",2,1,205945,1143,23,"void rajaperf::apps::pressurecalc2<256ul>(double*, double*, double*, double*, double, double, double, long)",1143,104131008262763,104131008292683,0,0,12,4,32,256,1,1,1000192,1,1
"KERNEL_DISPATCH","Agent 4",2,1,205945,1144,22,"void rajaperf::apps::pressurecalc1<256ul>(double*, double*, double, long)",1144,104131008292683,104131008305803,0,0,8,0,32,256,1,1,1000192,1,1
"KERNEL_DISPATCH","Agent 4",2,1,205945,1145,23,"void rajaperf::apps::pressurecalc2<256ul>(double*, double*, double*, double*, double, double, double, long)",1145,104131008305803,104131008335404,0,0,12,4,32,256,1,1,1000192,1,1
"KERNEL_DISPATCH","Agent 4",2,1,205945,1146,22,"void rajaperf::apps::pressurecalc1<256ul>(double*, double*, double, long)",1146,104131008335404,104131008349004,0,0,8,0,32,256,1,1,1000192,1,1
"KERNEL_DISPATCH","Agent 4",2,1,205945,1147,23,"void rajaperf::apps::pressurecalc2<256ul>(double*, double*, double*, double*, double, double, double, long)",1147,104131008349004,104131008378764,0,0,12,4,32,256,1,1,1000192,1,1
"KERNEL_DISPATCH","Agent 4",2,1,205945,1148,22,"void rajaperf::apps::pressurecalc1<256ul>(double*, double*, double, long)",1148,104131008378764,104131008392364,0,0,8,0,32,256,1,1,1000192,1,1
"KERNEL_DISPATCH","Agent 4",2,1,205945,1149,23,"void rajaperf::apps::pressurecalc2<256ul>(double*, double*, double*, double*, double, double, double, long)",1149,104131008392364,104131008422124,0,0,12,4,32,256,1,1,1000192,1,1
"KERNEL_DISPATCH","Agent 4",2,1,205945,1150,22,"void rajaperf::apps::pressurecalc1<256ul>(double*, double*, double, long)",1150,104131008422124,104131008435724,0,0,8,0,32,256,1,1,1000192,1,1
"KERNEL_DISPATCH","Agent 4",2,1,205945,1151,23,"void rajaperf::apps::pressurecalc2<256ul>(double*, double*, double*, double*, double, double, double, long)",1151,104131008435724,104131008465964,0,0,12,4,32,256,1,1,1000192,1,1
"KERNEL_DISPATCH","Agent 4",2,1,205945,1152,22,"void rajaperf::apps::pressurecalc1<256ul>(double*, double*, double, long)",1152,104131008465964,104131008479404,0,0,8,0,32,256,1,1,1000192,1,1
"KERNEL_DISPATCH","Agent 4",2,1,205945,1153,23,"void rajaperf::apps::pressurecalc2<256ul>(double*, double*, double*, double*, double, double, double, long)",1153,104131008479404,104131008509325,0,0,12,4,32,256,1,1,1000192,1,1
"KERNEL_DISPATCH","Agent 4",2,1,205945,1154,22,"void rajaperf::apps::pressurecalc1<256ul>(double*, double*, double, long)",1154,104131008509325,104131008523885,0,0,8,0,32,256,1,1,1000192,1,1
"KERNEL_DISPATCH","Agent 4",2,1,205945,1155,23,"void rajaperf::apps::pressurecalc2<256ul>(double*, double*, double*, double*, double, double, double, long)",1155,104131008523885,104131008553325,0,0,12,4,32,256,1,1,1000192,1,1
"KERNEL_DISPATCH","Agent 4",2,1,205945,1156,22,"void rajaperf::apps::pressurecalc1<256ul>(double*, double*, double, long)",1156,104131008553325,104131008566605,0,0,8,0,32,256,1,1,1000192,1,1
"KERNEL_DISPATCH","Agent 4",2,1,205945,1157,23,"void rajaperf::apps::pressurecalc2<256ul>(double*, double*, double*, double*, double, double, double, long)",1157,104131008566605,104131008596205,0,0,12,4,32,256,1,1,1000192,1,1
"KERNEL_DISPATCH","Agent 4",2,1,205945,1158,22,"void rajaperf::apps::pressurecalc1<256ul>(double*, double*, double, long)",1158,104131008596205,104131008609485,0,0,8,0,32,256,1,1,1000192,1,1
"KERNEL_DISPATCH","Agent 4",2,1,205945,1159,23,"void rajaperf::apps::pressurecalc2<256ul>(double*, double*, double*, double*, double, double, double, long)",1159,104131008609485,104131008639405,0,0,12,4,32,256,1,1,1000192,1,1
"KERNEL_DISPATCH","Agent 4",2,1,205945,1160,22,"void rajaperf::apps::pressurecalc1<256ul>(double*, double*, double, long)",1160,104131008639405,104131008652685,0,0,8,0,32,256,1,1,1000192,1,1
"KERNEL_DISPATCH","Agent 4",2,1,205945,1161,23,"void rajaperf::apps::pressurecalc2<256ul>(double*, double*, double*, double*, double, double, double, long)",1161,104131008652685,104131008682286,0,0,12,4,32,256,1,1,1000192,1,1
"KERNEL_DISPATCH","Agent 4",2,1,205945,1162,22,"void rajaperf::apps::pressurecalc1<256ul>(double*, double*, double, long)",1162,104131008682286,104131008695886,0,0,8,0,32,256,1,1,1000192,1,1
"KERNEL_DISPATCH","Agent 4",2,1,205945,1163,23,"void rajaperf::apps::pressurecalc2<256ul>(double*, double*, double*, double*, double, double, double, long)",1163,104131008695886,104131008725326,0,0,12,4,32,256,1,1,1000192,1,1
"KERNEL_DISPATCH","Agent 4",2,1,205945,1164,22,"void rajaperf::apps::pressurecalc1<256ul>(double*, double*, double, long)",1164,104131008725326,104131008738926,0,0,8,0,32,256,1,1,1000192,1,1
"KERNEL_DISPATCH","Agent 4",2,1,205945,1165,23,"void rajaperf::apps::pressurecalc2<256ul>(double*, double*, double*, double*, double, double, double, long)",1165,104131008738926,104131008768366,0,0,12,4,32,256,1,1,1000192,1,1
"KERNEL_DISPATCH","Agent 4",2,1,205945,1166,22,"void rajaperf::apps::pressurecalc1<256ul>(double*, double*, double, long)",1166,104131008768366,104131008781806,0,0,8,0,32,256,1,1,1000192,1,1
"KERNEL_DISPATCH","Agent 4",2,1,205945,1167,23,"void rajaperf::apps::pressurecalc2<256ul>(double*, double*, double*, double*, double, double, double, long)",1167,104131008781806,104131008811726,0,0,12,4,32,256,1,1,1000192,1,1
"KERNEL_DISPATCH","Agent 4",2,1,205945,1168,22,"void rajaperf::apps::pressurecalc1<256ul>(double*, double*, double, long)",1168,104131008811726,104131008825167,0,0,8,0,32,256,1,1,1000192,1,1
"KERNEL_DISPATCH","Agent 4",2,1,205945,1169,23,"void rajaperf::apps::pressurecalc2<256ul>(double*, double*, double*, double*, double, double, double, long)",1169,104131008825167,104131008854767,0,0,12,4,32,256,1,1,1000192,1,1
"KERNEL_DISPATCH","Agent 4",2,1,205945,1170,22,"void rajaperf::apps::pressurecalc1<256ul>(double*, double*, double, long)",1170,104131008854767,104131008868207,0,0,8,0,32,256,1,1,1000192,1,1
"KERNEL_DISPATCH","Agent 4",2,1,205945,1171,23,"void rajaperf::apps::pressurecalc2<256ul>(double*, double*, double*, double*, double, double, double, long)",1171,104131008868207,104131008897807,0,0,12,4,32,256,1,1,1000192,1,1
"KERNEL_DISPATCH","Agent 4",2,1,205945,1172,22,"void rajaperf::apps::pressurecalc1<256ul>(double*, double*, double, long)",1172,104131008897807,104131008911407,0,0,8,0,32,256,1,1,1000192,1,1
"KERNEL_DISPATCH","Agent 4",2,1,205945,1173,23,"void rajaperf::apps::pressurecalc2<256ul>(double*, double*, double*, double*, double, double, double, long)",1173,104131008911407,104131008941327,0,0,12,4,32,256,1,1,1000192,1,1
"KERNEL_DISPATCH","Agent 4",2,1,205945,1174,22,"void rajaperf::apps::pressurecalc1<256ul>(double*, double*, double, long)",1174,104131008941327,104131008954927,0,0,8,0,32,256,1,1,1000192,1,1
"KERNEL_DISPATCH","Agent 4",2,1,205945,1175,23,"void rajaperf::apps::pressurecalc2<256ul>(double*, double*, double*, double*, double, double, double, long)",1175,104131008954927,104131008984687,0,0,12,4,32,256,1,1,1000192,1,1
"KERNEL_DISPATCH","Agent 4",2,1,205945,1176,22,"void rajaperf::apps::pressurecalc1<256ul>(double*, double*, double, long)",1176,104131008984687,104131008998128,0,0,8,0,32,256,1,1,1000192,1,1
"KERNEL_DISPATCH","Agent 4",2,1,205945,1177,23,"void rajaperf::apps::pressurecalc2<256ul>(double*, double*, double*, double*, double, double, double, long)",1177,104131008998128,104131009027248,0,0,12,4,32,256,1,1,1000192,1,1
"KERNEL_DISPATCH","Agent 4",2,1,205945,1178,22,"void rajaperf::apps::pressurecalc1<256ul>(double*, double*, double, long)",1178,104131009027248,104131009040368,0,0,8,0,32,256,1,1,1000192,1,1
"KERNEL_DISPATCH","Agent 4",2,1,205945,1179,23,"void rajaperf::apps::pressurecalc2<256ul>(double*, double*, double*, double*, double, double, double, long)",1179,104131009040368,104131009070608,0,0,12,4,32,256,1,1,1000192,1,1
"KERNEL_DISPATCH","Agent 4",2,1,205945,1180,22,"void rajaperf::apps::pressurecalc1<256ul>(double*, double*, double, long)",1180,104131009070608,104131009083728,0,0,8,0,32,256,1,1,1000192,1,1
"KERNEL_DISPATCH","Agent 4",2,1,205945,1181,23,"void rajaperf::apps::pressurecalc2<256ul>(double*, double*, double*, double*, double, double, double, long)",1181,104131009083728,104131009113168,0,0,12,4,32,256,1,1,1000192,1,1
"KERNEL_DISPATCH","Agent 4",2,1,205945,1182,22,"void rajaperf::apps::pressurecalc1<256ul>(double*, double*, double, long)",1182,104131009113168,104131009126608,0,0,8,0,32,256,1,1,1000192,1,1
"KERNEL_DISPATCH","Agent 4",2,1,205945,1183,23,"void rajaperf::apps::pressurecalc2<256ul>(double*, double*, double*, double*, double, double, double, long)",1183,104131009126608,104131009155889,0,0,12,4,32,256,1,1,1000192,1,1
"KERNEL_DISPATCH","Agent 4",2,1,205945,1184,22,"void rajaperf::apps::pressurecalc1<256ul>(double*, double*, double, long)",1184,104131009155889,104131009169329,0,0,8,0,32,256,1,1,1000192,1,1
"KERNEL_DISPATCH","Agent 4",2,1,205945,1185,23,"void rajaperf::apps::pressurecalc2<256ul>(double*, double*, double*, double*, double, double, double, long)",1185,104131009169329,104131009199249,0,0,12,4,32,256,1,1,1000192,1,1
"KERNEL_DISPATCH","Agent 4",2,1,205945,1186,22,"void rajaperf::apps::pressurecalc1<256ul>(double*, double*, double, long)",1186,104131009199249,104131009212849,0,0,8,0,32,256,1,1,1000192,1,1
"KERNEL_DISPATCH","Agent 4",2,1,205945,1187,23,"void rajaperf::apps::pressurecalc2<256ul>(double*, double*, double*, double*, double, double, double, long)",1187,104131009212849,104131009242609,0,0,12,4,32,256,1,1,1000192,1,1
"KERNEL_DISPATCH","Agent 4",2,1,205945,1188,22,"void rajaperf::apps::pressurecalc1<256ul>(double*, double*, double, long)",1188,104131009242609,104131009256049,0,0,8,0,32,256,1,1,1000192,1,1
"KERNEL_DISPATCH","Agent 4",2,1,205945,1189,23,"void rajaperf::apps::pressurecalc2<256ul>(double*, double*, double*, double*, double, double, double, long)",1189,104131009256049,104131009285489,0,0,12,4,32,256,1,1,1000192,1,1
"KERNEL_DISPATCH","Agent 4",2,1,205945,1190,22,"void rajaperf::apps::pressurecalc1<256ul>(double*, double*, double, long)",1190,104131009285489,104131009298609,0,0,8,0,32,256,1,1,1000192,1,1
"KERNEL_DISPATCH","Agent 4",2,1,205945,1191,23,"void rajaperf::apps::pressurecalc2<256ul>(double*, double*, double*, double*, double, double, double, long)",1191,104131009298609,104131009328050,0,0,12,4,32,256,1,1,1000192,1,1
"KERNEL_DISPATCH","Agent 4",2,1,205945,1192,22,"void rajaperf::apps::pressurecalc1<256ul>(double*, double*, double, long)",1192,104131009328050,104131009341330,0,0,8,0,32,256,1,1,1000192,1,1
"KERNEL_DISPATCH","Agent 4",2,1,205945,1193,23,"void rajaperf::apps::pressurecalc2<256ul>(double*, double*, double*, double*, double, double, double, long)",1193,104131009341330,104131009370930,0,0,12,4,32,256,1,1,1000192,1,1
"KERNEL_DISPATCH","Agent 4",2,1,205945,1194,22,"void rajaperf::apps::pressurecalc1<256ul>(double*, double*, double, long)",1194,104131009370930,104131009384370,0,0,8,0,32,256,1,1,1000192,1,1
"KERNEL_DISPATCH","Agent 4",2,1,205945,1195,23,"void rajaperf::apps::pressurecalc2<256ul>(double*, double*, double*, double*, double, double, double, long)",1195,104131009384370,104131009414130,0,0,12,4,32,256,1,1,1000192,1,1
"KERNEL_DISPATCH","Agent 4",2,1,205945,1196,22,"void rajaperf::apps::pressurecalc1<256ul>(double*, double*, double, long)",1196,104131009414130,104131009427730,0,0,8,0,32,256,1,1,1000192,1,1
"KERNEL_DISPATCH","Agent 4",2,1,205945,1197,23,"void rajaperf::apps::pressurecalc2<256ul>(double*, double*, double*, double*, double, double, double, long)",1197,104131009427730,104131009457330,0,0,12,4,32,256,1,1,1000192,1,1
"KERNEL_DISPATCH","Agent 4",2,1,205945,1198,22,"void rajaperf::apps::pressurecalc1<256ul>(double*, double*, double, long)",1198,104131009457330,104131009470450,0,0,8,0,32,256,1,1,1000192,1,1
"KERNEL_DISPATCH","Agent 4",2,1,205945,1199,23,"void rajaperf::apps::pressurecalc2<256ul>(double*, double*, double*, double*, double, double, double, long)",1199,104131009470450,104131009500371,0,0,12,4,32,256,1,1,1000192,1,1
"KERNEL_DISPATCH","Agent 4",2,1,205945,1200,22,"void rajaperf::apps::pressurecalc1<256ul>(double*, double*, double, long)",1200,104131009500371,104131009513171,0,0,8,0,32,256,1,1,1000192,1,1
"KERNEL_DISPATCH","Agent 4",2,1,205945,1201,23,"void rajaperf::apps::pressurecalc2<256ul>(double*, double*, double*, double*, double, double, double, long)",1201,104131009513171,104131009543571,0,0,12,4,32,256,1,1,1000192,1,1
"KERNEL_DISPATCH","Agent 4",2,1,205945,1202,22,"void rajaperf::apps::pressurecalc1<256ul>(double*, double*, double, long)",1202,104131009543571,104131009556531,0,0,8,0,32,256,1,1,1000192,1,1
"KERNEL_DISPATCH","Agent 4",2,1,205945,1203,23,"void rajaperf::apps::pressurecalc2<256ul>(double*, double*, double*, double*, double, double, double, long)",1203,104131009556531,104131009586291,0,0,12,4,32,256,1,1,1000192,1,1
"KERNEL_DISPATCH","Agent 4",2,1,205945,1204,22,"void rajaperf::apps::pressurecalc1<256ul>(double*, double*, double, long)",1204,104131009586291,104131009600051,0,0,8,0,32,256,1,1,1000192,1,1
"KERNEL_DISPATCH","Agent 4",2,1,205945,1205,23,"void rajaperf::apps::pressurecalc2<256ul>(double*, double*, double*, double*, double, double, double, long)",1205,104131009600051,104131009629811,0,0,12,4,32,256,1,1,1000192,1,1
"KERNEL_DISPATCH","Agent 4",2,1,205945,1206,22,"void rajaperf::apps::pressurecalc1<256ul>(double*, double*, double, long)",1206,104131009629811,104131009643411,0,0,8,0,32,256,1,1,1000192,1,1
"KERNEL_DISPATCH","Agent 4",2,1,205945,1207,23,"void rajaperf::apps::pressurecalc2<256ul>(double*, double*, double*, double*, double, double, double, long)",1207,104131009643411,104131009672852,0,0,12,4,32,256,1,1,1000192,1,1
"KERNEL_DISPATCH","Agent 4",2,1,205945,1208,22,"void rajaperf::apps::pressurecalc1<256ul>(double*, double*, double, long)",1208,104131009672852,104131009685972,0,0,8,0,32,256,1,1,1000192,1,1
"KERNEL_DISPATCH","Agent 4",2,1,205945,1209,23,"void rajaperf::apps::pressurecalc2<256ul>(double*, double*, double*, double*, double, double, double, long)",1209,104131009685972,104131009715092,0,0,12,4,32,256,1,1,1000192,1,1
"KERNEL_DISPATCH","Agent 4",2,1,205945,1210,22,"void rajaperf::apps::pressurecalc1<256ul>(double*, double*, double, long)",1210,104131009715092,104131009728532,0,0,8,0,32,256,1,1,1000192,1,1
"KERNEL_DISPATCH","Agent 4",2,1,205945,1211,23,"void rajaperf::apps::pressurecalc2<256ul>(double*, double*, double*, double*, double, double, double, long)",1211,104131009728532,104131009757812,0,0,12,4,32,256,1,1,1000192,1,1
"KERNEL_DISPATCH","Agent 4",2,1,205945,1212,22,"void rajaperf::apps::pressurecalc1<256ul>(double*, double*, double, long)",1212,104131009757812,104131009771092,0,0,8,0,32,256,1,1,1000192,1,1
"KERNEL_DISPATCH","Agent 4",2,1,205945,1213,23,"void rajaperf::apps::pressurecalc2<256ul>(double*, double*, double*, double*, double, double, double, long)",1213,104131009771092,104131009801012,0,0,12,4,32,256,1,1,1000192,1,1
"KERNEL_DISPATCH","Agent 4",2,1,205945,1214,22,"void rajaperf::apps::pressurecalc1<256ul>(double*, double*, double, long)",1214,104131009801012,104131009814453,0,0,8,0,32,256,1,1,1000192,1,1
"KERNEL_DISPATCH","Agent 4",2,1,205945,1215,23,"void rajaperf::apps::pressurecalc2<256ul>(double*, double*, double*, double*, double, double, double, long)",1215,104131009814453,104131009843413,0,0,12,4,32,256,1,1,1000192,1,1
"KERNEL_DISPATCH","Agent 4",2,1,205945,1216,22,"void rajaperf::apps::pressurecalc1<256ul>(double*, double*, double, long)",1216,104131009843413,104131009856853,0,0,8,0,32,256,1,1,1000192,1,1
"KERNEL_DISPATCH","Agent 4",2,1,205945,1217,23,"void rajaperf::apps::pressurecalc2<256ul>(double*, double*, double*, double*, double, double, double, long)",1217,104131009856853,104131009886293,0,0,12,4,32,256,1,1,1000192,1,1
"KERNEL_DISPATCH","Agent 4",2,1,205945,1218,22,"void rajaperf::apps::pressurecalc1<256ul>(double*, double*, double, long)",1218,104131009886293,104131009899733,0,0,8,0,32,256,1,1,1000192,1,1
"KERNEL_DISPATCH","Agent 4",2,1,205945,1219,23,"void rajaperf::apps::pressurecalc2<256ul>(double*, double*, double*, double*, double, double, double, long)",1219,104131009899733,104131009929653,0,0,12,4,32,256,1,1,1000192,1,1
"KERNEL_DISPATCH","Agent 4",2,1,205945,1220,22,"void rajaperf::apps::pressurecalc1<256ul>(double*, double*, double, long)",1220,104131009929653,104131009943253,0,0,8,0,32,256,1,1,1000192,1,1
"KERNEL_DISPATCH","Agent 4",2,1,205945,1221,23,"void rajaperf::apps::pressurecalc2<256ul>(double*, double*, double*, double*, double, double, double, long)",1221,104131009943253,104131009972853,0,0,12,4,32,256,1,1,1000192,1,1
"KERNEL_DISPATCH","Agent 4",2,1,205945,1222,22,"void rajaperf::apps::pressurecalc1<256ul>(double*, double*, double, long)",1222,104131009972853,104131009985974,0,0,8,0,32,256,1,1,1000192,1,1
"KERNEL_DISPATCH","Agent 4",2,1,205945,1223,23,"void rajaperf::apps::pressurecalc2<256ul>(double*, double*, double*, double*, double, double, double, long)",1223,104131009985974,104131010015574,0,0,12,4,32,256,1,1,1000192,1,1
"KERNEL_DISPATCH","Agent 4",2,1,205945,1224,22,"void rajaperf::apps::pressurecalc1<256ul>(double*, double*, double, long)",1224,104131010015574,104131010029014,0,0,8,0,32,256,1,1,1000192,1,1
"KERNEL_DISPATCH","Agent 4",2,1,205945,1225,23,"void rajaperf::apps::pressurecalc2<256ul>(double*, double*, double*, double*, double, double, double, long)",1225,104131010029014,104131010058454,0,0,12,4,32,256,1,1,1000192,1,1
"KERNEL_DISPATCH","Agent 4",2,1,205945,1226,22,"void rajaperf::apps::pressurecalc1<256ul>(double*, double*, double, long)",1226,104131010058454,104131010071894,0,0,8,0,32,256,1,1,1000192,1,1
"KERNEL_DISPATCH","Agent 4",2,1,205945,1227,23,"void rajaperf::apps::pressurecalc2<256ul>(double*, double*, double*, double*, double, double, double, long)",1227,104131010071894,104131010101494,0,0,12,4,32,256,1,1,1000192,1,1
"KERNEL_DISPATCH","Agent 4",2,1,205945,1228,22,"void rajaperf::apps::pressurecalc1<256ul>(double*, double*, double, long)",1228,104131010101494,104131010114934,0,0,8,0,32,256,1,1,1000192,1,1
"KERNEL_DISPATCH","Agent 4",2,1,205945,1229,23,"void rajaperf::apps::pressurecalc2<256ul>(double*, double*, double*, double*, double, double, double, long)",1229,104131010114934,104131010145015,0,0,12,4,32,256,1,1,1000192,1,1
"KERNEL_DISPATCH","Agent 4",2,1,205945,1230,22,"void rajaperf::apps::pressurecalc1<256ul>(double*, double*, double, long)",1230,104131010145015,104131010158455,0,0,8,0,32,256,1,1,1000192,1,1
"KERNEL_DISPATCH","Agent 4",2,1,205945,1231,23,"void rajaperf::apps::pressurecalc2<256ul>(double*, double*, double*, double*, double, double, double, long)",1231,104131010158455,104131010188055,0,0,12,4,32,256,1,1,1000192,1,1
"KERNEL_DISPATCH","Agent 4",2,1,205945,1232,22,"void rajaperf::apps::pressurecalc1<256ul>(double*, double*, double, long)",1232,104131010188055,104131010201335,0,0,8,0,32,256,1,1,1000192,1,1
"KERNEL_DISPATCH","Agent 4",2,1,205945,1233,23,"void rajaperf::apps::pressurecalc2<256ul>(double*, double*, double*, double*, double, double, double, long)",1233,104131010201335,104131010231095,0,0,12,4,32,256,1,1,1000192,1,1
"KERNEL_DISPATCH","Agent 4",2,1,205945,1234,22,"void rajaperf::apps::pressurecalc1<256ul>(double*, double*, double, long)",1234,104131010231095,104131010244535,0,0,8,0,32,256,1,1,1000192,1,1
"KERNEL_DISPATCH","Agent 4",2,1,205945,1235,23,"void rajaperf::apps::pressurecalc2<256ul>(double*, double*, double*, double*, double, double, double, long)",1235,104131010244535,104131010273975,0,0,12,4,32,256,1,1,1000192,1,1
"KERNEL_DISPATCH","Agent 4",2,1,205945,1236,22,"void rajaperf::apps::pressurecalc1<256ul>(double*, double*, double, long)",1236,104131010273975,104131010287255,0,0,8,0,32,256,1,1,1000192,1,1
"KERNEL_DISPATCH","Agent 4",2,1,205945,1237,23,"void rajaperf::apps::pressurecalc2<256ul>(double*, double*, double*, double*, double, double, double, long)",1237,104131010287255,104131010317016,0,0,12,4,32,256,1,1,1000192,1,1
"KERNEL_DISPATCH","Agent 4",2,1,205945,1238,22,"void rajaperf::apps::pressurecalc1<256ul>(double*, double*, double, long)",1238,104131010317016,104131010330456,0,0,8,0,32,256,1,1,1000192,1,1
"KERNEL_DISPATCH","Agent 4",2,1,205945,1239,23,"void rajaperf::apps::pressurecalc2<256ul>(double*, double*, double*, double*, double, double, double, long)",1239,104131010330456,104131010359576,0,0,12,4,32,256,1,1,1000192,1,1
"KERNEL_DISPATCH","Agent 4",2,1,205945,1240,22,"void rajaperf::apps::pressurecalc1<256ul>(double*, double*, double, long)",1240,104131010359576,104131010373016,0,0,8,0,32,256,1,1,1000192,1,1
"KERNEL_DISPATCH","Agent 4",2,1,205945,1241,23,"void rajaperf::apps::pressurecalc2<256ul>(double*, double*, double*, double*, double, double, double, long)",1241,104131010373016,104131010402936,0,0,12,4,32,256,1,1,1000192,1,1
"KERNEL_DISPATCH","Agent 4",2,1,205945,1242,22,"void rajaperf::apps::pressurecalc1<256ul>(double*, double*, double, long)",1242,104131010402936,104131010416056,0,0,8,0,32,256,1,1,1000192,1,1
"KERNEL_DISPATCH","Agent 4",2,1,205945,1243,23,"void rajaperf::apps::pressurecalc2<256ul>(double*, double*, double*, double*, double, double, double, long)",1243,104131010416056,104131010445976,0,0,12,4,32,256,1,1,1000192,1,1
"KERNEL_DISPATCH","Agent 4",2,1,205945,1244,22,"void rajaperf::apps::pressurecalc1<256ul>(double*, double*, double, long)",1244,104131010445976,104131010459256,0,0,8,0,32,256,1,1,1000192,1,1
"KERNEL_DISPATCH","Agent 4",2,1,205945,1245,23,"void rajaperf::apps::pressurecalc2<256ul>(double*, double*, double*, double*, double, double, double, long)",1245,104131010459256,104131010488537,0,0,12,4,32,256,1,1,1000192,1,1
"KERNEL_DISPATCH","Agent 4",2,1,205945,1246,22,"void rajaperf::apps::pressurecalc1<256ul>(double*, double*, double, long)",1246,104131010488537,104131010501977,0,0,8,0,32,256,1,1,1000192,1,1
"KERNEL_DISPATCH","Agent 4",2,1,205945,1247,23,"void rajaperf::apps::pressurecalc2<256ul>(double*, double*, double*, double*, double, double, double, long)",1247,104131010501977,104131010531577,0,0,12,4,32,256,1,1,1000192,1,1
"KERNEL_DISPATCH","Agent 4",2,1,205945,1248,22,"void rajaperf::apps::pressurecalc1<256ul>(double*, double*, double, long)",1248,104131010531577,104131010544857,0,0,8,0,32,256,1,1,1000192,1,1
"KERNEL_DISPATCH","Agent 4",2,1,205945,1249,23,"void rajaperf::apps::pressurecalc2<256ul>(double*, double*, double*, double*, double, double, double, long)",1249,104131010544857,104131010574777,0,0,12,4,32,256,1,1,1000192,1,1
"KERNEL_DISPATCH","Agent 4",2,1,205945,1250,22,"void rajaperf::apps::pressurecalc1<256ul>(double*, double*, double, long)",1250,104131010574777,104131010588217,0,0,8,0,32,256,1,1,1000192,1,1
"KERNEL_DISPATCH","Agent 4",2,1,205945,1251,23,"void rajaperf::apps::pressurecalc2<256ul>(double*, double*, double*, double*, double, double, double, long)",1251,104131010588217,104131010617657,0,0,12,4,32,256,1,1,1000192,1,1
"KERNEL_DISPATCH","Agent 4",2,1,205945,1252,22,"void rajaperf::apps::pressurecalc1<256ul>(double*, double*, double, long)",1252,104131010617657,104131010631257,0,0,8,0,32,256,1,1,1000192,1,1
"KERNEL_DISPATCH","Agent 4",2,1,205945,1253,23,"void rajaperf::apps::pressurecalc2<256ul>(double*, double*, double*, double*, double, double, double, long)",1253,104131010631257,104131010660538,0,0,12,4,32,256,1,1,1000192,1,1
"KERNEL_DISPATCH","Agent 4",2,1,205945,1254,22,"void rajaperf::apps::pressurecalc1<256ul>(double*, double*, double, long)",1254,104131010660538,104131010673818,0,0,8,0,32,256,1,1,1000192,1,1
"KERNEL_DISPATCH","Agent 4",2,1,205945,1255,23,"void rajaperf::apps::pressurecalc2<256ul>(double*, double*, double*, double*, double, double, double, long)",1255,104131010673818,104131010703418,0,0,12,4,32,256,1,1,1000192,1,1
"KERNEL_DISPATCH","Agent 4",2,1,205945,1256,22,"void rajaperf::apps::pressurecalc1<256ul>(double*, double*, double, long)",1256,104131010703418,104131010716858,0,0,8,0,32,256,1,1,1000192,1,1
"KERNEL_DISPATCH","Agent 4",2,1,205945,1257,23,"void rajaperf::apps::pressurecalc2<256ul>(double*, double*, double*, double*, double, double, double, long)",1257,104131010716858,104131010746458,0,0,12,4,32,256,1,1,1000192,1,1
"KERNEL_DISPATCH","Agent 4",2,1,205945,1258,22,"void rajaperf::apps::pressurecalc1<256ul>(double*, double*, double, long)",1258,104131010746458,104131010759578,0,0,8,0,32,256,1,1,1000192,1,1
"KERNEL_DISPATCH","Agent 4",2,1,205945,1259,23,"void rajaperf::apps::pressurecalc2<256ul>(double*, double*, double*, double*, double, double, double, long)",1259,104131010759578,104131010789018,0,0,12,4,32,256,1,1,1000192,1,1
"KERNEL_DISPATCH","Agent 4",2,1,205945,1260,22,"void rajaperf::apps::pressurecalc1<256ul>(double*, double*, double, long)",1260,104131010789018,104131010802458,0,0,8,0,32,256,1,1,1000192,1,1
"KERNEL_DISPATCH","Agent 4",2,1,205945,1261,23,"void rajaperf::apps::pressurecalc2<256ul>(double*, double*, double*, double*, double, double, double, long)",1261,104131010802458,104131010832699,0,0,12,4,32,256,1,1,1000192,1,1
"KERNEL_DISPATCH","Agent 4",2,1,205945,1262,22,"void rajaperf::apps::pressurecalc1<256ul>(double*, double*, double, long)",1262,104131010832699,104131010845819,0,0,8,0,32,256,1,1,1000192,1,1
"KERNEL_DISPATCH","Agent 4",2,1,205945,1263,23,"void rajaperf::apps::pressurecalc2<256ul>(double*, double*, double*, double*, double, double, double, long)",1263,104131010845819,104131010875259,0,0,12,4,32,256,1,1,1000192,1,1
"KERNEL_DISPATCH","Agent 4",2,1,205945,1264,22,"void rajaperf::apps::pressurecalc1<256ul>(double*, double*, double, long)",1264,104131010875259,104131010888699,0,0,8,0,32,256,1,1,1000192,1,1
"KERNEL_DISPATCH","Agent 4",2,1,205945,1265,23,"void rajaperf::apps::pressurecalc2<256ul>(double*, double*, double*, double*, double, double, double, long)",1265,104131010888699,104131010918299,0,0,12,4,32,256,1,1,1000192,1,1
"KERNEL_DISPATCH","Agent 4",2,1,205945,1266,22,"void rajaperf::apps::pressurecalc1<256ul>(double*, double*, double, long)",1266,104131010918299,104131010931739,0,0,8,0,32,256,1,1,1000192,1,1
"KERNEL_DISPATCH","Agent 4",2,1,205945,1267,23,"void rajaperf::apps::pressurecalc2<256ul>(double*, double*, double*, double*, double, double, double, long)",1267,104131010931739,104131010961179,0,0,12,4,32,256,1,1,1000192,1,1
"KERNEL_DISPATCH","Agent 4",2,1,205945,1268,22,"void rajaperf::apps::pressurecalc1<256ul>(double*, double*, double, long)",1268,104131010961179,104131010974620,0,0,8,0,32,256,1,1,1000192,1,1
"KERNEL_DISPATCH","Agent 4",2,1,205945,1269,23,"void rajaperf::apps::pressurecalc2<256ul>(double*, double*, double*, double*, double, double, double, long)",1269,104131010974620,104131011003580,0,0,12,4,32,256,1,1,1000192,1,1
"KERNEL_DISPATCH","Agent 4",2,1,205945,1270,22,"void rajaperf::apps::pressurecalc1<256ul>(double*, double*, double, long)",1270,104131011003580,104131011017180,0,0,8,0,32,256,1,1,1000192,1,1
"KERNEL_DISPATCH","Agent 4",2,1,205945,1271,23,"void rajaperf::apps::pressurecalc2<256ul>(double*, double*, double*, double*, double, double, double, long)",1271,104131011017180,104131011046940,0,0,12,4,32,256,1,1,1000192,1,1
"KERNEL_DISPATCH","Agent 4",2,1,205945,1272,22,"void rajaperf::apps::pressurecalc1<256ul>(double*, double*, double, long)",1272,104131011046940,104131011059900,0,0,8,0,32,256,1,1,1000192,1,1
"KERNEL_DISPATCH","Agent 4",2,1,205945,1273,23,"void rajaperf::apps::pressurecalc2<256ul>(double*, double*, double*, double*, double, double, double, long)",1273,104131011059900,104131011089500,0,0,12,4,32,256,1,1,1000192,1,1
"KERNEL_DISPATCH","Agent 4",2,1,205945,1274,22,"void rajaperf::apps::pressurecalc1<256ul>(double*, double*, double, long)",1274,104131011089500,104131011102780,0,0,8,0,32,256,1,1,1000192,1,1
"KERNEL_DISPATCH","Agent 4",2,1,205945,1275,23,"void rajaperf::apps::pressurecalc2<256ul>(double*, double*, double*, double*, double, double, double, long)",1275,104131011102780,104131011132540,0,0,12,4,32,256,1,1,1000192,1,1
"KERNEL_DISPATCH","Agent 4",2,1,205945,1276,22,"void rajaperf::apps::pressurecalc1<256ul>(double*, double*, double, long)",1276,104131011132540,104131011145981,0,0,8,0,32,256,1,1,1000192,1,1
"KERNEL_DISPATCH","Agent 4",2,1,205945,1277,23,"void rajaperf::apps::pressurecalc2<256ul>(double*, double*, double*, double*, double, double, double, long)",1277,104131011145981,104131011175261,0,0,12,4,32,256,1,1,1000192,1,1
"KERNEL_DISPATCH","Agent 4",2,1,205945,1278,22,"void rajaperf::apps::pressurecalc1<256ul>(double*, double*, double, long)",1278,104131011175261,104131011188381,0,0,8,0,32,256,1,1,1000192,1,1
"KERNEL_DISPATCH","Agent 4",2,1,205945,1279,23,"void rajaperf::apps::pressurecalc2<256ul>(double*, double*, double*, double*, double, double, double, long)",1279,104131011188381,104131011218301,0,0,12,4,32,256,1,1,1000192,1,1
"KERNEL_DISPATCH","Agent 4",2,1,205945,1280,22,"void rajaperf::apps::pressurecalc1<256ul>(double*, double*, double, long)",1280,104131011218301,104131011232061,0,0,8,0,32,256,1,1,1000192,1,1
"KERNEL_DISPATCH","Agent 4",2,1,205945,1281,23,"void rajaperf::apps::pressurecalc2<256ul>(double*, double*, double*, double*, double, double, double, long)",1281,104131011232061,104131011261501,0,0,12,4,32,256,1,1,1000192,1,1
"KERNEL_DISPATCH","Agent 4",2,1,205945,1282,22,"void rajaperf::apps::pressurecalc1<256ul>(double*, double*, double, long)",1282,104131011261501,104131011275741,0,0,8,0,32,256,1,1,1000192,1,1
"KERNEL_DISPATCH","Agent 4",2,1,205945,1283,23,"void rajaperf::apps::pressurecalc2<256ul>(double*, double*, double*, double*, double, double, double, long)",1283,104131011275741,104131011305502,0,0,12,4,32,256,1,1,1000192,1,1
"KERNEL_DISPATCH","Agent 4",2,1,205945,1284,22,"void rajaperf::apps::pressurecalc1<256ul>(double*, double*, double, long)",1284,104131011305502,104131011318782,0,0,8,0,32,256,1,1,1000192,1,1
"KERNEL_DISPATCH","Agent 4",2,1,205945,1285,23,"void rajaperf::apps::pressurecalc2<256ul>(double*, double*, double*, double*, double, double, double, long)",1285,104131011318782,104131011348542,0,0,12,4,32,256,1,1,1000192,1,1
"KERNEL_DISPATCH","Agent 4",2,1,205945,1286,22,"void rajaperf::apps::pressurecalc1<256ul>(double*, double*, double, long)",1286,104131011348542,104131011361822,0,0,8,0,32,256,1,1,1000192,1,1
"KERNEL_DISPATCH","Agent 4",2,1,205945,1287,23,"void rajaperf::apps::pressurecalc2<256ul>(double*, double*, double*, double*, double, double, double, long)",1287,104131011361822,104131011391582,0,0,12,4,32,256,1,1,1000192,1,1
"KERNEL_DISPATCH","Agent 4",2,1,205945,1288,22,"void rajaperf::apps::pressurecalc1<256ul>(double*, double*, double, long)",1288,104131011391582,104131011405182,0,0,8,0,32,256,1,1,1000192,1,1
"KERNEL_DISPATCH","Agent 4",2,1,205945,1289,23,"void rajaperf::apps::pressurecalc2<256ul>(double*, double*, double*, double*, double, double, double, long)",1289,104131011405182,104131011435102,0,0,12,4,32,256,1,1,1000192,1,1
"KERNEL_DISPATCH","Agent 4",2,1,205945,1290,22,"void rajaperf::apps::pressurecalc1<256ul>(double*, double*, double, long)",1290,104131011435102,104131011448222,0,0,8,0,32,256,1,1,1000192,1,1
"KERNEL_DISPATCH","Agent 4",2,1,205945,1291,23,"void rajaperf::apps::pressurecalc2<256ul>(double*, double*, double*, double*, double, double, double, long)",1291,104131011448222,104131011477663,0,0,12,4,32,256,1,1,1000192,1,1
"KERNEL_DISPATCH","Agent 4",2,1,205945,1292,22,"void rajaperf::apps::pressurecalc1<256ul>(double*, double*, double, long)",1292,104131011477663,104131011491103,0,0,8,0,32,256,1,1,1000192,1,1
"KERNEL_DISPATCH","Agent 4",2,1,205945,1293,23,"void rajaperf::apps::pressurecalc2<256ul>(double*, double*, double*, double*, double, double, double, long)",1293,104131011491103,104131011521183,0,0,12,4,32,256,1,1,1000192,1,1
"KERNEL_DISPATCH","Agent 4",2,1,205945,1294,22,"void rajaperf::apps::pressurecalc1<256ul>(double*, double*, double, long)",1294,104131011521183,104131011534783,0,0,8,0,32,256,1,1,1000192,1,1
"KERNEL_DISPATCH","Agent 4",2,1,205945,1295,23,"void rajaperf::apps::pressurecalc2<256ul>(double*, double*, double*, double*, double, double, double, long)",1295,104131011534783,104131011564383,0,0,12,4,32,256,1,1,1000192,1,1
"KERNEL_DISPATCH","Agent 4",2,1,205945,1296,22,"void rajaperf::apps::pressurecalc1<256ul>(double*, double*, double, long)",1296,104131011564383,104131011577983,0,0,8,0,32,256,1,1,1000192,1,1
"KERNEL_DISPATCH","Agent 4",2,1,205945,1297,23,"void rajaperf::apps::pressurecalc2<256ul>(double*, double*, double*, double*, double, double, double, long)",1297,104131011577983,104131011607583,0,0,12,4,32,256,1,1,1000192,1,1
"KERNEL_DISPATCH","Agent 4",2,1,205945,1298,22,"void rajaperf::apps::pressurecalc1<256ul>(double*, double*, double, long)",1298,104131011607583,104131011621023,0,0,8,0,32,256,1,1,1000192,1,1
"KERNEL_DISPATCH","Agent 4",2,1,205945,1299,23,"void rajaperf::apps::pressurecalc2<256ul>(double*, double*, double*, double*, double, double, double, long)",1299,104131011621023,104131011650464,0,0,12,4,32,256,1,1,1000192,1,1
"KERNEL_DISPATCH","Agent 4",2,1,205945,1300,22,"void rajaperf::apps::pressurecalc1<256ul>(double*, double*, double, long)",1300,104131011650464,104131011664224,0,0,8,0,32,256,1,1,1000192,1,1
"KERNEL_DISPATCH","Agent 4",2,1,205945,1301,23,"void rajaperf::apps::pressurecalc2<256ul>(double*, double*, double*, double*, double, double, double, long)",1301,104131011664224,104131011693664,0,0,12,4,32,256,1,1,1000192,1,1
"KERNEL_DISPATCH","Agent 4",2,1,205945,1302,22,"void rajaperf::apps::pressurecalc1<256ul>(double*, double*, double, long)",1302,104131011693664,104131011706944,0,0,8,0,32,256,1,1,1000192,1,1
"KERNEL_DISPATCH","Agent 4",2,1,205945,1303,23,"void rajaperf::apps::pressurecalc2<256ul>(double*, double*, double*, double*, double, double, double, long)",1303,104131011706944,104131011736704,0,0,12,4,32,256,1,1,1000192,1,1
"KERNEL_DISPATCH","Agent 4",2,1,205945,1304,22,"void rajaperf::apps::pressurecalc1<256ul>(double*, double*, double, long)",1304,104131011736704,104131011750144,0,0,8,0,32,256,1,1,1000192,1,1
"KERNEL_DISPATCH","Agent 4",2,1,205945,1305,23,"void rajaperf::apps::pressurecalc2<256ul>(double*, double*, double*, double*, double, double, double, long)",1305,104131011750144,104131011780384,0,0,12,4,32,256,1,1,1000192,1,1
"KERNEL_DISPATCH","Agent 4",2,1,205945,1306,22,"void rajaperf::apps::pressurecalc1<256ul>(double*, double*, double, long)",1306,104131011780384,104131011793824,0,0,8,0,32,256,1,1,1000192,1,1
"KERNEL_DISPATCH","Agent 4",2,1,205945,1307,23,"void rajaperf::apps::pressurecalc2<256ul>(double*, double*, double*, double*, double, double, double, long)",1307,104131011793824,104131011824225,0,0,12,4,32,256,1,1,1000192,1,1
"KERNEL_DISPATCH","Agent 4",2,1,205945,1308,22,"void rajaperf::apps::pressurecalc1<256ul>(double*, double*, double, long)",1308,104131011824225,104131011837825,0,0,8,0,32,256,1,1,1000192,1,1
"KERNEL_DISPATCH","Agent 4",2,1,205945,1309,23,"void rajaperf::apps::pressurecalc2<256ul>(double*, double*, double*, double*, double, double, double, long)",1309,104131011837825,104131011867585,0,0,12,4,32,256,1,1,1000192,1,1
"KERNEL_DISPATCH","Agent 4",2,1,205945,1310,22,"void rajaperf::apps::pressurecalc1<256ul>(double*, double*, double, long)",1310,104131011867585,104131011880865,0,0,8,0,32,256,1,1,1000192,1,1
"KERNEL_DISPATCH","Agent 4",2,1,205945,1311,23,"void rajaperf::apps::pressurecalc2<256ul>(double*, double*, double*, double*, double, double, double, long)",1311,104131011880865,104131011910785,0,0,12,4,32,256,1,1,1000192,1,1
"KERNEL_DISPATCH","Agent 4",2,1,205945,1312,22,"void rajaperf::apps::pressurecalc1<256ul>(double*, double*, double, long)",1312,104131011910785,104131011924225,0,0,8,0,32,256,1,1,1000192,1,1
"KERNEL_DISPATCH","Agent 4",2,1,205945,1313,23,"void rajaperf::apps::pressurecalc2<256ul>(double*, double*, double*, double*, double, double, double, long)",1313,104131011924225,104131011953825,0,0,12,4,32,256,1,1,1000192,1,1
"KERNEL_DISPATCH","Agent 4",2,1,205945,1314,22,"void rajaperf::apps::pressurecalc1<256ul>(double*, double*, double, long)",1314,104131011953825,104131011967266,0,0,8,0,32,256,1,1,1000192,1,1
"KERNEL_DISPATCH","Agent 4",2,1,205945,1315,23,"void rajaperf::apps::pressurecalc2<256ul>(double*, double*, double*, double*, double, double, double, long)",1315,104131011967266,104131011996546,0,0,12,4,32,256,1,1,1000192,1,1
"KERNEL_DISPATCH","Agent 4",2,1,205945,1316,22,"void rajaperf::apps::pressurecalc1<256ul>(double*, double*, double, long)",1316,104131011996546,104131012010306,0,0,8,0,32,256,1,1,1000192,1,1
"KERNEL_DISPATCH","Agent 4",2,1,205945,1317,23,"void rajaperf::apps::pressurecalc2<256ul>(double*, double*, double*, double*, double, double, double, long)",1317,104131012010306,104131012039746,0,0,12,4,32,256,1,1,1000192,1,1
"KERNEL_DISPATCH","Agent 4",2,1,205945,1318,22,"void rajaperf::apps::pressurecalc1<256ul>(double*, double*, double, long)",1318,104131012039746,104131012053026,0,0,8,0,32,256,1,1,1000192,1,1
"KERNEL_DISPATCH","Agent 4",2,1,205945,1319,23,"void rajaperf::apps::pressurecalc2<256ul>(double*, double*, double*, double*, double, double, double, long)",1319,104131012053026,104131012082626,0,0,12,4,32,256,1,1,1000192,1,1
"KERNEL_DISPATCH","Agent 4",2,1,205945,1320,22,"void rajaperf::apps::pressurecalc1<256ul>(double*, double*, double, long)",1320,104131012082553,104131012095833,0,0,8,0,32,256,1,1,1000192,1,1
"KERNEL_DISPATCH","Agent 4",2,1,205945,1321,23,"void rajaperf::apps::pressurecalc2<256ul>(double*, double*, double*, double*, double, double, double, long)",1321,104131012095833,104131012125433,0,0,12,4,32,256,1,1,1000192,1,1
"KERNEL_DISPATCH","Agent 4",2,1,205945,1322,22,"void rajaperf::apps::pressurecalc1<256ul>(double*, double*, double, long)",1322,104131012125433,104131012138553,0,0,8,0,32,256,1,1,1000192,1,1
"KERNEL_DISPATCH","Agent 4",2,1,205945,1323,23,"void rajaperf::apps::pressurecalc2<256ul>(double*, double*, double*, double*, double, double, double, long)",1323,104131012138553,104131012168473,0,0,12,4,32,256,1,1,1000192,1,1
"KERNEL_DISPATCH","Agent 4",2,1,205945,1324,22,"void rajaperf::apps::pressurecalc1<256ul>(double*, double*, double, long)",1324,104131012168473,104131012181913,0,0,8,0,32,256,1,1,1000192,1,1
"KERNEL_DISPATCH","Agent 4",2,1,205945,1325,23,"void rajaperf::apps::pressurecalc2<256ul>(double*, double*, double*, double*, double, double, double, long)",1325,104131012181913,104131012211993,0,0,12,4,32,256,1,1,1000192,1,1
"KERNEL_DISPATCH","Agent 4",2,1,205945,1326,22,"void rajaperf::apps::pressurecalc1<256ul>(double*, double*, double, long)",1326,104131012211993,104131012225273,0,0,8,0,32,256,1,1,1000192,1,1
"KERNEL_DISPATCH","Agent 4",2,1,205945,1327,23,"void rajaperf::apps::pressurecalc2<256ul>(double*, double*, double*, double*, double, double, double, long)",1327,104131012225273,104131012254873,0,0,12,4,32,256,1,1,1000192,1,1
"KERNEL_DISPATCH","Agent 4",2,1,205945,1328,22,"void rajaperf::apps::pressurecalc1<256ul>(double*, double*, double, long)",1328,104131012254873,104131012268473,0,0,8,0,32,256,1,1,1000192,1,1
"KERNEL_DISPATCH","Agent 4",2,1,205945,1329,23,"void rajaperf::apps::pressurecalc2<256ul>(double*, double*, double*, double*, double, double, double, long)",1329,104131012268473,104131012298074,0,0,12,4,32,256,1,1,1000192,1,1
"KERNEL_DISPATCH","Agent 4",2,1,205945,1330,22,"void rajaperf::apps::pressurecalc1<256ul>(double*, double*, double, long)",1330,104131012298074,104131012311194,0,0,8,0,32,256,1,1,1000192,1,1
"KERNEL_DISPATCH","Agent 4",2,1,205945,1331,23,"void rajaperf::apps::pressurecalc2<256ul>(double*, double*, double*, double*, double, double, double, long)",1331,104131012311194,104131012340474,0,0,12,4,32,256,1,1,1000192,1,1
"KERNEL_DISPATCH","Agent 4",2,1,205945,1332,22,"void rajaperf::apps::pressurecalc1<256ul>(double*, double*, double, long)",1332,104131012340474,104131012353754,0,0,8,0,32,256,1,1,1000192,1,1
"KERNEL_DISPATCH","Agent 4",2,1,205945,1333,23,"void rajaperf::apps::pressurecalc2<256ul>(double*, double*, double*, double*, double, double, double, long)",1333,104131012353754,104131012383034,0,0,12,4,32,256,1,1,1000192,1,1
"KERNEL_DISPATCH","Agent 4",2,1,205945,1334,22,"void rajaperf::apps::pressurecalc1<256ul>(double*, double*, double, long)",1334,104131012383034,104131012396474,0,0,8,0,32,256,1,1,1000192,1,1
"KERNEL_DISPATCH","Agent 4",2,1,205945,1335,23,"void rajaperf::apps::pressurecalc2<256ul>(double*, double*, double*, double*, double, double, double, long)",1335,104131012396474,104131012426234,0,0,12,4,32,256,1,1,1000192,1,1
"KERNEL_DISPATCH","Agent 4",2,1,205945,1336,22,"void rajaperf::apps::pressurecalc1<256ul>(double*, double*, double, long)",1336,104131012426234,104131012439674,0,0,8,0,32,256,1,1,1000192,1,1
"KERNEL_DISPATCH","Agent 4",2,1,205945,1337,23,"void rajaperf::apps::pressurecalc2<256ul>(double*, double*, double*, double*, double, double, double, long)",1337,104131012439674,104131012469435,0,0,12,4,32,256,1,1,1000192,1,1
"KERNEL_DISPATCH","Agent 4",2,1,205945,1343,23,"void rajaperf::apps::pressurecalc2<256ul>(double*, double*, double*, double*, double, double, double, long)",1343,104131012568635,104131012598235,0,0,12,4,32,256,1,1,1000192,1,1
"KERNEL_DISPATCH","Agent 4",2,1,205945,1340,22,"void rajaperf::apps::pressurecalc1<256ul>(double*, double*, double, long)",1340,104131012512475,104131012525595,0,0,8,0,32,256,1,1,1000192,1,1
"KERNEL_DISPATCH","Agent 4",2,1,205945,1338,22,"void rajaperf::apps::pressurecalc1<256ul>(double*, double*, double, long)",1338,104131012469435,104131012482555,0,0,8,0,32,256,1,1,1000192,1,1
"KERNEL_DISPATCH","Agent 4",2,1,205945,1342,22,"void rajaperf::apps::pressurecalc1<256ul>(double*, double*, double, long)",1342,104131012555195,104131012568635,0,0,8,0,32,256,1,1,1000192,1,1
"KERNEL_DISPATCH","Agent 4",2,1,205945,1339,23,"void rajaperf::apps::pressurecalc2<256ul>(double*, double*, double*, double*, double, double, double, long)",1339,104131012482555,104131012512475,0,0,12,4,32,256,1,1,1000192,1,1
"KERNEL_DISPATCH","Agent 4",2,1,205945,1344,22,"void rajaperf::apps::pressurecalc1<256ul>(double*, double*, double, long)",1344,104131012598235,104131012611835,0,0,8,0,32,256,1,1,1000192,1,1
"KERNEL_DISPATCH","Agent 4",2,1,205945,1341,23,"void rajaperf::apps::pressurecalc2<256ul>(double*, double*, double*, double*, double, double, double, long)",1341,104131012525595,104131012555195,0,0,12,4,32,256,1,1,1000192,1,1
"KERNEL_DISPATCH","Agent 4",2,1,205945,1345,23,"void rajaperf::apps::pressurecalc2<256ul>(double*, double*, double*, double*, double, double, double, long)",1345,104131012611835,104131012641275,0,0,12,4,32,256,1,1,1000192,1,1
"KERNEL_DISPATCH","Agent 4",2,1,205945,1346,22,"void rajaperf::apps::pressurecalc1<256ul>(double*, double*, double, long)",1346,104131012641275,104131012654716,0,0,8,0,32,256,1,1,1000192,1,1
"KERNEL_DISPATCH","Agent 4",2,1,205945,1347,23,"void rajaperf::apps::pressurecalc2<256ul>(double*, double*, double*, double*, double, double, double, long)",1347,104131012654716,104131012684316,0,0,12,4,32,256,1,1,1000192,1,1
"KERNEL_DISPATCH","Agent 4",2,1,205945,1348,22,"void rajaperf::apps::pressurecalc1<256ul>(double*, double*, double, long)",1348,104131012684316,104131012698076,0,0,8,0,32,256,1,1,1000192,1,1
"KERNEL_DISPATCH","Agent 4",2,1,205945,1349,23,"void rajaperf::apps::pressurecalc2<256ul>(double*, double*, double*, double*, double, double, double, long)",1349,104131012698076,104131012727676,0,0,12,4,32,256,1,1,1000192,1,1
"KERNEL_DISPATCH","Agent 4",2,1,205945,1350,22,"void rajaperf::apps::pressurecalc1<256ul>(double*, double*, double, long)",1350,104131012727676,104131012741116,0,0,8,0,32,256,1,1,1000192,1,1
"KERNEL_DISPATCH","Agent 4",2,1,205945,1351,23,"void rajaperf::apps::pressurecalc2<256ul>(double*, double*, double*, double*, double, double, double, long)",1351,104131012741116,104131012770876,0,0,12,4,32,256,1,1,1000192,1,1
"KERNEL_DISPATCH","Agent 4",2,1,205945,1352,22,"void rajaperf::apps::pressurecalc1<256ul>(double*, double*, double, long)",1352,104131012770876,104131012784476,0,0,8,0,32,256,1,1,1000192,1,1
"KERNEL_DISPATCH","Agent 4",2,1,205945,1353,23,"void rajaperf::apps::pressurecalc2<256ul>(double*, double*, double*, double*, double, double, double, long)",1353,104131012784476,104131012814396,0,0,12,4,32,256,1,1,1000192,1,1
"KERNEL_DISPATCH","Agent 4",2,1,205945,1354,22,"void rajaperf::apps::pressurecalc1<256ul>(double*, double*, double, long)",1354,104131012814396,104131012827837,0,0,8,0,32,256,1,1,1000192,1,1
"KERNEL_DISPATCH","Agent 4",2,1,205945,1355,23,"void rajaperf::apps::pressurecalc2<256ul>(double*, double*, double*, double*, double, double, double, long)",1355,104131012827837,104131012857597,0,0,12,4,32,256,1,1,1000192,1,1
"KERNEL_DISPATCH","Agent 4",2,1,205945,1356,22,"void rajaperf::apps::pressurecalc1<256ul>(double*, double*, double, long)",1356,104131012857597,104131012871037,0,0,8,0,32,256,1,1,1000192,1,1
"KERNEL_DISPATCH","Agent 4",2,1,205945,1357,23,"void rajaperf::apps::pressurecalc2<256ul>(double*, double*, double*, double*, double, double, double, long)",1357,104131012871037,104131012900957,0,0,12,4,32,256,1,1,1000192,1,1
"KERNEL_DISPATCH","Agent 4",2,1,205945,1358,22,"void rajaperf::apps::pressurecalc1<256ul>(double*, double*, double, long)",1358,104131012900957,104131012914397,0,0,8,0,32,256,1,1,1000192,1,1
"KERNEL_DISPATCH","Agent 4",2,1,205945,1359,23,"void rajaperf::apps::pressurecalc2<256ul>(double*, double*, double*, double*, double, double, double, long)",1359,104131012914397,104131012944157,0,0,12,4,32,256,1,1,1000192,1,1
"KERNEL_DISPATCH","Agent 4",2,1,205945,1360,22,"void rajaperf::apps::pressurecalc1<256ul>(double*, double*, double, long)",1360,104131012944157,104131012957437,0,0,8,0,32,256,1,1,1000192,1,1
"KERNEL_DISPATCH","Agent 4",2,1,205945,1361,23,"void rajaperf::apps::pressurecalc2<256ul>(double*, double*, double*, double*, double, double, double, long)",1361,104131012957437,104131012987037,0,0,12,4,32,256,1,1,1000192,1,1
"KERNEL_DISPATCH","Agent 4",2,1,205945,1362,22,"void rajaperf::apps::pressurecalc1<256ul>(double*, double*, double, long)",1362,104131012987037,104131013000477,0,0,8,0,32,256,1,1,1000192,1,1
"KERNEL_DISPATCH","Agent 4",2,1,205945,1363,23,"void rajaperf::apps::pressurecalc2<256ul>(double*, double*, double*, double*, double, double, double, long)",1363,104131013000477,104131013030238,0,0,12,4,32,256,1,1,1000192,1,1
"KERNEL_DISPATCH","Agent 4",2,1,205945,1364,22,"void rajaperf::apps::pressurecalc1<256ul>(double*, double*, double, long)",1364,104131013030238,104131013043678,0,0,8,0,32,256,1,1,1000192,1,1
"KERNEL_DISPATCH","Agent 4",2,1,205945,1365,23,"void rajaperf::apps::pressurecalc2<256ul>(double*, double*, double*, double*, double, double, double, long)",1365,104131013043678,104131013073118,0,0,12,4,32,256,1,1,1000192,1,1
"KERNEL_DISPATCH","Agent 4",2,1,205945,1366,22,"void rajaperf::apps::pressurecalc1<256ul>(double*, double*, double, long)",1366,104131013073118,104131013086558,0,0,8,0,32,256,1,1,1000192,1,1
"KERNEL_DISPATCH","Agent 4",2,1,205945,1367,23,"void rajaperf::apps::pressurecalc2<256ul>(double*, double*, double*, double*, double, double, double, long)",1367,104131013086558,104131013116478,0,0,12,4,32,256,1,1,1000192,1,1
"KERNEL_DISPATCH","Agent 4",2,1,205945,1368,22,"void rajaperf::apps::pressurecalc1<256ul>(double*, double*, double, long)",1368,104131013116478,104131013129918,0,0,8,0,32,256,1,1,1000192,1,1
"KERNEL_DISPATCH","Agent 4",2,1,205945,1369,23,"void rajaperf::apps::pressurecalc2<256ul>(double*, double*, double*, double*, double, double, double, long)",1369,104131013129918,104131013159198,0,0,12,4,32,256,1,1,1000192,1,1
"KERNEL_DISPATCH","Agent 4",2,1,205945,1370,22,"void rajaperf::apps::pressurecalc1<256ul>(double*, double*, double, long)",1370,104131013159198,104131013172638,0,0,8,0,32,256,1,1,1000192,1,1
"KERNEL_DISPATCH","Agent 4",2,1,205945,1371,23,"void rajaperf::apps::pressurecalc2<256ul>(double*, double*, double*, double*, double, double, double, long)",1371,104131013172638,104131013201919,0,0,12,4,32,256,1,1,1000192,1,1
"KERNEL_DISPATCH","Agent 4",2,1,205945,1372,22,"void rajaperf::apps::pressurecalc1<256ul>(double*, double*, double, long)",1372,104131013201919,104131013215359,0,0,8,0,32,256,1,1,1000192,1,1
"KERNEL_DISPATCH","Agent 4",2,1,205945,1373,23,"void rajaperf::apps::pressurecalc2<256ul>(double*, double*, double*, double*, double, double, double, long)",1373,104131013215359,104131013244639,0,0,12,4,32,256,1,1,1000192,1,1
"KERNEL_DISPATCH","Agent 4",2,1,205945,1374,22,"void rajaperf::apps::pressurecalc1<256ul>(double*, double*, double, long)",1374,104131013244639,104131013257599,0,0,8,0,32,256,1,1,1000192,1,1
"KERNEL_DISPATCH","Agent 4",2,1,205945,1375,23,"void rajaperf::apps::pressurecalc2<256ul>(double*, double*, double*, double*, double, double, double, long)",1375,104131013257599,104131013287039,0,0,12,4,32,256,1,1,1000192,1,1
"KERNEL_DISPATCH","Agent 4",2,1,205945,1376,22,"void rajaperf::apps::pressurecalc1<256ul>(double*, double*, double, long)",1376,104131013287039,104131013300479,0,0,8,0,32,256,1,1,1000192,1,1
"KERNEL_DISPATCH","Agent 4",2,1,205945,1377,23,"void rajaperf::apps::pressurecalc2<256ul>(double*, double*, double*, double*, double, double, double, long)",1377,104131013300479,104131013330239,0,0,12,4,32,256,1,1,1000192,1,1
"KERNEL_DISPATCH","Agent 4",2,1,205945,1378,22,"void rajaperf::apps::pressurecalc1<256ul>(double*, double*, double, long)",1378,104131013330239,104131013343999,0,0,8,0,32,256,1,1,1000192,1,1
"KERNEL_DISPATCH","Agent 4",2,1,205945,1379,23,"void rajaperf::apps::pressurecalc2<256ul>(double*, double*, double*, double*, double, double, double, long)",1379,104131013343999,104131013373760,0,0,12,4,32,256,1,1,1000192,1,1
"KERNEL_DISPATCH","Agent 4",2,1,205945,1380,22,"void rajaperf::apps::pressurecalc1<256ul>(double*, double*, double, long)",1380,104131013373760,104131013387360,0,0,8,0,32,256,1,1,1000192,1,1
"KERNEL_DISPATCH","Agent 4",2,1,205945,1381,23,"void rajaperf::apps::pressurecalc2<256ul>(double*, double*, double*, double*, double, double, double, long)",1381,104131013387360,104131013416800,0,0,12,4,32,256,1,1,1000192,1,1
"KERNEL_DISPATCH","Agent 4",2,1,205945,1382,22,"void rajaperf::apps::pressurecalc1<256ul>(double*, double*, double, long)",1382,104131013416800,104131013430560,0,0,8,0,32,256,1,1,1000192,1,1
"KERNEL_DISPATCH","Agent 4",2,1,205945,1383,23,"void rajaperf::apps::pressurecalc2<256ul>(double*, double*, double*, double*, double, double, double, long)",1383,104131013430560,104131013460160,0,0,12,4,32,256,1,1,1000192,1,1
"KERNEL_DISPATCH","Agent 4",2,1,205945,1384,22,"void rajaperf::apps::pressurecalc1<256ul>(double*, double*, double, long)",1384,104131013460160,104131013473600,0,0,8,0,32,256,1,1,1000192,1,1
"KERNEL_DISPATCH","Agent 4",2,1,205945,1385,23,"void rajaperf::apps::pressurecalc2<256ul>(double*, double*, double*, double*, double, double, double, long)",1385,104131013473600,104131013503040,0,0,12,4,32,256,1,1,1000192,1,1
"KERNEL_DISPATCH","Agent 4",2,1,205945,1386,22,"void rajaperf::apps::pressurecalc1<256ul>(double*, double*, double, long)",1386,104131013503040,104131013516160,0,0,8,0,32,256,1,1,1000192,1,1
"KERNEL_DISPATCH","Agent 4",2,1,205945,1387,23,"void rajaperf::apps::pressurecalc2<256ul>(double*, double*, double*, double*, double, double, double, long)",1387,104131013516160,104131013545600,0,0,12,4,32,256,1,1,1000192,1,1
"KERNEL_DISPATCH","Agent 4",2,1,205945,1388,22,"void rajaperf::apps::pressurecalc1<256ul>(double*, double*, double, long)",1388,104131013545600,104131013559041,0,0,8,0,32,256,1,1,1000192,1,1
"KERNEL_DISPATCH","Agent 4",2,1,205945,1389,23,"void rajaperf::apps::pressurecalc2<256ul>(double*, double*, double*, double*, double, double, double, long)",1389,104131013559041,104131013589121,0,0,12,4,32,256,1,1,1000192,1,1
"KERNEL_DISPATCH","Agent 4",2,1,205945,1390,22,"void rajaperf::apps::pressurecalc1<256ul>(double*, double*, double, long)",1390,104131013589121,104131013602561,0,0,8,0,32,256,1,1,1000192,1,1
"KERNEL_DISPATCH","Agent 4",2,1,205945,1391,23,"void rajaperf::apps::pressurecalc2<256ul>(double*, double*, double*, double*, double, double, double, long)",1391,104131013602561,104131013632481,0,0,12,4,32,256,1,1,1000192,1,1
"KERNEL_DISPATCH","Agent 4",2,1,205945,1392,22,"void rajaperf::apps::pressurecalc1<256ul>(double*, double*, double, long)",1392,104131013632481,104131013645441,0,0,8,0,32,256,1,1,1000192,1,1
"KERNEL_DISPATCH","Agent 4",2,1,205945,1393,23,"void rajaperf::apps::pressurecalc2<256ul>(double*, double*, double*, double*, double, double, double, long)",1393,104131013645441,104131013675521,0,0,12,4,32,256,1,1,1000192,1,1
"KERNEL_DISPATCH","Agent 4",2,1,205945,1394,22,"void rajaperf::apps::pressurecalc1<256ul>(double*, double*, double, long)",1394,104131013675521,104131013688961,0,0,8,0,32,256,1,1,1000192,1,1
"KERNEL_DISPATCH","Agent 4",2,1,205945,1395,23,"void rajaperf::apps::pressurecalc2<256ul>(double*, double*, double*, double*, double, double, double, long)",1395,104131013688961,104131013718401,0,0,12,4,32,256,1,1,1000192,1,1
"KERNEL_DISPATCH","Agent 4",2,1,205945,1396,22,"void rajaperf::apps::pressurecalc1<256ul>(double*, double*, double, long)",1396,104131013718401,104131013731842,0,0,8,0,32,256,1,1,1000192,1,1
"KERNEL_DISPATCH","Agent 4",2,1,205945,1397,23,"void rajaperf::apps::pressurecalc2<256ul>(double*, double*, double*, double*, double, double, double, long)",1397,104131013731842,104131013761122,0,0,12,4,32,256,1,1,1000192,1,1
"KERNEL_DISPATCH","Agent 4",2,1,205945,1398,22,"void rajaperf::apps::pressurecalc1<256ul>(double*, double*, double, long)",1398,104131013761122,104131013774402,0,0,8,0,32,256,1,1,1000192,1,1
"KERNEL_DISPATCH","Agent 4",2,1,205945,1399,23,"void rajaperf::apps::pressurecalc2<256ul>(double*, double*, double*, double*, double, double, double, long)",1399,104131013774402,104131013804322,0,0,12,4,32,256,1,1,1000192,1,1
"KERNEL_DISPATCH","Agent 4",2,1,205945,1400,22,"void rajaperf::apps::pressurecalc1<256ul>(double*, double*, double, long)",1400,104131013804322,104131013817762,0,0,8,0,32,256,1,1,1000192,1,1
"KERNEL_DISPATCH","Agent 4",2,1,205945,1401,23,"void rajaperf::apps::pressurecalc2<256ul>(double*, double*, double*, double*, double, double, double, long)",1401,104131013817762,104131013847042,0,0,12,4,32,256,1,1,1000192,1,1
