"Kind","Agent_Id","Queue_Id","Stream_Id","Thread_Id","Dispatch_Id","Kernel_Id","Kernel_Name","Correlation_Id","Start_Timestamp","End_Timestamp","LDS_Block_Size","Scratch_Size","VGPR_Count","Accum_VGPR_Count","SGPR_Count","Workgroup_Size_X","Workgroup_Size_Y","Workgroup_Size_Z","Grid_Size_X","Grid_Size_Y","Grid_Size_Z"
"KERNEL_DISPATCH","Agent 4",2,1,205988,1,18,"void rajaperf::basic::daxpy<256ul>(double*, double*, double, long)",1,104452926074848,104452926097728,0,0,8,0,32,256,1,1,1000192,1,1
"KERNEL_DISPATCH","Agent 4",2,1,205988,2,22,"void rajaperf::apps::pressurecalc1<256ul>(double*, double*, double, long)",2,104452972568343,104452972585303,0,0,8,0,32,256,1,1,1000192,1,1
"KERNEL_DISPATCH","Agent 4",2,1,205988,3,23,"void rajaperf::apps::pressurecalc2<256ul>(double*, double*, double*, double*, double, double, double, long)",3,104452972585303,104452972613623,0,0,12,4,32,256,1,1,1000192,1,1
"KERNEL_DISPATCH","Agent 4",2,1,205988,4,22,"void rajaperf::apps::pressurecalc1<256ul>(double*, double*, double, long)",4,104452972613623,104452972627063,0,0,8,0,32,256,1,1,1000192,1,1
"KERNEL_DISPATCH","Agent 4",2,1,205988,5,23,"void rajaperf::apps::pressurecalc2<256ul>(double*, double*, double*, double*, double, double, double, long)",5,104452972627063,104452972655543,0,0,12,4,32,256,1,1,1000192,1,1
"KERNEL_DISPATCH","Agent 4",2,1,205988,6,22,"void rajaperf::apps::pressurecalc1<256ul>(double*, double*, double, long)",6,104452972655543,104452972668503,0,0,8,0,32,256,1,1,1000192,1,1
"KERNEL_DISPATCH","Agent 4",2,1,205988,7,23,"void rajaperf::apps::pressurecalc2<256ul>(double*, double*, double*, double*, double, double, double, long)",7,104452972668503,104452972697303,0,0,12,4,32,256,1,1,1000192,1,1
"KERNEL_DISPATCH","Agent 4",2,1,205988,8,22,"void rajaperf::apps::pressurecalc1<256ul>(double*, double*, double, long)",8,104452972697303,104452972709783,0,0,8,0,32,256,1,1,1000192,1,1
"KERNEL_DISPATCH","Agent 4",2,1,205988,9,23,"void rajaperf::apps::pressurecalc2<256ul>(double*, double*, double*, double*, double, double, double, long)",9,104452972709783,104452972738903,0,0,12,4,32,256,1,1,1000192,1,1
"KERNEL_DISPATCH","Agent 4",2,1,205988,10,22,"void rajaperf::apps::pressurecalc1<256ul>(double*, double*, double, long)",10,104452972738903,104452972751863,0,0,8,0,32,256,1,1,1000192,1,1
"KERNEL_DISPATCH","Agent 4",2,1,205988,11,23,"void rajaperf::apps::pressurecalc2<256ul>(double*, double*, double*, double*, double, double, double, long)",11,104452972751863,104452972781144,0,0,12,4,32,256,1,1,1000192,1,1
"KERNEL_DISPATCH","Agent 4",2,1,205988,12,22,"void rajaperf::apps::pressurecalc1<256ul>(double*, double*, double, long)",12,104452972781144,104452972794584,0,0,8,0,32,256,1,1,1000192,1,1
"KERNEL_DISPATCH","Agent 4",2,1,205988,13,23,"void rajaperf::apps::pressurecalc2<256ul>(double*, double*, double*, double*, double, double, double, long)",13,104452972794584,104452972822904,0,0,12,4,32,256,1,1,1000192,1,1
"KERNEL_DISPATCH","Agent 4",2,1,205988,14,22,"void rajaperf::apps::pressurecalc1<256ul>(double*, double*, double, long)",14,104452972822904,104452972836664,0,0,8,0,32,256,1,1,1000192,1,1
"KERNEL_DISPATCH","Agent 4",2,1,205988,15,23,"void rajaperf::apps::pressurecalc2<256ul>(double*, double*, double*, double*, double, double, double, long)",15,104452972836664,104452972865144,0,0,12,4,32,256,1,1,1000192,1,1
"KERNEL_DISPATCH","Agent 4",2,1,205988,16,22,"void rajaperf::apps::pressurecalc1<256ul>(double*, double*, double, long)",16,104452972865144,104452972878424,0,0,8,0,32,256,1,1,1000192,1,1
"KERNEL_DISPATCH","Agent 4",2,1,205988,17,23,"void rajaperf::apps::pressurecalc2<256ul>(double*, double*, double*, double*, double, double, double, long)",17,104452972878424,104452972907384,0,0,12,4,32,256,1,1,1000192,1,1
"KERNEL_DISPATCH","Agent 4",2,1,205988,18,22,"void rajaperf::apps::pressurecalc1<256ul>(double*, double*, double, long)",18,104452972907384,104452972920184,0,0,8,0,32,256,1,1,1000192,1,1
"KERNEL_DISPATCH","Agent 4",2,1,205988,19,23,"void rajaperf::apps::pressurecalc2<256ul>(double*, double*, double*, double*, double, double, double, long)",19,104452972920184,104452972949465,0,0,12,4,32,256,1,1,1000192,1,1
"KERNEL_DISPATCH","Agent 4",2,1,205988,20,22,"void rajaperf::apps::pressurecalc1<256ul>(double*, double*, double, long)",20,104452972949465,104452972962425,0,0,8,0,32,256,1,1,1000192,1,1
"KERNEL_DISPATCH","Agent 4",2,1,205988,22,22,"void rajaperf::apps::pressurecalc1<256ul>(double*, double*, double, long)",22,104452972991865,104452973004985,0,0,8,0,32,256,1,1,1000192,1,1
"KERNEL_DISPATCH","Agent 4",2,1,205988,21,23,"void rajaperf::apps::pressurecalc2<256ul>(double*, double*, double*, double*, double, double, double, long)",21,104452972962425,104452972991865,0,0,12,4,32,256,1,1,1000192,1,1
"KERNEL_DISPATCH","Agent 4",2,1,205988,23,23,"void rajaperf::apps::pressurecalc2<256ul>(double*, double*, double*, double*, double, double, double, long)",23,104452973004985,104452973033785,0,0,12,4,32,256,1,1,1000192,1,1
"KERNEL_DISPATCH","Agent 4",2,1,205988,24,22,"void rajaperf::apps::pressurecalc1<256ul>(double*, double*, double, long)",24,104452973033785,104452973047385,0,0,8,0,32,256,1,1,1000192,1,1
"KERNEL_DISPATCH","Agent 4",2,1,205988,25,23,"void rajaperf::apps::pressurecalc2<256ul>(double*, double*, double*, double*, double, double, double, long)",25,104452973047385,104452973076185,0,0,12,4,32,256,1,1,1000192,1,1
"KERNEL_DISPATCH","Agent 4",2,1,205988,26,22,"void rajaperf::apps::pressurecalc1<256ul>(double*, double*, double, long)",26,104452973076185,104452973089626,0,0,8,0,32,256,1,1,1000192,1,1
"KERNEL_DISPATCH","Agent 4",2,1,205988,27,23,"void rajaperf::apps::pressurecalc2<256ul>(double*, double*, double*, double*, double, double, double, long)",27,104452973089626,104452973118586,0,0,12,4,32,256,1,1,1000192,1,1
"KERNEL_DISPATCH","Agent 4",2,1,205988,28,22,"void rajaperf::apps::pressurecalc1<256ul>(double*, double*, double, long)",28,104452973118586,104452973131546,0,0,8,0,32,256,1,1,1000192,1,1
"KERNEL_DISPATCH","Agent 4",2,1,205988,29,23,"void rajaperf::apps::pressurecalc2<256ul>(double*, double*, double*, double*, double, double, double, long)",29,104452973131546,104452973161146,0,0,12,4,32,256,1,1,1000192,1,1
"KERNEL_DISPATCH","Agent 4",2,1,205988,30,22,"void rajaperf::apps::pressurecalc1<256ul>(double*, double*, double, long)",30,104452973161146,104452973174266,0,0,8,0,32,256,1,1,1000192,1,1
"KERNEL_DISPATCH","Agent 4",2,1,205988,31,23,"void rajaperf::apps::pressurecalc2<256ul>(double*, double*, double*, double*, double, double, double, long)",31,104452973174266,104452973204506,0,0,12,4,32,256,1,1,1000192,1,1
"KERNEL_DISPATCH","Agent 4",2,1,205988,32,22,"void rajaperf::apps::pressurecalc1<256ul>(double*, double*, double, long)",32,104452973204506,104452973217786,0,0,8,0,32,256,1,1,1000192,1,1
"KERNEL_DISPATCH","Agent 4",2,1,205988,33,23,"void rajaperf::apps::pressurecalc2<256ul>(double*, double*, double*, double*, double, double, double, long)",33,104452973217786,104452973247067,0,0,12,4,32,256,1,1,1000192,1,1
"KERNEL_DISPATCH","Agent 4",2,1,205988,34,22,"void rajaperf::apps::pressurecalc1<256ul>(double*, double*, double, long)",34,104452973247067,104452973261627,0,0,8,0,32,256,1,1,1000192,1,1
"KERNEL_DISPATCH","Agent 4",2,1,205988,35,23,"void rajaperf::apps::pressurecalc2<256ul>(double*, double*, double*, double*, double, double, double, long)",35,104452973261627,104452973291067,0,0,12,4,32,256,1,1,1000192,1,1
"KERNEL_DISPATCH","Agent 4",2,1,205988,36,22,"void rajaperf::apps::pressurecalc1<256ul>(double*, double*, double, long)",36,104452973291067,104452973304667,0,0,8,0,32,256,1,1,1000192,1,1
"KERNEL_DISPATCH","Agent 4",2,1,205988,37,23,"void rajaperf::apps::pressurecalc2<256ul>(double*, double*, double*, double*, double, double, double, long)",37,104452973304667,104452973334107,0,0,12,4,32,256,1,1,1000192,1,1
"KERNEL_DISPATCH","Agent 4",2,1,205988,38,22,"void rajaperf::apps::pressurecalc1<256ul>(double*, double*, double, long)",38,104452973334107,104452973347387,0,0,8,0,32,256,1,1,1000192,1,1
"KERNEL_DISPATCH","Agent 4",2,1,205988,39,23,"void rajaperf::apps::pressurecalc2<256ul>(double*, double*, double*, double*, double, double, double, long)",39,104452973347387,104452973376827,0,0,12,4,32,256,1,1,1000192,1,1
"KERNEL_DISPATCH","Agent 4",2,1,205988,40,22,"void rajaperf::apps::pressurecalc1<256ul>(double*, double*, double, long)",40,104452973376827,104452973389787,0,0,8,0,32,256,1,1,1000192,1,1
"KERNEL_DISPATCH","Agent 4",2,1,205988,41,23,"void rajaperf::apps::pressurecalc2<256ul>(double*, double*, double*, double*, double, double, double, long)",41,104452973389787,104452973419388,0,0,12,4,32,256,1,1,1000192,1,1
"KERNEL_DISPATCH","Agent 4",2,1,205988,42,22,"void rajaperf::apps::pressurecalc1<256ul>(double*, double*, double, long)",42,104452973419388,104452973432988,0,0,8,0,32,256,1,1,1000192,1,1
"KERNEL_DISPATCH","Agent 4",2,1,205988,43,23,"void rajaperf::apps::pressurecalc2<256ul>(double*, double*, double*, double*, double, double, double, long)",43,104452973432988,104452973462428,0,0,12,4,32,256,1,1,1000192,1,1
"KERNEL_DISPATCH","Agent 4",2,1,205988,44,22,"void rajaperf::apps::pressurecalc1<256ul>(double*, double*, double, long)",44,104452973462428,104452973475868,0,0,8,0,32,256,1,1,1000192,1,1
"KERNEL_DISPATCH","Agent 4",2,1,205988,45,23,"void rajaperf::apps::pressurecalc2<256ul>(double*, double*, double*, double*, double, double, double, long)",45,104452973475868,104452973505948,0,0,12,4,32,256,1,1,1000192,1,1
"KERNEL_DISPATCH","Agent 4",2,1,205988,46,22,"void rajaperf::apps::pressurecalc1<256ul>(double*, double*, double, long)",46,104452973505948,104452973519548,0,0,8,0,32,256,1,1,1000192,1,1
"KERNEL_DISPATCH","Agent 4",2,1,205988,47,23,"void rajaperf::apps::pressurecalc2<256ul>(double*, double*, double*, double*, double, double, double, long)",47,104452973519548,104452973549148,0,0,12,4,32,256,1,1,1000192,1,1
"KERNEL_DISPATCH","Agent 4",2,1,205988,48,22,"void rajaperf::apps::pressurecalc1<256ul>(double*, double*, double, long)",48,104452973549148,104452973562268,0,0,8,0,32,256,1,1,1000192,1,1
"KERNEL_DISPATCH","Agent 4",2,1,205988,49,23,"void rajaperf::apps::pressurecalc2<256ul>(double*, double*, double*, double*, double, double, double, long)",49,104452973562268,104452973592509,0,0,12,4,32,256,1,1,1000192,1,1
"KERNEL_DISPATCH","Agent 4",2,1,205988,50,22,"void rajaperf::apps::pressurecalc1<256ul>(double*, double*, double, long)",50,104452973592509,104452973605949,0,0,8,0,32,256,1,1,1000192,1,1
"KERNEL_DISPATCH","Agent 4",2,1,205988,51,23,"void rajaperf::apps::pressurecalc2<256ul>(double*, double*, double*, double*, double, double, double, long)",51,104452973605949,104452973636029,0,0,12,4,32,256,1,1,1000192,1,1
"KERNEL_DISPATCH","Agent 4",2,1,205988,52,22,"void rajaperf::apps::pressurecalc1<256ul>(double*, double*, double, long)",52,104452973636029,104452973649469,0,0,8,0,32,256,1,1,1000192,1,1
"KERNEL_DISPATCH","Agent 4",2,1,205988,53,23,"void rajaperf::apps::pressurecalc2<256ul>(double*, double*, double*, double*, double, double, double, long)",53,104452973649469,104452973679549,0,0,12,4,32,256,1,1,1000192,1,1
"KERNEL_DISPATCH","Agent 4",2,1,205988,54,22,"void rajaperf::apps::pressurecalc1<256ul>(double*, double*, double, long)",54,104452973679549,104452973693149,0,0,8,0,32,256,1,1,1000192,1,1
"KERNEL_DISPATCH","Agent 4",2,1,205988,55,23,"void rajaperf::apps::pressurecalc2<256ul>(double*, double*, double*, double*, double, double, double, long)",55,104452973693149,104452973723069,0,0,12,4,32,256,1,1,1000192,1,1
"KERNEL_DISPATCH","Agent 4",2,1,205988,56,22,"void rajaperf::apps::pressurecalc1<256ul>(double*, double*, double, long)",56,104452973723069,104452973737150,0,0,8,0,32,256,1,1,1000192,1,1
"KERNEL_DISPATCH","Agent 4",2,1,205988,57,23,"void rajaperf::apps::pressurecalc2<256ul>(double*, double*, double*, double*, double, double, double, long)",57,104452973737150,104452973766910,0,0,12,4,32,256,1,1,1000192,1,1
"KERNEL_DISPATCH","Agent 4",2,1,205988,58,22,"void rajaperf::apps::pressurecalc1<256ul>(double*, double*, double, long)",58,104452973766910,104452973780030,0,0,8,0,32,256,1,1,1000192,1,1
"KERNEL_DISPATCH","Agent 4",2,1,205988,59,23,"void rajaperf::apps::pressurecalc2<256ul>(double*, double*, double*, double*, double, double, double, long)",59,104452973780030,104452973810270,0,0,12,4,32,256,1,1,1000192,1,1
"KERNEL_DISPATCH","Agent 4",2,1,205988,60,22,"void rajaperf::apps::pressurecalc1<256ul>(double*, double*, double, long)",60,104452973810270,104452973823710,0,0,8,0,32,256,1,1,1000192,1,1
"KERNEL_DISPATCH","Agent 4",2,1,205988,61,23,"void rajaperf::apps::pressurecalc2<256ul>(double*, double*, double*, double*, double, double, double, long)",61,104452973823710,104452973852830,0,0,12,4,32,256,1,1,1000192,1,1
"KERNEL_DISPATCH","Agent 4",2,1,205988,62,22,"void rajaperf::apps::pressurecalc1<256ul>(double*, double*, double, long)",62,104452973852830,104452973866430,0,0,8,0,32,256,1,1,1000192,1,1
"KERNEL_DISPATCH","Agent 4",2,1,205988,63,23,"void rajaperf::apps::pressurecalc2<256ul>(double*, double*, double*, double*, double, double, double, long)",63,104452973866430,104452973895710,0,0,12,4,32,256,1,1,1000192,1,1
"KERNEL_DISPATCH","Agent 4",2,1,205988,64,22,"void rajaperf::apps::pressurecalc1<256ul>(double*, double*, double, long)",64,104452973895710,104452973908991,0,0,8,0,32,256,1,1,1000192,1,1
"KERNEL_DISPATCH","Agent 4",2,1,205988,65,23,"void rajaperf::apps::pressurecalc2<256ul>(double*, double*, double*, double*, double, double, double, long)",65,104452973908991,104452973938591,0,0,12,4,32,256,1,1,1000192,1,1
"KERNEL_DISPATCH","Agent 4",2,1,205988,66,22,"void rajaperf::apps::pressurecalc1<256ul>(double*, double*, double, long)",66,104452973938591,104452973952671,0,0,8,0,32,256,1,1,1000192,1,1
"KERNEL_DISPATCH","Agent 4",2,1,205988,67,23,"void rajaperf::apps::pressurecalc2<256ul>(double*, double*, double*, double*, double, double, double, long)",67,104452973952671,104452973982911,0,0,12,4,32,256,1,1,1000192,1,1
"KERNEL_DISPATCH","Agent 4",2,1,205988,68,22,"void rajaperf::apps::pressurecalc1<256ul>(double*, double*, double, long)",68,104452973982911,104452973996191,0,0,8,0,32,256,1,1,1000192,1,1
"KERNEL_DISPATCH","Agent 4",2,1,205988,69,23,"void rajaperf::apps::pressurecalc2<256ul>(double*, double*, double*, double*, double, double, double, long)",69,104452973996191,104452974025951,0,0,12,4,32,256,1,1,1000192,1,1
"KERNEL_DISPATCH","Agent 4",2,1,205988,70,22,"void rajaperf::apps::pressurecalc1<256ul>(double*, double*, double, long)",70,104452974025951,104452974039711,0,0,8,0,32,256,1,1,1000192,1,1
"KERNEL_DISPATCH","Agent 4",2,1,205988,71,23,"void rajaperf::apps::pressurecalc2<256ul>(double*, double*, double*, double*, double, double, double, long)",71,104452974039711,104452974069792,0,0,12,4,32,256,1,1,1000192,1,1
"KERNEL_DISPATCH","Agent 4",2,1,205988,72,22,"void rajaperf::apps::pressurecalc1<256ul>(double*, double*, double, long)",72,104452974069792,104452974083232,0,0,8,0,32,256,1,1,1000192,1,1
"KERNEL_DISPATCH","Agent 4",2,1,205988,73,23,"void rajaperf::apps::pressurecalc2<256ul>(double*, double*, double*, double*, double, double, double, long)",73,104452974083232,104452974113152,0,0,12,4,32,256,1,1,1000192,1,1
"KERNEL_DISPATCH","Agent 4",2,1,205988,74,22,"void rajaperf::apps::pressurecalc1<256ul>(double*, double*, double, long)",74,104452974113152,104452974126432,0,0,8,0,32,256,1,1,1000192,1,1
"KERNEL_DISPATCH","Agent 4",2,1,205988,75,23,"void rajaperf::apps::pressurecalc2<256ul>(double*, double*, double*, double*, double, double, double, long)",75,104452974126432,104452974156192,0,0,12,4,32,256,1,1,1000192,1,1
"KERNEL_DISPATCH","Agent 4",2,1,205988,76,22,"void rajaperf::apps::pressurecalc1<256ul>(double*, double*, double, long)",76,104452974156192,104452974169632,0,0,8,0,32,256,1,1,1000192,1,1
"KERNEL_DISPATCH","Agent 4",2,1,205988,77,23,"void rajaperf::apps::pressurecalc2<256ul>(double*, double*, double*, double*, double, double, double, long)",77,104452974169632,104452974199232,0,0,12,4,32,256,1,1,1000192,1,1
"KERNEL_DISPATCH","Agent 4",2,1,205988,78,22,"void rajaperf::apps::pressurecalc1<256ul>(double*, double*, double, long)",78,104452974199232,104452974212672,0,0,8,0,32,256,1,1,1000192,1,1
"KERNEL_DISPATCH","Agent 4",2,1,205988,79,23,"void rajaperf::apps::pressurecalc2<256ul>(double*, double*, double*, double*, double, double, double, long)",79,104452974212672,104452974242273,0,0,12,4,32,256,1,1,1000192,1,1
"KERNEL_DISPATCH","Agent 4",2,1,205988,80,22,"void rajaperf::apps::pressurecalc1<256ul>(double*, double*, double, long)",80,104452974242273,104452974255713,0,0,8,0,32,256,1,1,1000192,1,1
"KERNEL_DISPATCH","Agent 4",2,1,205988,81,23,"void rajaperf::apps::pressurecalc2<256ul>(double*, double*, double*, double*, double, double, double, long)",81,104452974255713,104452974285633,0,0,12,4,32,256,1,1,1000192,1,1
"KERNEL_DISPATCH","Agent 4",2,1,205988,82,22,"void rajaperf::apps::pressurecalc1<256ul>(double*, double*, double, long)",82,104452974285633,104452974299233,0,0,8,0,32,256,1,1,1000192,1,1
"KERNEL_DISPATCH","Agent 4",2,1,205988,83,23,"void rajaperf::apps::pressurecalc2<256ul>(double*, double*, double*, double*, double, double, double, long)",83,104452974299233,104452974328993,0,0,12,4,32,256,1,1,1000192,1,1
"KERNEL_DISPATCH","Agent 4",2,1,205988,84,22,"void rajaperf::apps::pressurecalc1<256ul>(double*, double*, double, long)",84,104452974328993,104452974342273,0,0,8,0,32,256,1,1,1000192,1,1
"KERNEL_DISPATCH","Agent 4",2,1,205988,85,23,"void rajaperf::apps::pressurecalc2<256ul>(double*, double*, double*, double*, double, double, double, long)",85,104452974342273,104452974372193,0,0,12,4,32,256,1,1,1000192,1,1
"KERNEL_DISPATCH","Agent 4",2,1,205988,86,22,"void rajaperf::apps::pressurecalc1<256ul>(double*, double*, double, long)",86,104452974372193,104452974385633,0,0,8,0,32,256,1,1,1000192,1,1
"KERNEL_DISPATCH","Agent 4",2,1,205988,87,23,"void rajaperf::apps::pressurecalc2<256ul>(double*, double*, double*, double*, double, double, double, long)",87,104452974385633,104452974415074,0,0,12,4,32,256,1,1,1000192,1,1
"KERNEL_DISPATCH","Agent 4",2,1,205988,88,22,"void rajaperf::apps::pressurecalc1<256ul>(double*, double*, double, long)",88,104452974415074,104452974428674,0,0,8,0,32,256,1,1,1000192,1,1
"KERNEL_DISPATCH","Agent 4",2,1,205988,89,23,"void rajaperf::apps::pressurecalc2<256ul>(double*, double*, double*, double*, double, double, double, long)",89,104452974428674,104452974458434,0,0,12,4,32,256,1,1,1000192,1,1
"KERNEL_DISPATCH","Agent 4",2,1,205988,90,22,"void rajaperf::apps::pressurecalc1<256ul>(double*, double*, double, long)",90,104452974458434,104452974472194,0,0,8,0,32,256,1,1,1000192,1,1
"KERNEL_DISPATCH","Agent 4",2,1,205988,91,23,"void rajaperf::apps::pressurecalc2<256ul>(double*, double*, double*, double*, double, double, double, long)",91,104452974472194,104452974501954,0,0,12,4,32,256,1,1,1000192,1,1
"KERNEL_DISPATCH","Agent 4",2,1,205988,92,22,"void rajaperf::apps::pressurecalc1<256ul>(double*, double*, double, long)",92,104452974501954,104452974515074,0,0,8,0,32,256,1,1,1000192,1,1
"KERNEL_DISPATCH","Agent 4",2,1,205988,93,23,"void rajaperf::apps::pressurecalc2<256ul>(double*, double*, double*, double*, double, double, double, long)",93,104452974515074,104452974544514,0,0,12,4,32,256,1,1,1000192,1,1
"KERNEL_DISPATCH","Agent 4",2,1,205988,94,22,"void rajaperf::apps::pressurecalc1<256ul>(double*, double*, double, long)",94,104452974544514,104452974558115,0,0,8,0,32,256,1,1,1000192,1,1
"KERNEL_DISPATCH","Agent 4",2,1,205988,95,23,"void rajaperf::apps::pressurecalc2<256ul>(double*, double*, double*, double*, double, double, double, long)",95,104452974558115,104452974587555,0,0,12,4,32,256,1,1,1000192,1,1
"KERNEL_DISPATCH","Agent 4",2,1,205988,96,22,"void rajaperf::apps::pressurecalc1<256ul>(double*, double*, double, long)",96,104452974587555,104452974601315,0,0,8,0,32,256,1,1,1000192,1,1
"KERNEL_DISPATCH","Agent 4",2,1,205988,97,23,"void rajaperf::apps::pressurecalc2<256ul>(double*, double*, double*, double*, double, double, double, long)",97,104452974601315,104452974631075,0,0,12,4,32,256,1,1,1000192,1,1
"KERNEL_DISPATCH","Agent 4",2,1,205988,98,22,"void rajaperf::apps::pressurecalc1<256ul>(double*, double*, double, long)",98,104452974631075,104452974645635,0,0,8,0,32,256,1,1,1000192,1,1
"KERNEL_DISPATCH","Agent 4",2,1,205988,99,23,"void rajaperf::apps::pressurecalc2<256ul>(double*, double*, double*, double*, double, double, double, long)",99,104452974645635,104452974674915,0,0,12,4,32,256,1,1,1000192,1,1
"KERNEL_DISPATCH","Agent 4",2,1,205988,100,22,"void rajaperf::apps::pressurecalc1<256ul>(double*, double*, double, long)",100,104452974674915,104452974688355,0,0,8,0,32,256,1,1,1000192,1,1
"KERNEL_DISPATCH","Agent 4",2,1,205988,101,23,"void rajaperf::apps::pressurecalc2<256ul>(double*, double*, double*, double*, double, double, double, long)",101,104452974688355,104452974717956,0,0,12,4,32,256,1,1,1000192,1,1
"KERNEL_DISPATCH","Agent 4",2,1,205988,102,22,"void rajaperf::apps::pressurecalc1<256ul>(double*, double*, double, long)",102,104452974717956,104452974731396,0,0,8,0,32,256,1,1,1000192,1,1
"KERNEL_DISPATCH","Agent 4",2,1,205988,103,23,"void rajaperf::apps::pressurecalc2<256ul>(double*, double*, double*, double*, double, double, double, long)",103,104452974731396,104452974760836,0,0,12,4,32,256,1,1,1000192,1,1
"KERNEL_DISPATCH","Agent 4",2,1,205988,104,22,"void rajaperf::apps::pressurecalc1<256ul>(double*, double*, double, long)",104,104452974760836,104452974774116,0,0,8,0,32,256,1,1,1000192,1,1
"KERNEL_DISPATCH","Agent 4",2,1,205988,105,23,"void rajaperf::apps::pressurecalc2<256ul>(double*, double*, double*, double*, double, double, double, long)",105,104452974774116,104452974803396,0,0,12,4,32,256,1,1,1000192,1,1
"KERNEL_DISPATCH","Agent 4",2,1,205988,106,22,"void rajaperf::apps::pressurecalc1<256ul>(double*, double*, double, long)",106,104452974803396,104452974816836,0,0,8,0,32,256,1,1,1000192,1,1
"KERNEL_DISPATCH","Agent 4",2,1,205988,107,23,"void rajaperf::apps::pressurecalc2<256ul>(double*, double*, double*, double*, double, double, double, long)",107,104452974816836,104452974846916,0,0,12,4,32,256,1,1,1000192,1,1
"KERNEL_DISPATCH","Agent 4",2,1,205988,108,22,"void rajaperf::apps::pressurecalc1<256ul>(double*, double*, double, long)",108,104452974846916,104452974860516,0,0,8,0,32,256,1,1,1000192,1,1
"KERNEL_DISPATCH","Agent 4",2,1,205988,109,23,"void rajaperf::apps::pressurecalc2<256ul>(double*, double*, double*, double*, double, double, double, long)",109,104452974860516,104452974890437,0,0,12,4,32,256,1,1,1000192,1,1
"KERNEL_DISPATCH","Agent 4",2,1,205988,110,22,"void rajaperf::apps::pressurecalc1<256ul>(double*, double*, double, long)",110,104452974890437,104452974903717,0,0,8,0,32,256,1,1,1000192,1,1
"KERNEL_DISPATCH","Agent 4",2,1,205988,111,23,"void rajaperf::apps::pressurecalc2<256ul>(double*, double*, double*, double*, double, double, double, long)",111,104452974903717,104452974932997,0,0,12,4,32,256,1,1,1000192,1,1
"KERNEL_DISPATCH","Agent 4",2,1,205988,112,22,"void rajaperf::apps::pressurecalc1<256ul>(double*, double*, double, long)",112,104452974932997,104452974946277,0,0,8,0,32,256,1,1,1000192,1,1
"KERNEL_DISPATCH","Agent 4",2,1,205988,113,23,"void rajaperf::apps::pressurecalc2<256ul>(double*, double*, double*, double*, double, double, double, long)",113,104452974946277,104452974976197,0,0,12,4,32,256,1,1,1000192,1,1
"KERNEL_DISPATCH","Agent 4",2,1,205988,114,22,"void rajaperf::apps::pressurecalc1<256ul>(double*, double*, double, long)",114,104452974976197,104452974989637,0,0,8,0,32,256,1,1,1000192,1,1
"KERNEL_DISPATCH","Agent 4",2,1,205988,115,23,"void rajaperf::apps::pressurecalc2<256ul>(double*, double*, double*, double*, double, double, double, long)",115,104452974989637,104452975019237,0,0,12,4,32,256,1,1,1000192,1,1
"KERNEL_DISPATCH","Agent 4",2,1,205988,116,22,"void rajaperf::apps::pressurecalc1<256ul>(double*, double*, double, long)",116,104452975019237,104452975032837,0,0,8,0,32,256,1,1,1000192,1,1
"KERNEL_DISPATCH","Agent 4",2,1,205988,117,23,"void rajaperf::apps::pressurecalc2<256ul>(double*, double*, double*, double*, double, double, double, long)",117,104452975032837,104452975063078,0,0,12,4,32,256,1,1,1000192,1,1
"KERNEL_DISPATCH","Agent 4",2,1,205988,118,22,"void rajaperf::apps::pressurecalc1<256ul>(double*, double*, double, long)",118,104452975063078,104452975076678,0,0,8,0,32,256,1,1,1000192,1,1
"KERNEL_DISPATCH","Agent 4",2,1,205988,119,23,"void rajaperf::apps::pressurecalc2<256ul>(double*, double*, double*, double*, double, double, double, long)",119,104452975076678,104452975106598,0,0,12,4,32,256,1,1,1000192,1,1
"KERNEL_DISPATCH","Agent 4",2,1,205988,120,22,"void rajaperf::apps::pressurecalc1<256ul>(double*, double*, double, long)",120,104452975106598,104452975120198,0,0,8,0,32,256,1,1,1000192,1,1
"KERNEL_DISPATCH","Agent 4",2,1,205988,121,23,"void rajaperf::apps::pressurecalc2<256ul>(double*, double*, double*, double*, double, double, double, long)",121,104452975120198,104452975150278,0,0,12,4,32,256,1,1,1000192,1,1
"KERNEL_DISPATCH","Agent 4",2,1,205988,122,22,"void rajaperf::apps::pressurecalc1<256ul>(double*, double*, double, long)",122,104452975150278,104452975163878,0,0,8,0,32,256,1,1,1000192,1,1
"KERNEL_DISPATCH","Agent 4",2,1,205988,123,23,"void rajaperf::apps::pressurecalc2<256ul>(double*, double*, double*, double*, double, double, double, long)",123,104452975163878,104452975193478,0,0,12,4,32,256,1,1,1000192,1,1
"KERNEL_DISPATCH","Agent 4",2,1,205988,124,22,"void rajaperf::apps::pressurecalc1<256ul>(double*, double*, double, long)",124,104452975193478,104452975207079,0,0,8,0,32,256,1,1,1000192,1,1
"KERNEL_DISPATCH","Agent 4",2,1,205988,125,23,"void rajaperf::apps::pressurecalc2<256ul>(double*, double*, double*, double*, double, double, double, long)",125,104452975207079,104452975236359,0,0,12,4,32,256,1,1,1000192,1,1
"KERNEL_DISPATCH","Agent 4",2,1,205988,126,22,"void rajaperf::apps::pressurecalc1<256ul>(double*, double*, double, long)",126,104452975236359,104452975249799,0,0,8,0,32,256,1,1,1000192,1,1
"KERNEL_DISPATCH","Agent 4",2,1,205988,127,23,"void rajaperf::apps::pressurecalc2<256ul>(double*, double*, double*, double*, double, double, double, long)",127,104452975249799,104452975279399,0,0,12,4,32,256,1,1,1000192,1,1
"KERNEL_DISPATCH","Agent 4",2,1,205988,128,22,"void rajaperf::apps::pressurecalc1<256ul>(double*, double*, double, long)",128,104452975279399,104452975292519,0,0,8,0,32,256,1,1,1000192,1,1
"KERNEL_DISPATCH","Agent 4",2,1,205988,129,23,"void rajaperf::apps::pressurecalc2<256ul>(double*, double*, double*, double*, double, double, double, long)",129,104452975292519,104452975322119,0,0,12,4,32,256,1,1,1000192,1,1
"KERNEL_DISPATCH","Agent 4",2,1,205988,130,22,"void rajaperf::apps::pressurecalc1<256ul>(double*, double*, double, long)",130,104452975322119,104452975336039,0,0,8,0,32,256,1,1,1000192,1,1
"KERNEL_DISPATCH","Agent 4",2,1,205988,131,23,"void rajaperf::apps::pressurecalc2<256ul>(double*, double*, double*, double*, double, double, double, long)",131,104452975336039,104452975365960,0,0,12,4,32,256,1,1,1000192,1,1
"KERNEL_DISPATCH","Agent 4",2,1,205988,132,22,"void rajaperf::apps::pressurecalc1<256ul>(double*, double*, double, long)",132,104452975365960,104452975379560,0,0,8,0,32,256,1,1,1000192,1,1
"KERNEL_DISPATCH","Agent 4",2,1,205988,133,23,"void rajaperf::apps::pressurecalc2<256ul>(double*, double*, double*, double*, double, double, double, long)",133,104452975379560,104452975409000,0,0,12,4,32,256,1,1,1000192,1,1
"KERNEL_DISPATCH","Agent 4",2,1,205988,134,22,"void rajaperf::apps::pressurecalc1<256ul>(double*, double*, double, long)",134,104452975409000,104452975422440,0,0,8,0,32,256,1,1,1000192,1,1
"KERNEL_DISPATCH","Agent 4",2,1,205988,135,23,"void rajaperf::apps::pressurecalc2<256ul>(double*, double*, double*, double*, double, double, double, long)",135,104452975422440,104452975451880,0,0,12,4,32,256,1,1,1000192,1,1
"KERNEL_DISPATCH","Agent 4",2,1,205988,136,22,"void rajaperf::apps::pressurecalc1<256ul>(double*, double*, double, long)",136,104452975451880,104452975465160,0,0,8,0,32,256,1,1,1000192,1,1
"KERNEL_DISPATCH","Agent 4",2,1,205988,137,23,"void rajaperf::apps::pressurecalc2<256ul>(double*, double*, double*, double*, double, double, double, long)",137,104452975465160,104452975494440,0,0,12,4,32,256,1,1,1000192,1,1
"KERNEL_DISPATCH","Agent 4",2,1,205988,138,22,"void rajaperf::apps::pressurecalc1<256ul>(double*, double*, double, long)",138,104452975494440,104452975507400,0,0,8,0,32,256,1,1,1000192,1,1
"KERNEL_DISPATCH","Agent 4",2,1,205988,139,23,"void rajaperf::apps::pressurecalc2<256ul>(double*, double*, double*, double*, double, double, double, long)",139,104452975507400,104452975537001,0,0,12,4,32,256,1,1,1000192,1,1
"KERNEL_DISPATCH","Agent 4",2,1,205988,140,22,"void rajaperf::apps::pressurecalc1<256ul>(double*, double*, double, long)",140,104452975537001,104452975550761,0,0,8,0,32,256,1,1,1000192,1,1
"KERNEL_DISPATCH","Agent 4",2,1,205988,141,23,"void rajaperf::apps::pressurecalc2<256ul>(double*, double*, double*, double*, double, double, double, long)",141,104452975550761,104452975581001,0,0,12,4,32,256,1,1,1000192,1,1
"KERNEL_DISPATCH","Agent 4",2,1,205988,142,22,"void rajaperf::apps::pressurecalc1<256ul>(double*, double*, double, long)",142,104452975581001,104452975594281,0,0,8,0,32,256,1,1,1000192,1,1
"KERNEL_DISPATCH","Agent 4",2,1,205988,143,23,"void rajaperf::apps::pressurecalc2<256ul>(double*, double*, double*, double*, double, double, double, long)",143,104452975594281,104452975624041,0,0,12,4,32,256,1,1,1000192,1,1
"KERNEL_DISPATCH","Agent 4",2,1,205988,144,22,"void rajaperf::apps::pressurecalc1<256ul>(double*, double*, double, long)",144,104452975624041,104452975637321,0,0,8,0,32,256,1,1,1000192,1,1
"KERNEL_DISPATCH","Agent 4",2,1,205988,145,23,"void rajaperf::apps::pressurecalc2<256ul>(double*, double*, double*, double*, double, double, double, long)",145,104452975637321,104452975667081,0,0,12,4,32,256,1,1,1000192,1,1
"KERNEL_DISPATCH","Agent 4",2,1,205988,146,22,"void rajaperf::apps::pressurecalc1<256ul>(double*, double*, double, long)",146,104452975667081,104452975680521,0,0,8,0,32,256,1,1,1000192,1,1
"KERNEL_DISPATCH","Agent 4",2,1,205988,147,23,"void rajaperf::apps::pressurecalc2<256ul>(double*, double*, double*, double*, double, double, double, long)",147,104452975680521,104452975709962,0,0,12,4,32,256,1,1,1000192,1,1
"KERNEL_DISPATCH","Agent 4",2,1,205988,148,22,"void rajaperf::apps::pressurecalc1<256ul>(double*, double*, double, long)",148,104452975709962,104452975723242,0,0,8,0,32,256,1,1,1000192,1,1
"KERNEL_DISPATCH","Agent 4",2,1,205988,149,23,"void rajaperf::apps::pressurecalc2<256ul>(double*, double*, double*, double*, double, double, double, long)",149,104452975723242,104452975753482,0,0,12,4,32,256,1,1,1000192,1,1
"KERNEL_DISPATCH","Agent 4",2,1,205988,150,22,"void rajaperf::apps::pressurecalc1<256ul>(double*, double*, double, long)",150,104452975753482,104452975766602,0,0,8,0,32,256,1,1,1000192,1,1
"KERNEL_DISPATCH","Agent 4",2,1,205988,151,23,"void rajaperf::apps::pressurecalc2<256ul>(double*, double*, double*, double*, double, double, double, long)",151,104452975766602,104452975796682,0,0,12,4,32,256,1,1,1000192,1,1
"KERNEL_DISPATCH","Agent 4",2,1,205988,152,22,"void rajaperf::apps::pressurecalc1<256ul>(double*, double*, double, long)",152,104452975796682,104452975810282,0,0,8,0,32,256,1,1,1000192,1,1
"KERNEL_DISPATCH","Agent 4",2,1,205988,153,23,"void rajaperf::apps::pressurecalc2<256ul>(double*, double*, double*, double*, double, double, double, long)",153,104452975810282,104452975839882,0,0,12,4,32,256,1,1,1000192,1,1
"KERNEL_DISPATCH","Agent 4",2,1,205988,154,22,"void rajaperf::apps::pressurecalc1<256ul>(double*, double*, double, long)",154,104452975839882,104452975853163,0,0,8,0,32,256,1,1,1000192,1,1
"KERNEL_DISPATCH","Agent 4",2,1,205988,155,23,"void rajaperf::apps::pressurecalc2<256ul>(double*, double*, double*, double*, double, double, double, long)",155,104452975853163,104452975882443,0,0,12,4,32,256,1,1,1000192,1,1
"KERNEL_DISPATCH","Agent 4",2,1,205988,156,22,"void rajaperf::apps::pressurecalc1<256ul>(double*, double*, double, long)",156,104452975882443,104452975895563,0,0,8,0,32,256,1,1,1000192,1,1
"KERNEL_DISPATCH","Agent 4",2,1,205988,157,23,"void rajaperf::apps::pressurecalc2<256ul>(double*, double*, double*, double*, double, double, double, long)",157,104452975895563,104452975925003,0,0,12,4,32,256,1,1,1000192,1,1
"KERNEL_DISPATCH","Agent 4",2,1,205988,158,22,"void rajaperf::apps::pressurecalc1<256ul>(double*, double*, double, long)",158,104452975925003,104452975938283,0,0,8,0,32,256,1,1,1000192,1,1
"KERNEL_DISPATCH","Agent 4",2,1,205988,159,23,"void rajaperf::apps::pressurecalc2<256ul>(double*, double*, double*, double*, double, double, double, long)",159,104452975938283,104452975967723,0,0,12,4,32,256,1,1,1000192,1,1
"KERNEL_DISPATCH","Agent 4",2,1,205988,160,22,"void rajaperf::apps::pressurecalc1<256ul>(double*, double*, double, long)",160,104452975967723,104452975981323,0,0,8,0,32,256,1,1,1000192,1,1
"KERNEL_DISPATCH","Agent 4",2,1,205988,161,23,"void rajaperf::apps::pressurecalc2<256ul>(double*, double*, double*, double*, double, double, double, long)",161,104452975981323,104452976010923,0,0,12,4,32,256,1,1,1000192,1,1
"KERNEL_DISPATCH","Agent 4",2,1,205988,162,22,"void rajaperf::apps::pressurecalc1<256ul>(double*, double*, double, long)",162,104452976010923,104452976025164,0,0,8,0,32,256,1,1,1000192,1,1
"KERNEL_DISPATCH","Agent 4",2,1,205988,163,23,"void rajaperf::apps::pressurecalc2<256ul>(double*, double*, double*, double*, double, double, double, long)",163,104452976025164,104452976054924,0,0,12,4,32,256,1,1,1000192,1,1
"KERNEL_DISPATCH","Agent 4",2,1,205988,164,22,"void rajaperf::apps::pressurecalc1<256ul>(double*, double*, double, long)",164,104452976054924,104452976068364,0,0,8,0,32,256,1,1,1000192,1,1
"KERNEL_DISPATCH","Agent 4",2,1,205988,165,23,"void rajaperf::apps::pressurecalc2<256ul>(double*, double*, double*, double*, double, double, double, long)",165,104452976068364,104452976098284,0,0,12,4,32,256,1,1,1000192,1,1
"KERNEL_DISPATCH","Agent 4",2,1,205988,166,22,"void rajaperf::apps::pressurecalc1<256ul>(double*, double*, double, long)",166,104452976098284,104452976112044,0,0,8,0,32,256,1,1,1000192,1,1
"KERNEL_DISPATCH","Agent 4",2,1,205988,167,23,"void rajaperf::apps::pressurecalc2<256ul>(double*, double*, double*, double*, double, double, double, long)",167,104452976112044,104452976141964,0,0,12,4,32,256,1,1,1000192,1,1
"KERNEL_DISPATCH","Agent 4",2,1,205988,168,22,"void rajaperf::apps::pressurecalc1<256ul>(double*, double*, double, long)",168,104452976141964,104452976155404,0,0,8,0,32,256,1,1,1000192,1,1
"KERNEL_DISPATCH","Agent 4",2,1,205988,169,23,"void rajaperf::apps::pressurecalc2<256ul>(double*, double*, double*, double*, double, double, double, long)",169,104452976155404,104452976185325,0,0,12,4,32,256,1,1,1000192,1,1
"KERNEL_DISPATCH","Agent 4",2,1,205988,170,22,"void rajaperf::apps::pressurecalc1<256ul>(double*, double*, double, long)",170,104452976185325,104452976198765,0,0,8,0,32,256,1,1,1000192,1,1
"KERNEL_DISPATCH","Agent 4",2,1,205988,171,23,"void rajaperf::apps::pressurecalc2<256ul>(double*, double*, double*, double*, double, double, double, long)",171,104452976198765,104452976228365,0,0,12,4,32,256,1,1,1000192,1,1
"KERNEL_DISPATCH","Agent 4",2,1,205988,172,22,"void rajaperf::apps::pressurecalc1<256ul>(double*, double*, double, long)",172,104452976228365,104452976242125,0,0,8,0,32,256,1,1,1000192,1,1
"KERNEL_DISPATCH","Agent 4",2,1,205988,173,23,"void rajaperf::apps::pressurecalc2<256ul>(double*, double*, double*, double*, double, double, double, long)",173,104452976242125,104452976271405,0,0,12,4,32,256,1,1,1000192,1,1
"KERNEL_DISPATCH","Agent 4",2,1,205988,174,22,"void rajaperf::apps::pressurecalc1<256ul>(double*, double*, double, long)",174,104452976271405,104452976284525,0,0,8,0,32,256,1,1,1000192,1,1
"KERNEL_DISPATCH","Agent 4",2,1,205988,175,23,"void rajaperf::apps::pressurecalc2<256ul>(double*, double*, double*, double*, double, double, double, long)",175,104452976284525,104452976314285,0,0,12,4,32,256,1,1,1000192,1,1
"KERNEL_DISPATCH","Agent 4",2,1,205988,176,22,"void rajaperf::apps::pressurecalc1<256ul>(double*, double*, double, long)",176,104452976314285,104452976327885,0,0,8,0,32,256,1,1,1000192,1,1
"KERNEL_DISPATCH","Agent 4",2,1,205988,177,23,"void rajaperf::apps::pressurecalc2<256ul>(double*, double*, double*, double*, double, double, double, long)",177,104452976327885,104452976357646,0,0,12,4,32,256,1,1,1000192,1,1
"KERNEL_DISPATCH","Agent 4",2,1,205988,178,22,"void rajaperf::apps::pressurecalc1<256ul>(double*, double*, double, long)",178,104452976357646,104452976371086,0,0,8,0,32,256,1,1,1000192,1,1
"KERNEL_DISPATCH","Agent 4",2,1,205988,179,23,"void rajaperf::apps::pressurecalc2<256ul>(double*, double*, double*, double*, double, double, double, long)",179,104452976371086,104452976400526,0,0,12,4,32,256,1,1,1000192,1,1
"KERNEL_DISPATCH","Agent 4",2,1,205988,180,22,"void rajaperf::apps::pressurecalc1<256ul>(double*, double*, double, long)",180,104452976400526,104452976414126,0,0,8,0,32,256,1,1,1000192,1,1
"KERNEL_DISPATCH","Agent 4",2,1,205988,181,23,"void rajaperf::apps::pressurecalc2<256ul>(double*, double*, double*, double*, double, double, double, long)",181,104452976414126,104452976443566,0,0,12,4,32,256,1,1,1000192,1,1
"KERNEL_DISPATCH","Agent 4",2,1,205988,182,22,"void rajaperf::apps::pressurecalc1<256ul>(double*, double*, double, long)",182,104452976443566,104452976457006,0,0,8,0,32,256,1,1,1000192,1,1
"KERNEL_DISPATCH","Agent 4",2,1,205988,183,23,"void rajaperf::apps::pressurecalc2<256ul>(double*, double*, double*, double*, double, double, double, long)",183,104452976457006,104452976486766,0,0,12,4,32,256,1,1,1000192,1,1
"KERNEL_DISPATCH","Agent 4",2,1,205988,184,22,"void rajaperf::apps::pressurecalc1<256ul>(double*, double*, double, long)",184,104452976486766,104452976500206,0,0,8,0,32,256,1,1,1000192,1,1
"KERNEL_DISPATCH","Agent 4",2,1,205988,185,23,"void rajaperf::apps::pressurecalc2<256ul>(double*, double*, double*, double*, double, double, double, long)",185,104452976500206,104452976529967,0,0,12,4,32,256,1,1,1000192,1,1
"KERNEL_DISPATCH","Agent 4",2,1,205988,186,22,"void rajaperf::apps::pressurecalc1<256ul>(double*, double*, double, long)",186,104452976529967,104452976543087,0,0,8,0,32,256,1,1,1000192,1,1
"KERNEL_DISPATCH","Agent 4",2,1,205988,187,23,"void rajaperf::apps::pressurecalc2<256ul>(double*, double*, double*, double*, double, double, double, long)",187,104452976543087,104452976573167,0,0,12,4,32,256,1,1,1000192,1,1
"KERNEL_DISPATCH","Agent 4",2,1,205988,188,22,"void rajaperf::apps::pressurecalc1<256ul>(double*, double*, double, long)",188,104452976573167,104452976586447,0,0,8,0,32,256,1,1,1000192,1,1
"KERNEL_DISPATCH","Agent 4",2,1,205988,189,23,"void rajaperf::apps::pressurecalc2<256ul>(double*, double*, double*, double*, double, double, double, long)",189,104452976586447,104452976616687,0,0,12,4,32,256,1,1,1000192,1,1
"KERNEL_DISPATCH","Agent 4",2,1,205988,190,22,"void rajaperf::apps::pressurecalc1<256ul>(double*, double*, double, long)",190,104452976616687,104452976630127,0,0,8,0,32,256,1,1,1000192,1,1
"KERNEL_DISPATCH","Agent 4",2,1,205988,191,23,"void rajaperf::apps::pressurecalc2<256ul>(double*, double*, double*, double*, double, double, double, long)",191,104452976630127,104452976659887,0,0,12,4,32,256,1,1,1000192,1,1
"KERNEL_DISPATCH","Agent 4",2,1,205988,192,22,"void rajaperf::apps::pressurecalc1<256ul>(double*, double*, double, long)",192,104452976659887,104452976673488,0,0,8,0,32,256,1,1,1000192,1,1
"KERNEL_DISPATCH","Agent 4",2,1,205988,193,23,"void rajaperf::apps::pressurecalc2<256ul>(double*, double*, double*, double*, double, double, double, long)",193,104452976673488,104452976702928,0,0,12,4,32,256,1,1,1000192,1,1
"KERNEL_DISPATCH","Agent 4",2,1,205988,194,22,"void rajaperf::apps::pressurecalc1<256ul>(double*, double*, double, long)",194,104452976702928,104452976717168,0,0,8,0,32,256,1,1,1000192,1,1
"KERNEL_DISPATCH","Agent 4",2,1,205988,195,23,"void rajaperf::apps::pressurecalc2<256ul>(double*, double*, double*, double*, double, double, double, long)",195,104452976717168,104452976747088,0,0,12,4,32,256,1,1,1000192,1,1
"KERNEL_DISPATCH","Agent 4",2,1,205988,196,22,"void rajaperf::apps::pressurecalc1<256ul>(double*, double*, double, long)",196,104452976747088,104452976760528,0,0,8,0,32,256,1,1,1000192,1,1
"KERNEL_DISPATCH","Agent 4",2,1,205988,197,23,"void rajaperf::apps::pressurecalc2<256ul>(double*, double*, double*, double*, double, double, double, long)",197,104452976760528,104452976789808,0,0,12,4,32,256,1,1,1000192,1,1
"KERNEL_DISPATCH","Agent 4",2,1,205988,198,22,"void rajaperf::apps::pressurecalc1<256ul>(double*, double*, double, long)",198,104452976789808,104452976803248,0,0,8,0,32,256,1,1,1000192,1,1
"KERNEL_DISPATCH","Agent 4",2,1,205988,199,23,"void rajaperf::apps::pressurecalc2<256ul>(double*, double*, double*, double*, double, double, double, long)",199,104452976803248,104452976832689,0,0,12,4,32,256,1,1,1000192,1,1
"KERNEL_DISPATCH","Agent 4",2,1,205988,200,22,"void rajaperf::apps::pressurecalc1<256ul>(double*, double*, double, long)",200,104452976832689,104452976845969,0,0,8,0,32,256,1,1,1000192,1,1
"KERNEL_DISPATCH","Agent 4",2,1,205988,201,23,"void rajaperf::apps::pressurecalc2<256ul>(double*, double*, double*, double*, double, double, double, long)",201,104452976845969,104452976875729,0,0,12,4,32,256,1,1,1000192,1,1
"KERNEL_DISPATCH","Agent 4",2,1,205988,202,22,"void rajaperf::apps::pressurecalc1<256ul>(double*, double*, double, long)",202,104452976875729,104452976889329,0,0,8,0,32,256,1,1,1000192,1,1
"KERNEL_DISPATCH","Agent 4",2,1,205988,203,23,"void rajaperf::apps::pressurecalc2<256ul>(double*, double*, double*, double*, double, double, double, long)",203,104452976889329,104452976919089,0,0,12,4,32,256,1,1,1000192,1,1
"KERNEL_DISPATCH","Agent 4",2,1,205988,204,22,"void rajaperf::apps::pressurecalc1<256ul>(double*, double*, double, long)",204,104452976919089,104452976932369,0,0,8,0,32,256,1,1,1000192,1,1
"KERNEL_DISPATCH","Agent 4",2,1,205988,205,23,"void rajaperf::apps::pressurecalc2<256ul>(double*, double*, double*, double*, double, double, double, long)",205,104452976932369,104452976962289,0,0,12,4,32,256,1,1,1000192,1,1
"KERNEL_DISPATCH","Agent 4",2,1,205988,206,22,"void rajaperf::apps::pressurecalc1<256ul>(double*, double*, double, long)",206,104452976962289,104452976975249,0,0,8,0,32,256,1,1,1000192,1,1
"KERNEL_DISPATCH","Agent 4",2,1,205988,207,23,"void rajaperf::apps::pressurecalc2<256ul>(double*, double*, double*, double*, double, double, double, long)",207,104452976975249,104452977005170,0,0,12,4,32,256,1,1,1000192,1,1
"KERNEL_DISPATCH","Agent 4",2,1,205988,208,22,"void rajaperf::apps::pressurecalc1<256ul>(double*, double*, double, long)",208,104452977005170,104452977018770,0,0,8,0,32,256,1,1,1000192,1,1
"KERNEL_DISPATCH","Agent 4",2,1,205988,209,23,"void rajaperf::apps::pressurecalc2<256ul>(double*, double*, double*, double*, double, double, double, long)",209,104452977018770,104452977048850,0,0,12,4,32,256,1,1,1000192,1,1
"KERNEL_DISPATCH","Agent 4",2,1,205988,210,22,"void rajaperf::apps::pressurecalc1<256ul>(double*, double*, double, long)",210,104452977048850,104452977062610,0,0,8,0,32,256,1,1,1000192,1,1
"KERNEL_DISPATCH","Agent 4",2,1,205988,211,23,"void rajaperf::apps::pressurecalc2<256ul>(double*, double*, double*, double*, double, double, double, long)",211,104452977062610,104452977092530,0,0,12,4,32,256,1,1,1000192,1,1
"KERNEL_DISPATCH","Agent 4",2,1,205988,212,22,"void rajaperf::apps::pressurecalc1<256ul>(double*, double*, double, long)",212,104452977092530,104452977106290,0,0,8,0,32,256,1,1,1000192,1,1
"KERNEL_DISPATCH","Agent 4",2,1,205988,213,23,"void rajaperf::apps::pressurecalc2<256ul>(double*, double*, double*, double*, double, double, double, long)",213,104452977106290,104452977136050,0,0,12,4,32,256,1,1,1000192,1,1
"KERNEL_DISPATCH","Agent 4",2,1,205988,214,22,"void rajaperf::apps::pressurecalc1<256ul>(double*, double*, double, long)",214,104452977136050,104452977149650,0,0,8,0,32,256,1,1,1000192,1,1
"KERNEL_DISPATCH","Agent 4",2,1,205988,215,23,"void rajaperf::apps::pressurecalc2<256ul>(double*, double*, double*, double*, double, double, double, long)",215,104452977149650,104452977179251,0,0,12,4,32,256,1,1,1000192,1,1
"KERNEL_DISPATCH","Agent 4",2,1,205988,216,22,"void rajaperf::apps::pressurecalc1<256ul>(double*, double*, double, long)",216,104452977179251,104452977192531,0,0,8,0,32,256,1,1,1000192,1,1
"KERNEL_DISPATCH","Agent 4",2,1,205988,217,23,"void rajaperf::apps::pressurecalc2<256ul>(double*, double*, double*, double*, double, double, double, long)",217,104452977192531,104452977222291,0,0,12,4,32,256,1,1,1000192,1,1
"KERNEL_DISPATCH","Agent 4",2,1,205988,218,22,"void rajaperf::apps::pressurecalc1<256ul>(double*, double*, double, long)",218,104452977222291,104452977235891,0,0,8,0,32,256,1,1,1000192,1,1
"KERNEL_DISPATCH","Agent 4",2,1,205988,219,23,"void rajaperf::apps::pressurecalc2<256ul>(double*, double*, double*, double*, double, double, double, long)",219,104452977235891,104452977265331,0,0,12,4,32,256,1,1,1000192,1,1
"KERNEL_DISPATCH","Agent 4",2,1,205988,220,22,"void rajaperf::apps::pressurecalc1<256ul>(double*, double*, double, long)",220,104452977265331,104452977278771,0,0,8,0,32,256,1,1,1000192,1,1
"KERNEL_DISPATCH","Agent 4",2,1,205988,221,23,"void rajaperf::apps::pressurecalc2<256ul>(double*, double*, double*, double*, double, double, double, long)",221,104452977278771,104452977308371,0,0,12,4,32,256,1,1,1000192,1,1
"KERNEL_DISPATCH","Agent 4",2,1,205988,222,22,"void rajaperf::apps::pressurecalc1<256ul>(double*, double*, double, long)",222,104452977308371,104452977321652,0,0,8,0,32,256,1,1,1000192,1,1
"KERNEL_DISPATCH","Agent 4",2,1,205988,223,23,"void rajaperf::apps::pressurecalc2<256ul>(double*, double*, double*, double*, double, double, double, long)",223,104452977321652,104452977351092,0,0,12,4,32,256,1,1,1000192,1,1
"KERNEL_DISPATCH","Agent 4",2,1,205988,224,22,"void rajaperf::apps::pressurecalc1<256ul>(double*, double*, double, long)",224,104452977351092,104452977364692,0,0,8,0,32,256,1,1,1000192,1,1
"KERNEL_DISPATCH","Agent 4",2,1,205988,225,23,"void rajaperf::apps::pressurecalc2<256ul>(double*, double*, double*, double*, double, double, double, long)",225,104452977364692,104452977394292,0,0,12,4,32,256,1,1,1000192,1,1
"KERNEL_DISPATCH","Agent 4",2,1,205988,226,22,"void rajaperf::apps::pressurecalc1<256ul>(double*, double*, double, long)",226,104452977394292,104452977408372,0,0,8,0,32,256,1,1,1000192,1,1
"KERNEL_DISPATCH","Agent 4",2,1,205988,227,23,"void rajaperf::apps::pressurecalc2<256ul>(double*, double*, double*, double*, double, double, double, long)",227,104452977408372,104452977438292,0,0,12,4,32,256,1,1,1000192,1,1
"KERNEL_DISPATCH","Agent 4",2,1,205988,228,22,"void rajaperf::apps::pressurecalc1<256ul>(double*, double*, double, long)",228,104452977438292,104452977451892,0,0,8,0,32,256,1,1,1000192,1,1
"KERNEL_DISPATCH","Agent 4",2,1,205988,229,23,"void rajaperf::apps::pressurecalc2<256ul>(double*, double*, double*, double*, double, double, double, long)",229,104452977451892,104452977481653,0,0,12,4,32,256,1,1,1000192,1,1
"KERNEL_DISPATCH","Agent 4",2,1,205988,230,22,"void rajaperf::apps::pressurecalc1<256ul>(double*, double*, double, long)",230,104452977481653,104452977495093,0,0,8,0,32,256,1,1,1000192,1,1
"KERNEL_DISPATCH","Agent 4",2,1,205988,231,23,"void rajaperf::apps::pressurecalc2<256ul>(double*, double*, double*, double*, double, double, double, long)",231,104452977495093,104452977524693,0,0,12,4,32,256,1,1,1000192,1,1
"KERNEL_DISPATCH","Agent 4",2,1,205988,232,22,"void rajaperf::apps::pressurecalc1<256ul>(double*, double*, double, long)",232,104452977524693,104452977537653,0,0,8,0,32,256,1,1,1000192,1,1
"KERNEL_DISPATCH","Agent 4",2,1,205988,233,23,"void rajaperf::apps::pressurecalc2<256ul>(double*, double*, double*, double*, double, double, double, long)",233,104452977537653,104452977567413,0,0,12,4,32,256,1,1,1000192,1,1
"KERNEL_DISPATCH","Agent 4",2,1,205988,234,22,"void rajaperf::apps::pressurecalc1<256ul>(double*, double*, double, long)",234,104452977567413,104452977580853,0,0,8,0,32,256,1,1,1000192,1,1
"KERNEL_DISPATCH","Agent 4",2,1,205988,235,23,"void rajaperf::apps::pressurecalc2<256ul>(double*, double*, double*, double*, double, double, double, long)",235,104452977580853,104452977610293,0,0,12,4,32,256,1,1,1000192,1,1
"KERNEL_DISPATCH","Agent 4",2,1,205988,236,22,"void rajaperf::apps::pressurecalc1<256ul>(double*, double*, double, long)",236,104452977610293,104452977624213,0,0,8,0,32,256,1,1,1000192,1,1
"KERNEL_DISPATCH","Agent 4",2,1,205988,237,23,"void rajaperf::apps::pressurecalc2<256ul>(double*, double*, double*, double*, double, double, double, long)",237,104452977624213,104452977653814,0,0,12,4,32,256,1,1,1000192,1,1
"KERNEL_DISPATCH","Agent 4",2,1,205988,238,22,"void rajaperf::apps::pressurecalc1<256ul>(double*, double*, double, long)",238,104452977653814,104452977667094,0,0,8,0,32,256,1,1,1000192,1,1
"KERNEL_DISPATCH","Agent 4",2,1,205988,239,23,"void rajaperf::apps::pressurecalc2<256ul>(double*, double*, double*, double*, double, double, double, long)",239,104452977667094,104452977696854,0,0,12,4,32,256,1,1,1000192,1,1
"KERNEL_DISPATCH","Agent 4",2,1,205988,240,22,"void rajaperf::apps::pressurecalc1<256ul>(double*, double*, double, long)",240,104452977696854,104452977710294,0,0,8,0,32,256,1,1,1000192,1,1
"KERNEL_DISPATCH","Agent 4",2,1,205988,241,23,"void rajaperf::apps::pressurecalc2<256ul>(double*, double*, double*, double*, double, double, double, long)",241,104452977710294,104452977740054,0,0,12,4,32,256,1,1,1000192,1,1
"KERNEL_DISPATCH","Agent 4",2,1,205988,242,22,"void rajaperf::apps::pressurecalc1<256ul>(double*, double*, double, long)",242,104452977740054,104452977753334,0,0,8,0,32,256,1,1,1000192,1,1
"KERNEL_DISPATCH","Agent 4",2,1,205988,243,23,"void rajaperf::apps::pressurecalc2<256ul>(double*, double*, double*, double*, double, double, double, long)",243,104452977753334,104452977783094,0,0,12,4,32,256,1,1,1000192,1,1
"KERNEL_DISPATCH","Agent 4",2,1,205988,244,22,"void rajaperf::apps::pressurecalc1<256ul>(double*, double*, double, long)",244,104452977783094,104452977796534,0,0,8,0,32,256,1,1,1000192,1,1
"KERNEL_DISPATCH","Agent 4",2,1,205988,245,23,"void rajaperf::apps::pressurecalc2<256ul>(double*, double*, double*, double*, double, double, double, long)",245,104452977796534,104452977826135,0,0,12,4,32,256,1,1,1000192,1,1
"KERNEL_DISPATCH","Agent 4",2,1,205988,246,22,"void rajaperf::apps::pressurecalc1<256ul>(double*, double*, double, long)",246,104452977826135,104452977839575,0,0,8,0,32,256,1,1,1000192,1,1
"KERNEL_DISPATCH","Agent 4",2,1,205988,247,23,"void rajaperf::apps::pressurecalc2<256ul>(double*, double*, double*, double*, double, double, double, long)",247,104452977839575,104452977869335,0,0,12,4,32,256,1,1,1000192,1,1
"KERNEL_DISPATCH","Agent 4",2,1,205988,248,22,"void rajaperf::apps::pressurecalc1<256ul>(double*, double*, double, long)",248,104452977869335,104452977883095,0,0,8,0,32,256,1,1,1000192,1,1
"KERNEL_DISPATCH","Agent 4",2,1,205988,249,23,"void rajaperf::apps::pressurecalc2<256ul>(double*, double*, double*, double*, double, double, double, long)",249,104452977883095,104452977912535,0,0,12,4,32,256,1,1,1000192,1,1
"KERNEL_DISPATCH","Agent 4",2,1,205988,250,22,"void rajaperf::apps::pressurecalc1<256ul>(double*, double*, double, long)",250,104452977912535,104452977925815,0,0,8,0,32,256,1,1,1000192,1,1
"KERNEL_DISPATCH","Agent 4",2,1,205988,251,23,"void rajaperf::apps::pressurecalc2<256ul>(double*, double*, double*, double*, double, double, double, long)",251,104452977925815,104452977955415,0,0,12,4,32,256,1,1,1000192,1,1
"KERNEL_DISPATCH","Agent 4",2,1,205988,252,22,"void rajaperf::apps::pressurecalc1<256ul>(double*, double*, double, long)",252,104452977955415,104452977968696,0,0,8,0,32,256,1,1,1000192,1,1
"KERNEL_DISPATCH","Agent 4",2,1,205988,253,23,"void rajaperf::apps::pressurecalc2<256ul>(double*, double*, double*, double*, double, double, double, long)",253,104452977968696,104452977998456,0,0,12,4,32,256,1,1,1000192,1,1
"KERNEL_DISPATCH","Agent 4",2,1,205988,254,22,"void rajaperf::apps::pressurecalc1<256ul>(double*, double*, double, long)",254,104452977998456,104452978012056,0,0,8,0,32,256,1,1,1000192,1,1
"KERNEL_DISPATCH","Agent 4",2,1,205988,255,23,"void rajaperf::apps::pressurecalc2<256ul>(double*, double*, double*, double*, double, double, double, long)",255,104452978012056,104452978041976,0,0,12,4,32,256,1,1,1000192,1,1
"KERNEL_DISPATCH","Agent 4",2,1,205988,256,22,"void rajaperf::apps::pressurecalc1<256ul>(double*, double*, double, long)",256,104452978041976,104452978055576,0,0,8,0,32,256,1,1,1000192,1,1
"KERNEL_DISPATCH","Agent 4",2,1,205988,257,23,"void rajaperf::apps::pressurecalc2<256ul>(double*, double*, double*, double*, double, double, double, long)",257,104452978055576,104452978085656,0,0,12,4,32,256,1,1,1000192,1,1
"KERNEL_DISPATCH","Agent 4",2,1,205988,258,22,"void rajaperf::apps::pressurecalc1<256ul>(double*, double*, double, long)",258,104452978085656,104452978100696,0,0,8,0,32,256,1,1,1000192,1,1
"KERNEL_DISPATCH","Agent 4",2,1,205988,259,23,"void rajaperf::apps::pressurecalc2<256ul>(double*, double*, double*, double*, double, double, double, long)",259,104452978100696,104452978130136,0,0,12,4,32,256,1,1,1000192,1,1
"KERNEL_DISPATCH","Agent 4",2,1,205988,260,22,"void rajaperf::apps::pressurecalc1<256ul>(double*, double*, double, long)",260,104452978130136,104452978143257,0,0,8,0,32,256,1,1,1000192,1,1
"KERNEL_DISPATCH","Agent 4",2,1,205988,261,23,"void rajaperf::apps::pressurecalc2<256ul>(double*, double*, double*, double*, double, double, double, long)",261,104452978143257,104452978172857,0,0,12,4,32,256,1,1,1000192,1,1
"KERNEL_DISPATCH","Agent 4",2,1,205988,262,22,"void rajaperf::apps::pressurecalc1<256ul>(double*, double*, double, long)",262,104452978172857,104452978186137,0,0,8,0,32,256,1,1,1000192,1,1
"KERNEL_DISPATCH","Agent 4",2,1,205988,263,23,"void rajaperf::apps::pressurecalc2<256ul>(double*, double*, double*, double*, double, double, double, long)",263,104452978186137,104452978215417,0,0,12,4,32,256,1,1,1000192,1,1
"KERNEL_DISPATCH","Agent 4",2,1,205988,264,22,"void rajaperf::apps::pressurecalc1<256ul>(double*, double*, double, long)",264,104452978215417,104452978228697,0,0,8,0,32,256,1,1,1000192,1,1
"KERNEL_DISPATCH","Agent 4",2,1,205988,265,23,"void rajaperf::apps::pressurecalc2<256ul>(double*, double*, double*, double*, double, double, double, long)",265,104452978228697,104452978258617,0,0,12,4,32,256,1,1,1000192,1,1
"KERNEL_DISPATCH","Agent 4",2,1,205988,266,22,"void rajaperf::apps::pressurecalc1<256ul>(double*, double*, double, long)",266,104452978258617,104452978272217,0,0,8,0,32,256,1,1,1000192,1,1
"KERNEL_DISPATCH","Agent 4",2,1,205988,267,23,"void rajaperf::apps::pressurecalc2<256ul>(double*, double*, double*, double*, double, double, double, long)",267,104452978272217,104452978301818,0,0,12,4,32,256,1,1,1000192,1,1
"KERNEL_DISPATCH","Agent 4",2,1,205988,268,22,"void rajaperf::apps::pressurecalc1<256ul>(double*, double*, double, long)",268,104452978301818,104452978315258,0,0,8,0,32,256,1,1,1000192,1,1
"KERNEL_DISPATCH","Agent 4",2,1,205988,269,23,"void rajaperf::apps::pressurecalc2<256ul>(double*, double*, double*, double*, double, double, double, long)",269,104452978315258,104452978345018,0,0,12,4,32,256,1,1,1000192,1,1
"KERNEL_DISPATCH","Agent 4",2,1,205988,270,22,"void rajaperf::apps::pressurecalc1<256ul>(double*, double*, double, long)",270,104452978345018,104452978358298,0,0,8,0,32,256,1,1,1000192,1,1
"KERNEL_DISPATCH","Agent 4",2,1,205988,271,23,"void rajaperf::apps::pressurecalc2<256ul>(double*, double*, double*, double*, double, double, double, long)",271,104452978358298,104452978388058,0,0,12,4,32,256,1,1,1000192,1,1
"KERNEL_DISPATCH","Agent 4",2,1,205988,272,22,"void rajaperf::apps::pressurecalc1<256ul>(double*, double*, double, long)",272,104452978388058,104452978401338,0,0,8,0,32,256,1,1,1000192,1,1
"KERNEL_DISPATCH","Agent 4",2,1,205988,273,23,"void rajaperf::apps::pressurecalc2<256ul>(double*, double*, double*, double*, double, double, double, long)",273,104452978401338,104452978431258,0,0,12,4,32,256,1,1,1000192,1,1
"KERNEL_DISPATCH","Agent 4",2,1,205988,274,22,"void rajaperf::apps::pressurecalc1<256ul>(double*, double*, double, long)",274,104452978431258,104452978444538,0,0,8,0,32,256,1,1,1000192,1,1
"KERNEL_DISPATCH","Agent 4",2,1,205988,275,23,"void rajaperf::apps::pressurecalc2<256ul>(double*, double*, double*, double*, double, double, double, long)",275,104452978444538,104452978474459,0,0,12,4,32,256,1,1,1000192,1,1
"KERNEL_DISPATCH","Agent 4",2,1,205988,276,22,"void rajaperf::apps::pressurecalc1<256ul>(double*, double*, double, long)",276,104452978474459,104452978488059,0,0,8,0,32,256,1,1,1000192,1,1
"KERNEL_DISPATCH","Agent 4",2,1,205988,277,23,"void rajaperf::apps::pressurecalc2<256ul>(double*, double*, double*, double*, double, double, double, long)",277,104452978488059,104452978517499,0,0,12,4,32,256,1,1,1000192,1,1
"KERNEL_DISPATCH","Agent 4",2,1,205988,278,22,"void rajaperf::apps::pressurecalc1<256ul>(double*, double*, double, long)",278,104452978517499,104452978530939,0,0,8,0,32,256,1,1,1000192,1,1
"KERNEL_DISPATCH","Agent 4",2,1,205988,279,23,"void rajaperf::apps::pressurecalc2<256ul>(double*, double*, double*, double*, double, double, double, long)",279,104452978530939,104452978560219,0,0,12,4,32,256,1,1,1000192,1,1
"KERNEL_DISPATCH","Agent 4",2,1,205988,280,22,"void rajaperf::apps::pressurecalc1<256ul>(double*, double*, double, long)",280,104452978560219,104452978573339,0,0,8,0,32,256,1,1,1000192,1,1
"KERNEL_DISPATCH","Agent 4",2,1,205988,281,23,"void rajaperf::apps::pressurecalc2<256ul>(double*, double*, double*, double*, double, double, double, long)",281,104452978573339,104452978602779,0,0,12,4,32,256,1,1,1000192,1,1
"KERNEL_DISPATCH","Agent 4",2,1,205988,282,22,"void rajaperf::apps::pressurecalc1<256ul>(double*, double*, double, long)",282,104452978602779,104452978616219,0,0,8,0,32,256,1,1,1000192,1,1
"KERNEL_DISPATCH","Agent 4",2,1,205988,283,23,"void rajaperf::apps::pressurecalc2<256ul>(double*, double*, double*, double*, double, double, double, long)",283,104452978616219,104452978645980,0,0,12,4,32,256,1,1,1000192,1,1
"KERNEL_DISPATCH","Agent 4",2,1,205988,284,22,"void rajaperf::apps::pressurecalc1<256ul>(double*, double*, double, long)",284,104452978645980,104452978659260,0,0,8,0,32,256,1,1,1000192,1,1
"KERNEL_DISPATCH","Agent 4",2,1,205988,285,23,"void rajaperf::apps::pressurecalc2<256ul>(double*, double*, double*, double*, double, double, double, long)",285,104452978659260,104452978688860,0,0,12,4,32,256,1,1,1000192,1,1
"KERNEL_DISPATCH","Agent 4",2,1,205988,286,22,"void rajaperf::apps::pressurecalc1<256ul>(double*, double*, double, long)",286,104452978688860,104452978702620,0,0,8,0,32,256,1,1,1000192,1,1
"KERNEL_DISPATCH","Agent 4",2,1,205988,287,23,"void rajaperf::apps::pressurecalc2<256ul>(double*, double*, double*, double*, double, double, double, long)",287,104452978702620,104452978732220,0,0,12,4,32,256,1,1,1000192,1,1
"KERNEL_DISPATCH","Agent 4",2,1,205988,288,22,"void rajaperf::apps::pressurecalc1<256ul>(double*, double*, double, long)",288,104452978732220,104452978745660,0,0,8,0,32,256,1,1,1000192,1,1
"KERNEL_DISPATCH","Agent 4",2,1,205988,289,23,"void rajaperf::apps::pressurecalc2<256ul>(double*, double*, double*, double*, double, double, double, long)",289,104452978745660,104452978775260,0,0,12,4,32,256,1,1,1000192,1,1
"KERNEL_DISPATCH","Agent 4",2,1,205988,290,22,"void rajaperf::apps::pressurecalc1<256ul>(double*, double*, double, long)",290,104452978775260,104452978789661,0,0,8,0,32,256,1,1,1000192,1,1
"KERNEL_DISPATCH","Agent 4",2,1,205988,291,23,"void rajaperf::apps::pressurecalc2<256ul>(double*, double*, double*, double*, double, double, double, long)",291,104452978789661,104452978819261,0,0,12,4,32,256,1,1,1000192,1,1
"KERNEL_DISPATCH","Agent 4",2,1,205988,292,22,"void rajaperf::apps::pressurecalc1<256ul>(double*, double*, double, long)",292,104452978819261,104452978832541,0,0,8,0,32,256,1,1,1000192,1,1
"KERNEL_DISPATCH","Agent 4",2,1,205988,293,23,"void rajaperf::apps::pressurecalc2<256ul>(double*, double*, double*, double*, double, double, double, long)",293,104452978832541,104452978862141,0,0,12,4,32,256,1,1,1000192,1,1
"KERNEL_DISPATCH","Agent 4",2,1,205988,294,22,"void rajaperf::apps::pressurecalc1<256ul>(double*, double*, double, long)",294,104452978862141,104452978875581,0,0,8,0,32,256,1,1,1000192,1,1
"KERNEL_DISPATCH","Agent 4",2,1,205988,295,23,"void rajaperf::apps::pressurecalc2<256ul>(double*, double*, double*, double*, double, double, double, long)",295,104452978875581,104452978905501,0,0,12,4,32,256,1,1,1000192,1,1
"KERNEL_DISPATCH","Agent 4",2,1,205988,296,22,"void rajaperf::apps::pressurecalc1<256ul>(double*, double*, double, long)",296,104452978905501,104452978918941,0,0,8,0,32,256,1,1,1000192,1,1
"KERNEL_DISPATCH","Agent 4",2,1,205988,297,23,"void rajaperf::apps::pressurecalc2<256ul>(double*, double*, double*, double*, double, double, double, long)",297,104452978918941,104452978948862,0,0,12,4,32,256,1,1,1000192,1,1
"KERNEL_DISPATCH","Agent 4",2,1,205988,298,22,"void rajaperf::apps::pressurecalc1<256ul>(double*, double*, double, long)",298,104452978948862,104452978962302,0,0,8,0,32,256,1,1,1000192,1,1
"KERNEL_DISPATCH","Agent 4",2,1,205988,299,23,"void rajaperf::apps::pressurecalc2<256ul>(double*, double*, double*, double*, double, double, double, long)",299,104452978962302,104452978991902,0,0,12,4,32,256,1,1,1000192,1,1
"KERNEL_DISPATCH","Agent 4",2,1,205988,300,22,"void rajaperf::apps::pressurecalc1<256ul>(double*, double*, double, long)",300,104452978991902,104452979005502,0,0,8,0,32,256,1,1,1000192,1,1
"KERNEL_DISPATCH","Agent 4",2,1,205988,301,23,"void rajaperf::apps::pressurecalc2<256ul>(double*, double*, double*, double*, double, double, double, long)",301,104452979005502,104452979034942,0,0,12,4,32,256,1,1,1000192,1,1
"KERNEL_DISPATCH","Agent 4",2,1,205988,302,22,"void rajaperf::apps::pressurecalc1<256ul>(double*, double*, double, long)",302,104452979034942,104452979047742,0,0,8,0,32,256,1,1,1000192,1,1
"KERNEL_DISPATCH","Agent 4",2,1,205988,303,23,"void rajaperf::apps::pressurecalc2<256ul>(double*, double*, double*, double*, double, double, double, long)",303,104452979047742,104452979077502,0,0,12,4,32,256,1,1,1000192,1,1
"KERNEL_DISPATCH","Agent 4",2,1,205988,304,22,"void rajaperf::apps::pressurecalc1<256ul>(double*, double*, double, long)",304,104452979077502,104452979090782,0,0,8,0,32,256,1,1,1000192,1,1
"KERNEL_DISPATCH","Agent 4",2,1,205988,305,23,"void rajaperf::apps::pressurecalc2<256ul>(double*, double*, double*, double*, double, double, double, long)",305,104452979090782,104452979120223,0,0,12,4,32,256,1,1,1000192,1,1
"KERNEL_DISPATCH","Agent 4",2,1,205988,306,22,"void rajaperf::apps::pressurecalc1<256ul>(double*, double*, double, long)",306,104452979120223,104452979133503,0,0,8,0,32,256,1,1,1000192,1,1
"KERNEL_DISPATCH","Agent 4",2,1,205988,307,23,"void rajaperf::apps::pressurecalc2<256ul>(double*, double*, double*, double*, double, double, double, long)",307,104452979133503,104452979162943,0,0,12,4,32,256,1,1,1000192,1,1
"KERNEL_DISPATCH","Agent 4",2,1,205988,308,22,"void rajaperf::apps::pressurecalc1<256ul>(double*, double*, double, long)",308,104452979162943,104452979176383,0,0,8,0,32,256,1,1,1000192,1,1
"KERNEL_DISPATCH","Agent 4",2,1,205988,309,23,"void rajaperf::apps::pressurecalc2<256ul>(double*, double*, double*, double*, double, double, double, long)",309,104452979176383,104452979205343,0,0,12,4,32,256,1,1,1000192,1,1
"KERNEL_DISPATCH","Agent 4",2,1,205988,310,22,"void rajaperf::apps::pressurecalc1<256ul>(double*, double*, double, long)",310,104452979205343,104452979218783,0,0,8,0,32,256,1,1,1000192,1,1
"KERNEL_DISPATCH","Agent 4",2,1,205988,311,23,"void rajaperf::apps::pressurecalc2<256ul>(double*, double*, double*, double*, double, double, double, long)",311,104452979218783,104452979248703,0,0,12,4,32,256,1,1,1000192,1,1
"KERNEL_DISPATCH","Agent 4",2,1,205988,312,22,"void rajaperf::apps::pressurecalc1<256ul>(double*, double*, double, long)",312,104452979248703,104452979261823,0,0,8,0,32,256,1,1,1000192,1,1
"KERNEL_DISPATCH","Agent 4",2,1,205988,313,23,"void rajaperf::apps::pressurecalc2<256ul>(double*, double*, double*, double*, double, double, double, long)",313,104452979261823,104452979291424,0,0,12,4,32,256,1,1,1000192,1,1
"KERNEL_DISPATCH","Agent 4",2,1,205988,314,22,"void rajaperf::apps::pressurecalc1<256ul>(double*, double*, double, long)",314,104452979291424,104452979304544,0,0,8,0,32,256,1,1,1000192,1,1
"KERNEL_DISPATCH","Agent 4",2,1,205988,315,23,"void rajaperf::apps::pressurecalc2<256ul>(double*, double*, double*, double*, double, double, double, long)",315,104452979304544,104452979333984,0,0,12,4,32,256,1,1,1000192,1,1
"KERNEL_DISPATCH","Agent 4",2,1,205988,316,22,"void rajaperf::apps::pressurecalc1<256ul>(double*, double*, double, long)",316,104452979333984,104452979347584,0,0,8,0,32,256,1,1,1000192,1,1
"KERNEL_DISPATCH","Agent 4",2,1,205988,317,23,"void rajaperf::apps::pressurecalc2<256ul>(double*, double*, double*, double*, double, double, double, long)",317,104452979347584,104452979376704,0,0,12,4,32,256,1,1,1000192,1,1
"KERNEL_DISPATCH","Agent 4",2,1,205988,318,22,"void rajaperf::apps::pressurecalc1<256ul>(double*, double*, double, long)",318,104452979376704,104452979389824,0,0,8,0,32,256,1,1,1000192,1,1
"KERNEL_DISPATCH","Agent 4",2,1,205988,319,23,"void rajaperf::apps::pressurecalc2<256ul>(double*, double*, double*, double*, double, double, double, long)",319,104452979389824,104452979419104,0,0,12,4,32,256,1,1,1000192,1,1
"KERNEL_DISPATCH","Agent 4",2,1,205988,320,22,"void rajaperf::apps::pressurecalc1<256ul>(double*, double*, double, long)",320,104452979419104,104452979432544,0,0,8,0,32,256,1,1,1000192,1,1
"KERNEL_DISPATCH","Agent 4",2,1,205988,321,23,"void rajaperf::apps::pressurecalc2<256ul>(double*, double*, double*, double*, double, double, double, long)",321,104452979432544,104452979461985,0,0,12,4,32,256,1,1,1000192,1,1
"KERNEL_DISPATCH","Agent 4",2,1,205988,322,22,"void rajaperf::apps::pressurecalc1<256ul>(double*, double*, double, long)",322,104452979461985,104452979475905,0,0,8,0,32,256,1,1,1000192,1,1
"KERNEL_DISPATCH","Agent 4",2,1,205988,323,23,"void rajaperf::apps::pressurecalc2<256ul>(double*, double*, double*, double*, double, double, double, long)",323,104452979475905,104452979505345,0,0,12,4,32,256,1,1,1000192,1,1
"KERNEL_DISPATCH","Agent 4",2,1,205988,324,22,"void rajaperf::apps::pressurecalc1<256ul>(double*, double*, double, long)",324,104452979505345,104452979518785,0,0,8,0,32,256,1,1,1000192,1,1
"KERNEL_DISPATCH","Agent 4",2,1,205988,325,23,"void rajaperf::apps::pressurecalc2<256ul>(double*, double*, double*, double*, double, double, double, long)",325,104452979518785,104452979548065,0,0,12,4,32,256,1,1,1000192,1,1
"KERNEL_DISPATCH","Agent 4",2,1,205988,326,22,"void rajaperf::apps::pressurecalc1<256ul>(double*, double*, double, long)",326,104452979548065,104452979561825,0,0,8,0,32,256,1,1,1000192,1,1
"KERNEL_DISPATCH","Agent 4",2,1,205988,327,23,"void rajaperf::apps::pressurecalc2<256ul>(double*, double*, double*, double*, double, double, double, long)",327,104452979561825,104452979591265,0,0,12,4,32,256,1,1,1000192,1,1
"KERNEL_DISPATCH","Agent 4",2,1,205988,328,22,"void rajaperf::apps::pressurecalc1<256ul>(double*, double*, double, long)",328,104452979591265,104452979604386,0,0,8,0,32,256,1,1,1000192,1,1
"KERNEL_DISPATCH","Agent 4",2,1,205988,329,23,"void rajaperf::apps::pressurecalc2<256ul>(double*, double*, double*, double*, double, double, double, long)",329,104452979604386,104452979633986,0,0,12,4,32,256,1,1,1000192,1,1
"KERNEL_DISPATCH","Agent 4",2,1,205988,330,22,"void rajaperf::apps::pressurecalc1<256ul>(double*, double*, double, long)",330,104452979633986,104452979647586,0,0,8,0,32,256,1,1,1000192,1,1
"KERNEL_DISPATCH","Agent 4",2,1,205988,331,23,"void rajaperf::apps::pressurecalc2<256ul>(double*, double*, double*, double*, double, double, double, long)",331,104452979647586,104452979677026,0,0,12,4,32,256,1,1,1000192,1,1
"KERNEL_DISPATCH","Agent 4",2,1,205988,332,22,"void rajaperf::apps::pressurecalc1<256ul>(double*, double*, double, long)",332,104452979677026,104452979690146,0,0,8,0,32,256,1,1,1000192,1,1
"KERNEL_DISPATCH","Agent 4",2,1,205988,333,23,"void rajaperf::apps::pressurecalc2<256ul>(double*, double*, double*, double*, double, double, double, long)",333,104452979690146,104452979720226,0,0,12,4,32,256,1,1,1000192,1,1
"KERNEL_DISPATCH","Agent 4",2,1,205988,334,22,"void rajaperf::apps::pressurecalc1<256ul>(double*, double*, double, long)",334,104452979720226,104452979733826,0,0,8,0,32,256,1,1,1000192,1,1
"KERNEL_DISPATCH","Agent 4",2,1,205988,335,23,"void rajaperf::apps::pressurecalc2<256ul>(double*, double*, double*, double*, double, double, double, long)",335,104452979733826,104452979763427,0,0,12,4,32,256,1,1,1000192,1,1
"KERNEL_DISPATCH","Agent 4",2,1,205988,350,22,"void rajaperf::apps::pressurecalc1<256ul>(double*, double*, double, long)",350,104452980064708,104452980077988,0,0,8,0,32,256,1,1,1000192,1,1
"KERNEL_DISPATCH","Agent 4",2,1,205988,349,23,"void rajaperf::apps::pressurecalc2<256ul>(double*, double*, double*, double*, double, double, double, long)",349,104452980034788,104452980064708,0,0,12,4,32,256,1,1,1000192,1,1
"KERNEL_DISPATCH","Agent 4",2,1,205988,348,22,"void rajaperf::apps::pressurecalc1<256ul>(double*, double*, double, long)",348,104452980021348,104452980034788,0,0,8,0,32,256,1,1,1000192,1,1
"KERNEL_DISPATCH","Agent 4",2,1,205988,347,23,"void rajaperf::apps::pressurecalc2<256ul>(double*, double*, double*, double*, double, double, double, long)",347,104452979991748,104452980021348,0,0,12,4,32,256,1,1,1000192,1,1
"KERNEL_DISPATCH","Agent 4",2,1,205988,336,22,"void rajaperf::apps::pressurecalc1<256ul>(double*, double*, double, long)",336,104452979763427,104452979777027,0,0,8,0,32,256,1,1,1000192,1,1
"KERNEL_DISPATCH","Agent 4",2,1,205988,346,22,"void rajaperf::apps::pressurecalc1<256ul>(double*, double*, double, long)",346,104452979978308,104452979991748,0,0,8,0,32,256,1,1,1000192,1,1
"KERNEL_DISPATCH","Agent 4",2,1,205988,337,23,"void rajaperf::apps::pressurecalc2<256ul>(double*, double*, double*, double*, double, double, double, long)",337,104452979777027,104452979806467,0,0,12,4,32,256,1,1,1000192,1,1
"KERNEL_DISPATCH","Agent 4",2,1,205988,342,22,"void rajaperf::apps::pressurecalc1<256ul>(double*, double*, double, long)",342,104452979892547,104452979905667,0,0,8,0,32,256,1,1,1000192,1,1
"KERNEL_DISPATCH","Agent 4",2,1,205988,341,23,"void rajaperf::apps::pressurecalc2<256ul>(double*, double*, double*, double*, double, double, double, long)",341,104452979862947,104452979892547,0,0,12,4,32,256,1,1,1000192,1,1
"KERNEL_DISPATCH","Agent 4",2,1,205988,367,23,"void rajaperf::apps::pressurecalc2<256ul>(double*, double*, double*, double*, double, double, double, long)",367,104452980828873,104452980857673,0,0,12,4,32,256,1,1,1000192,1,1
"KERNEL_DISPATCH","Agent 4",2,1,205988,366,22,"void rajaperf::apps::pressurecalc1<256ul>(double*, double*, double, long)",366,104452980766313,104452980780713,0,0,8,0,32,256,1,1,1000192,1,1
"KERNEL_DISPATCH","Agent 4",2,1,205988,365,23,"void rajaperf::apps::pressurecalc2<256ul>(double*, double*, double*, double*, double, double, double, long)",365,104452980702312,104452980731752,0,0,12,4,32,256,1,1,1000192,1,1
"KERNEL_DISPATCH","Agent 4",2,1,205988,364,22,"void rajaperf::apps::pressurecalc1<256ul>(double*, double*, double, long)",364,104452980634792,104452980648872,0,0,8,0,32,256,1,1,1000192,1,1
"KERNEL_DISPATCH","Agent 4",2,1,205988,363,23,"void rajaperf::apps::pressurecalc2<256ul>(double*, double*, double*, double*, double, double, double, long)",363,104452980573351,104452980602792,0,0,12,4,32,256,1,1,1000192,1,1
"KERNEL_DISPATCH","Agent 4",2,1,205988,362,22,"void rajaperf::apps::pressurecalc1<256ul>(double*, double*, double, long)",362,104452980510151,104452980524231,0,0,8,0,32,256,1,1,1000192,1,1
"KERNEL_DISPATCH","Agent 4",2,1,205988,361,23,"void rajaperf::apps::pressurecalc2<256ul>(double*, double*, double*, double*, double, double, double, long)",361,104452980449031,104452980477991,0,0,12,4,32,256,1,1,1000192,1,1
"KERNEL_DISPATCH","Agent 4",2,1,205988,360,22,"void rajaperf::apps::pressurecalc1<256ul>(double*, double*, double, long)",360,104452980387110,104452980401190,0,0,8,0,32,256,1,1,1000192,1,1
"KERNEL_DISPATCH","Agent 4",2,1,205988,359,23,"void rajaperf::apps::pressurecalc2<256ul>(double*, double*, double*, double*, double, double, double, long)",359,104452980324070,104452980353030,0,0,12,4,32,256,1,1,1000192,1,1
"KERNEL_DISPATCH","Agent 4",2,1,205988,358,22,"void rajaperf::apps::pressurecalc1<256ul>(double*, double*, double, long)",358,104452980262150,104452980276070,0,0,8,0,32,256,1,1,1000192,1,1
"KERNEL_DISPATCH","Agent 4",2,1,205988,357,23,"void rajaperf::apps::pressurecalc2<256ul>(double*, double*, double*, double*, double, double, double, long)",357,104452980208069,104452980237669,0,0,12,4,32,256,1,1,1000192,1,1
"KERNEL_DISPATCH","Agent 4",2,1,205988,356,22,"void rajaperf::apps::pressurecalc1<256ul>(double*, double*, double, long)",356,104452980194789,104452980208069,0,0,8,0,32,256,1,1,1000192,1,1
"KERNEL_DISPATCH","Agent 4",2,1,205988,355,23,"void rajaperf::apps::pressurecalc2<256ul>(double*, double*, double*, double*, double, double, double, long)",355,104452980165029,104452980194789,0,0,12,4,32,256,1,1,1000192,1,1
"KERNEL_DISPATCH","Agent 4",2,1,205988,354,22,"void rajaperf::apps::pressurecalc1<256ul>(double*, double*, double, long)",354,104452980150469,104452980165029,0,0,8,0,32,256,1,1,1000192,1,1
"KERNEL_DISPATCH","Agent 4",2,1,205988,353,23,"void rajaperf::apps::pressurecalc2<256ul>(double*, double*, double*, double*, double, double, double, long)",353,104452980120869,104452980150469,0,0,12,4,32,256,1,1,1000192,1,1
"KERNEL_DISPATCH","Agent 4",2,1,205988,352,22,"void rajaperf::apps::pressurecalc1<256ul>(double*, double*, double, long)",352,104452980107429,104452980120869,0,0,8,0,32,256,1,1,1000192,1,1
"KERNEL_DISPATCH","Agent 4",2,1,205988,351,23,"void rajaperf::apps::pressurecalc2<256ul>(double*, double*, double*, double*, double, double, double, long)",351,104452980077988,104452980107429,0,0,12,4,32,256,1,1,1000192,1,1
"KERNEL_DISPATCH","Agent 4",2,1,205988,339,23,"void rajaperf::apps::pressurecalc2<256ul>(double*, double*, double*, double*, double, double, double, long)",339,104452979819587,104452979849507,0,0,12,4,32,256,1,1,1000192,1,1
"KERNEL_DISPATCH","Agent 4",2,1,205988,338,22,"void rajaperf::apps::pressurecalc1<256ul>(double*, double*, double, long)",338,104452979806467,104452979819587,0,0,8,0,32,256,1,1,1000192,1,1
"KERNEL_DISPATCH","Agent 4",2,1,205988,344,22,"void rajaperf::apps::pressurecalc1<256ul>(double*, double*, double, long)",344,104452979935268,104452979949028,0,0,8,0,32,256,1,1,1000192,1,1
"KERNEL_DISPATCH","Agent 4",2,1,205988,340,22,"void rajaperf::apps::pressurecalc1<256ul>(double*, double*, double, long)",340,104452979849507,104452979862947,0,0,8,0,32,256,1,1,1000192,1,1
"KERNEL_DISPATCH","Agent 4",2,1,205988,345,23,"void rajaperf::apps::pressurecalc2<256ul>(double*, double*, double*, double*, double, double, double, long)",345,104452979949028,104452979978308,0,0,12,4,32,256,1,1,1000192,1,1
"KERNEL_DISPATCH","Agent 4",2,1,205988,343,23,"void rajaperf::apps::pressurecalc2<256ul>(double*, double*, double*, double*, double, double, double, long)",343,104452979905667,104452979935268,0,0,12,4,32,256,1,1,1000192,1,1
"KERNEL_DISPATCH","Agent 4",2,1,205988,368,22,"void rajaperf::apps::pressurecalc1<256ul>(double*, double*, double, long)",368,104452980898153,104452980912394,0,0,8,0,32,256,1,1,1000192,1,1
"KERNEL_DISPATCH","Agent 4",2,1,205988,369,23,"void rajaperf::apps::pressurecalc2<256ul>(double*, double*, double*, double*, double, double, double, long)",369,104452980963594,104452980993514,0,0,12,4,32,256,1,1,1000192,1,1
"KERNEL_DISPATCH","Agent 4",2,1,205988,370,22,"void rajaperf::apps::pressurecalc1<256ul>(double*, double*, double, long)",370,104452980993514,104452981006154,0,0,8,0,32,256,1,1,1000192,1,1
"KERNEL_DISPATCH","Agent 4",2,1,205988,371,23,"void rajaperf::apps::pressurecalc2<256ul>(double*, double*, double*, double*, double, double, double, long)",371,104452981006154,104452981034314,0,0,12,4,32,256,1,1,1000192,1,1
"KERNEL_DISPATCH","Agent 4",2,1,205988,372,22,"void rajaperf::apps::pressurecalc1<256ul>(double*, double*, double, long)",372,104452981034314,104452981047594,0,0,8,0,32,256,1,1,1000192,1,1
"KERNEL_DISPATCH","Agent 4",2,1,205988,373,23,"void rajaperf::apps::pressurecalc2<256ul>(double*, double*, double*, double*, double, double, double, long)",373,104452981047594,104452981075435,0,0,12,4,32,256,1,1,1000192,1,1
"KERNEL_DISPATCH","Agent 4",2,1,205988,374,22,"void rajaperf::apps::pressurecalc1<256ul>(double*, double*, double, long)",374,104452981075435,104452981089355,0,0,8,0,32,256,1,1,1000192,1,1
"KERNEL_DISPATCH","Agent 4",2,1,205988,375,23,"void rajaperf::apps::pressurecalc2<256ul>(double*, double*, double*, double*, double, double, double, long)",375,104452981089355,104452981117515,0,0,12,4,32,256,1,1,1000192,1,1
"KERNEL_DISPATCH","Agent 4",2,1,205988,376,22,"void rajaperf::apps::pressurecalc1<256ul>(double*, double*, double, long)",376,104452981117515,104452981130635,0,0,8,0,32,256,1,1,1000192,1,1
"KERNEL_DISPATCH","Agent 4",2,1,205988,377,23,"void rajaperf::apps::pressurecalc2<256ul>(double*, double*, double*, double*, double, double, double, long)",377,104452981130635,104452981159275,0,0,12,4,32,256,1,1,1000192,1,1
"KERNEL_DISPATCH","Agent 4",2,1,205988,378,22,"void rajaperf::apps::pressurecalc1<256ul>(double*, double*, double, long)",378,104452981159275,104452981171915,0,0,8,0,32,256,1,1,1000192,1,1
"KERNEL_DISPATCH","Agent 4",2,1,205988,379,23,"void rajaperf::apps::pressurecalc2<256ul>(double*, double*, double*, double*, double, double, double, long)",379,104452981171915,104452981200875,0,0,12,4,32,256,1,1,1000192,1,1
"KERNEL_DISPATCH","Agent 4",2,1,205988,380,22,"void rajaperf::apps::pressurecalc1<256ul>(double*, double*, double, long)",380,104452981200875,104452981213355,0,0,8,0,32,256,1,1,1000192,1,1
"KERNEL_DISPATCH","Agent 4",2,1,205988,381,23,"void rajaperf::apps::pressurecalc2<256ul>(double*, double*, double*, double*, double, double, double, long)",381,104452981213355,104452981242476,0,0,12,4,32,256,1,1,1000192,1,1
"KERNEL_DISPATCH","Agent 4",2,1,205988,382,22,"void rajaperf::apps::pressurecalc1<256ul>(double*, double*, double, long)",382,104452981242476,104452981255436,0,0,8,0,32,256,1,1,1000192,1,1
"KERNEL_DISPATCH","Agent 4",2,1,205988,383,23,"void rajaperf::apps::pressurecalc2<256ul>(double*, double*, double*, double*, double, double, double, long)",383,104452981255436,104452981284396,0,0,12,4,32,256,1,1,1000192,1,1
"KERNEL_DISPATCH","Agent 4",2,1,205988,384,22,"void rajaperf::apps::pressurecalc1<256ul>(double*, double*, double, long)",384,104452981284396,104452981297996,0,0,8,0,32,256,1,1,1000192,1,1
"KERNEL_DISPATCH","Agent 4",2,1,205988,385,23,"void rajaperf::apps::pressurecalc2<256ul>(double*, double*, double*, double*, double, double, double, long)",385,104452981297996,104452981326956,0,0,12,4,32,256,1,1,1000192,1,1
"KERNEL_DISPATCH","Agent 4",2,1,205988,386,22,"void rajaperf::apps::pressurecalc1<256ul>(double*, double*, double, long)",386,104452981326956,104452981341676,0,0,8,0,32,256,1,1,1000192,1,1
"KERNEL_DISPATCH","Agent 4",2,1,205988,387,23,"void rajaperf::apps::pressurecalc2<256ul>(double*, double*, double*, double*, double, double, double, long)",387,104452981341676,104452981370636,0,0,12,4,32,256,1,1,1000192,1,1
"KERNEL_DISPATCH","Agent 4",2,1,205988,388,22,"void rajaperf::apps::pressurecalc1<256ul>(double*, double*, double, long)",388,104452981370636,104452981383596,0,0,8,0,32,256,1,1,1000192,1,1
"KERNEL_DISPATCH","Agent 4",2,1,205988,389,23,"void rajaperf::apps::pressurecalc2<256ul>(double*, double*, double*, double*, double, double, double, long)",389,104452981383596,104452981412557,0,0,12,4,32,256,1,1,1000192,1,1
"KERNEL_DISPATCH","Agent 4",2,1,205988,390,22,"void rajaperf::apps::pressurecalc1<256ul>(double*, double*, double, long)",390,104452981412557,104452981425517,0,0,8,0,32,256,1,1,1000192,1,1
"KERNEL_DISPATCH","Agent 4",2,1,205988,391,23,"void rajaperf::apps::pressurecalc2<256ul>(double*, double*, double*, double*, double, double, double, long)",391,104452981425517,104452981455597,0,0,12,4,32,256,1,1,1000192,1,1
"KERNEL_DISPATCH","Agent 4",2,1,205988,392,22,"void rajaperf::apps::pressurecalc1<256ul>(double*, double*, double, long)",392,104452981455597,104452981469037,0,0,8,0,32,256,1,1,1000192,1,1
"KERNEL_DISPATCH","Agent 4",2,1,205988,393,23,"void rajaperf::apps::pressurecalc2<256ul>(double*, double*, double*, double*, double, double, double, long)",393,104452981469037,104452981498957,0,0,12,4,32,256,1,1,1000192,1,1
"KERNEL_DISPATCH","Agent 4",2,1,205988,394,22,"void rajaperf::apps::pressurecalc1<256ul>(double*, double*, double, long)",394,104452981498957,104452981512397,0,0,8,0,32,256,1,1,1000192,1,1
"KERNEL_DISPATCH","Agent 4",2,1,205988,395,23,"void rajaperf::apps::pressurecalc2<256ul>(double*, double*, double*, double*, double, double, double, long)",395,104452981512397,104452981541357,0,0,12,4,32,256,1,1,1000192,1,1
"KERNEL_DISPATCH","Agent 4",2,1,205988,396,22,"void rajaperf::apps::pressurecalc1<256ul>(double*, double*, double, long)",396,104452981541357,104452981555278,0,0,8,0,32,256,1,1,1000192,1,1
"KERNEL_DISPATCH","Agent 4",2,1,205988,397,23,"void rajaperf::apps::pressurecalc2<256ul>(double*, double*, double*, double*, double, double, double, long)",397,104452981555278,104452981585198,0,0,12,4,32,256,1,1,1000192,1,1
"KERNEL_DISPATCH","Agent 4",2,1,205988,398,22,"void rajaperf::apps::pressurecalc1<256ul>(double*, double*, double, long)",398,104452981585198,104452981598638,0,0,8,0,32,256,1,1,1000192,1,1
"KERNEL_DISPATCH","Agent 4",2,1,205988,399,23,"void rajaperf::apps::pressurecalc2<256ul>(double*, double*, double*, double*, double, double, double, long)",399,104452981598638,104452981628398,0,0,12,4,32,256,1,1,1000192,1,1
"KERNEL_DISPATCH","Agent 4",2,1,205988,400,22,"void rajaperf::apps::pressurecalc1<256ul>(double*, double*, double, long)",400,104452981628398,104452981641678,0,0,8,0,32,256,1,1,1000192,1,1
"KERNEL_DISPATCH","Agent 4",2,1,205988,401,23,"void rajaperf::apps::pressurecalc2<256ul>(double*, double*, double*, double*, double, double, double, long)",401,104452981641678,104452981671598,0,0,12,4,32,256,1,1,1000192,1,1
"KERNEL_DISPATCH","Agent 4",2,1,205988,402,22,"void rajaperf::apps::pressurecalc1<256ul>(double*, double*, double, long)",402,104452981671598,104452981684878,0,0,8,0,32,256,1,1,1000192,1,1
"KERNEL_DISPATCH","Agent 4",2,1,205988,403,23,"void rajaperf::apps::pressurecalc2<256ul>(double*, double*, double*, double*, double, double, double, long)",403,104452981684878,104452981714799,0,0,12,4,32,256,1,1,1000192,1,1
"KERNEL_DISPATCH","Agent 4",2,1,205988,404,22,"void rajaperf::apps::pressurecalc1<256ul>(double*, double*, double, long)",404,104452981714799,104452981728559,0,0,8,0,32,256,1,1,1000192,1,1
"KERNEL_DISPATCH","Agent 4",2,1,205988,405,23,"void rajaperf::apps::pressurecalc2<256ul>(double*, double*, double*, double*, double, double, double, long)",405,104452981728559,104452981758479,0,0,12,4,32,256,1,1,1000192,1,1
"KERNEL_DISPATCH","Agent 4",2,1,205988,406,22,"void rajaperf::apps::pressurecalc1<256ul>(double*, double*, double, long)",406,104452981758479,104452981771759,0,0,8,0,32,256,1,1,1000192,1,1
"KERNEL_DISPATCH","Agent 4",2,1,205988,407,23,"void rajaperf::apps::pressurecalc2<256ul>(double*, double*, double*, double*, double, double, double, long)",407,104452981771759,104452981801199,0,0,12,4,32,256,1,1,1000192,1,1
"KERNEL_DISPATCH","Agent 4",2,1,205988,408,22,"void rajaperf::apps::pressurecalc1<256ul>(double*, double*, double, long)",408,104452981801199,104452981814319,0,0,8,0,32,256,1,1,1000192,1,1
"KERNEL_DISPATCH","Agent 4",2,1,205988,409,23,"void rajaperf::apps::pressurecalc2<256ul>(double*, double*, double*, double*, double, double, double, long)",409,104452981814319,104452981843919,0,0,12,4,32,256,1,1,1000192,1,1
"KERNEL_DISPATCH","Agent 4",2,1,205988,410,22,"void rajaperf::apps::pressurecalc1<256ul>(double*, double*, double, long)",410,104452981843919,104452981857519,0,0,8,0,32,256,1,1,1000192,1,1
"KERNEL_DISPATCH","Agent 4",2,1,205988,411,23,"void rajaperf::apps::pressurecalc2<256ul>(double*, double*, double*, double*, double, double, double, long)",411,104452981857519,104452981887760,0,0,12,4,32,256,1,1,1000192,1,1
"KERNEL_DISPATCH","Agent 4",2,1,205988,412,22,"void rajaperf::apps::pressurecalc1<256ul>(double*, double*, double, long)",412,104452981887760,104452981900880,0,0,8,0,32,256,1,1,1000192,1,1
"KERNEL_DISPATCH","Agent 4",2,1,205988,413,23,"void rajaperf::apps::pressurecalc2<256ul>(double*, double*, double*, double*, double, double, double, long)",413,104452981900880,104452981930800,0,0,12,4,32,256,1,1,1000192,1,1
"KERNEL_DISPATCH","Agent 4",2,1,205988,414,22,"void rajaperf::apps::pressurecalc1<256ul>(double*, double*, double, long)",414,104452981930800,104452981944240,0,0,8,0,32,256,1,1,1000192,1,1
"KERNEL_DISPATCH","Agent 4",2,1,205988,415,23,"void rajaperf::apps::pressurecalc2<256ul>(double*, double*, double*, double*, double, double, double, long)",415,104452981944240,104452981973680,0,0,12,4,32,256,1,1,1000192,1,1
"KERNEL_DISPATCH","Agent 4",2,1,205988,416,22,"void rajaperf::apps::pressurecalc1<256ul>(double*, double*, double, long)",416,104452981973680,104452981986960,0,0,8,0,32,256,1,1,1000192,1,1
"KERNEL_DISPATCH","Agent 4",2,1,205988,417,23,"void rajaperf::apps::pressurecalc2<256ul>(double*, double*, double*, double*, double, double, double, long)",417,104452981986960,104452982016400,0,0,12,4,32,256,1,1,1000192,1,1
"KERNEL_DISPATCH","Agent 4",2,1,205988,418,22,"void rajaperf::apps::pressurecalc1<256ul>(double*, double*, double, long)",418,104452982016400,104452982030640,0,0,8,0,32,256,1,1,1000192,1,1
"KERNEL_DISPATCH","Agent 4",2,1,205988,419,23,"void rajaperf::apps::pressurecalc2<256ul>(double*, double*, double*, double*, double, double, double, long)",419,104452982030640,104452982060241,0,0,12,4,32,256,1,1,1000192,1,1
"KERNEL_DISPATCH","Agent 4",2,1,205988,420,22,"void rajaperf::apps::pressurecalc1<256ul>(double*, double*, double, long)",420,104452982060241,104452982073201,0,0,8,0,32,256,1,1,1000192,1,1
"KERNEL_DISPATCH","Agent 4",2,1,205988,421,23,"void rajaperf::apps::pressurecalc2<256ul>(double*, double*, double*, double*, double, double, double, long)",421,104452982073201,104452982103281,0,0,12,4,32,256,1,1,1000192,1,1
"KERNEL_DISPATCH","Agent 4",2,1,205988,422,22,"void rajaperf::apps::pressurecalc1<256ul>(double*, double*, double, long)",422,104452982103281,104452982116561,0,0,8,0,32,256,1,1,1000192,1,1
"KERNEL_DISPATCH","Agent 4",2,1,205988,423,23,"void rajaperf::apps::pressurecalc2<256ul>(double*, double*, double*, double*, double, double, double, long)",423,104452982116561,104452982146161,0,0,12,4,32,256,1,1,1000192,1,1
"KERNEL_DISPATCH","Agent 4",2,1,205988,424,22,"void rajaperf::apps::pressurecalc1<256ul>(double*, double*, double, long)",424,104452982146161,104452982159441,0,0,8,0,32,256,1,1,1000192,1,1
"KERNEL_DISPATCH","Agent 4",2,1,205988,425,23,"void rajaperf::apps::pressurecalc2<256ul>(double*, double*, double*, double*, double, double, double, long)",425,104452982159441,104452982189201,0,0,12,4,32,256,1,1,1000192,1,1
"KERNEL_DISPATCH","Agent 4",2,1,205988,426,22,"void rajaperf::apps::pressurecalc1<256ul>(double*, double*, double, long)",426,104452982189201,104452982202802,0,0,8,0,32,256,1,1,1000192,1,1
"KERNEL_DISPATCH","Agent 4",2,1,205988,427,23,"void rajaperf::apps::pressurecalc2<256ul>(double*, double*, double*, double*, double, double, double, long)",427,104452982202802,104452982232722,0,0,12,4,32,256,1,1,1000192,1,1
"KERNEL_DISPATCH","Agent 4",2,1,205988,428,22,"void rajaperf::apps::pressurecalc1<256ul>(double*, double*, double, long)",428,104452982232722,104452982246162,0,0,8,0,32,256,1,1,1000192,1,1
"KERNEL_DISPATCH","Agent 4",2,1,205988,429,23,"void rajaperf::apps::pressurecalc2<256ul>(double*, double*, double*, double*, double, double, double, long)",429,104452982246162,104452982275762,0,0,12,4,32,256,1,1,1000192,1,1
"KERNEL_DISPATCH","Agent 4",2,1,205988,430,22,"void rajaperf::apps::pressurecalc1<256ul>(double*, double*, double, long)",430,104452982275762,104452982289202,0,0,8,0,32,256,1,1,1000192,1,1
"KERNEL_DISPATCH","Agent 4",2,1,205988,431,23,"void rajaperf::apps::pressurecalc2<256ul>(double*, double*, double*, double*, double, double, double, long)",431,104452982289202,104452982319442,0,0,12,4,32,256,1,1,1000192,1,1
"KERNEL_DISPATCH","Agent 4",2,1,205988,432,22,"void rajaperf::apps::pressurecalc1<256ul>(double*, double*, double, long)",432,104452982319442,104452982332722,0,0,8,0,32,256,1,1,1000192,1,1
"KERNEL_DISPATCH","Agent 4",2,1,205988,433,23,"void rajaperf::apps::pressurecalc2<256ul>(double*, double*, double*, double*, double, double, double, long)",433,104452982332722,104452982362002,0,0,12,4,32,256,1,1,1000192,1,1
"KERNEL_DISPATCH","Agent 4",2,1,205988,434,22,"void rajaperf::apps::pressurecalc1<256ul>(double*, double*, double, long)",434,104452982362002,104452982375443,0,0,8,0,32,256,1,1,1000192,1,1
"KERNEL_DISPATCH","Agent 4",2,1,205988,435,23,"void rajaperf::apps::pressurecalc2<256ul>(double*, double*, double*, double*, double, double, double, long)",435,104452982375443,104452982404563,0,0,12,4,32,256,1,1,1000192,1,1
"KERNEL_DISPATCH","Agent 4",2,1,205988,436,22,"void rajaperf::apps::pressurecalc1<256ul>(double*, double*, double, long)",436,104452982404563,104452982418003,0,0,8,0,32,256,1,1,1000192,1,1
"KERNEL_DISPATCH","Agent 4",2,1,205988,437,23,"void rajaperf::apps::pressurecalc2<256ul>(double*, double*, double*, double*, double, double, double, long)",437,104452982418003,104452982447763,0,0,12,4,32,256,1,1,1000192,1,1
"KERNEL_DISPATCH","Agent 4",2,1,205988,438,22,"void rajaperf::apps::pressurecalc1<256ul>(double*, double*, double, long)",438,104452982447763,104452982460883,0,0,8,0,32,256,1,1,1000192,1,1
"KERNEL_DISPATCH","Agent 4",2,1,205988,439,23,"void rajaperf::apps::pressurecalc2<256ul>(double*, double*, double*, double*, double, double, double, long)",439,104452982460883,104452982490323,0,0,12,4,32,256,1,1,1000192,1,1
"KERNEL_DISPATCH","Agent 4",2,1,205988,440,22,"void rajaperf::apps::pressurecalc1<256ul>(double*, double*, double, long)",440,104452982490323,104452982503443,0,0,8,0,32,256,1,1,1000192,1,1
"KERNEL_DISPATCH","Agent 4",2,1,205988,441,23,"void rajaperf::apps::pressurecalc2<256ul>(double*, double*, double*, double*, double, double, double, long)",441,104452982503443,104452982532724,0,0,12,4,32,256,1,1,1000192,1,1
"KERNEL_DISPATCH","Agent 4",2,1,205988,442,22,"void rajaperf::apps::pressurecalc1<256ul>(double*, double*, double, long)",442,104452982532724,104452982546004,0,0,8,0,32,256,1,1,1000192,1,1
"KERNEL_DISPATCH","Agent 4",2,1,205988,443,23,"void rajaperf::apps::pressurecalc2<256ul>(double*, double*, double*, double*, double, double, double, long)",443,104452982546004,104452982575444,0,0,12,4,32,256,1,1,1000192,1,1
"KERNEL_DISPATCH","Agent 4",2,1,205988,444,22,"void rajaperf::apps::pressurecalc1<256ul>(double*, double*, double, long)",444,104452982575444,104452982588884,0,0,8,0,32,256,1,1,1000192,1,1
"KERNEL_DISPATCH","Agent 4",2,1,205988,445,23,"void rajaperf::apps::pressurecalc2<256ul>(double*, double*, double*, double*, double, double, double, long)",445,104452982588884,104452982618644,0,0,12,4,32,256,1,1,1000192,1,1
"KERNEL_DISPATCH","Agent 4",2,1,205988,446,22,"void rajaperf::apps::pressurecalc1<256ul>(double*, double*, double, long)",446,104452982618644,104452982632084,0,0,8,0,32,256,1,1,1000192,1,1
"KERNEL_DISPATCH","Agent 4",2,1,205988,447,23,"void rajaperf::apps::pressurecalc2<256ul>(double*, double*, double*, double*, double, double, double, long)",447,104452982632084,104452982662004,0,0,12,4,32,256,1,1,1000192,1,1
"KERNEL_DISPATCH","Agent 4",2,1,205988,448,22,"void rajaperf::apps::pressurecalc1<256ul>(double*, double*, double, long)",448,104452982662004,104452982675604,0,0,8,0,32,256,1,1,1000192,1,1
"KERNEL_DISPATCH","Agent 4",2,1,205988,449,23,"void rajaperf::apps::pressurecalc2<256ul>(double*, double*, double*, double*, double, double, double, long)",449,104452982675604,104452982705365,0,0,12,4,32,256,1,1,1000192,1,1
"KERNEL_DISPATCH","Agent 4",2,1,205988,450,22,"void rajaperf::apps::pressurecalc1<256ul>(double*, double*, double, long)",450,104452982705365,104452982719925,0,0,8,0,32,256,1,1,1000192,1,1
"KERNEL_DISPATCH","Agent 4",2,1,205988,451,23,"void rajaperf::apps::pressurecalc2<256ul>(double*, double*, double*, double*, double, double, double, long)",451,104452982719925,104452982749365,0,0,12,4,32,256,1,1,1000192,1,1
"KERNEL_DISPATCH","Agent 4",2,1,205988,452,22,"void rajaperf::apps::pressurecalc1<256ul>(double*, double*, double, long)",452,104452982749365,104452982762645,0,0,8,0,32,256,1,1,1000192,1,1
"KERNEL_DISPATCH","Agent 4",2,1,205988,453,23,"void rajaperf::apps::pressurecalc2<256ul>(double*, double*, double*, double*, double, double, double, long)",453,104452982762645,104452982791605,0,0,12,4,32,256,1,1,1000192,1,1
"KERNEL_DISPATCH","Agent 4",2,1,205988,454,22,"void rajaperf::apps::pressurecalc1<256ul>(double*, double*, double, long)",454,104452982791605,104452982805045,0,0,8,0,32,256,1,1,1000192,1,1
"KERNEL_DISPATCH","Agent 4",2,1,205988,455,23,"void rajaperf::apps::pressurecalc2<256ul>(double*, double*, double*, double*, double, double, double, long)",455,104452982805045,104452982834485,0,0,12,4,32,256,1,1,1000192,1,1
"KERNEL_DISPATCH","Agent 4",2,1,205988,456,22,"void rajaperf::apps::pressurecalc1<256ul>(double*, double*, double, long)",456,104452982834485,104452982847925,0,0,8,0,32,256,1,1,1000192,1,1
"KERNEL_DISPATCH","Agent 4",2,1,205988,457,23,"void rajaperf::apps::pressurecalc2<256ul>(double*, double*, double*, double*, double, double, double, long)",457,104452982847925,104452982877366,0,0,12,4,32,256,1,1,1000192,1,1
"KERNEL_DISPATCH","Agent 4",2,1,205988,458,22,"void rajaperf::apps::pressurecalc1<256ul>(double*, double*, double, long)",458,104452982877366,104452982890806,0,0,8,0,32,256,1,1,1000192,1,1
"KERNEL_DISPATCH","Agent 4",2,1,205988,459,23,"void rajaperf::apps::pressurecalc2<256ul>(double*, double*, double*, double*, double, double, double, long)",459,104452982890806,104452982920566,0,0,12,4,32,256,1,1,1000192,1,1
"KERNEL_DISPATCH","Agent 4",2,1,205988,460,22,"void rajaperf::apps::pressurecalc1<256ul>(double*, double*, double, long)",460,104452982920566,104452982933846,0,0,8,0,32,256,1,1,1000192,1,1
"KERNEL_DISPATCH","Agent 4",2,1,205988,461,23,"void rajaperf::apps::pressurecalc2<256ul>(double*, double*, double*, double*, double, double, double, long)",461,104452982933846,104452982963446,0,0,12,4,32,256,1,1,1000192,1,1
"KERNEL_DISPATCH","Agent 4",2,1,205988,462,22,"void rajaperf::apps::pressurecalc1<256ul>(double*, double*, double, long)",462,104452982963446,104452982976886,0,0,8,0,32,256,1,1,1000192,1,1
"KERNEL_DISPATCH","Agent 4",2,1,205988,463,23,"void rajaperf::apps::pressurecalc2<256ul>(double*, double*, double*, double*, double, double, double, long)",463,104452982976886,104452983006646,0,0,12,4,32,256,1,1,1000192,1,1
"KERNEL_DISPATCH","Agent 4",2,1,205988,464,22,"void rajaperf::apps::pressurecalc1<256ul>(double*, double*, double, long)",464,104452983006646,104452983020247,0,0,8,0,32,256,1,1,1000192,1,1
"KERNEL_DISPATCH","Agent 4",2,1,205988,465,23,"void rajaperf::apps::pressurecalc2<256ul>(double*, double*, double*, double*, double, double, double, long)",465,104452983020247,104452983049527,0,0,12,4,32,256,1,1,1000192,1,1
"KERNEL_DISPATCH","Agent 4",2,1,205988,466,22,"void rajaperf::apps::pressurecalc1<256ul>(double*, double*, double, long)",466,104452983049527,104452983062967,0,0,8,0,32,256,1,1,1000192,1,1
"KERNEL_DISPATCH","Agent 4",2,1,205988,467,23,"void rajaperf::apps::pressurecalc2<256ul>(double*, double*, double*, double*, double, double, double, long)",467,104452983062967,104452983092407,0,0,12,4,32,256,1,1,1000192,1,1
"KERNEL_DISPATCH","Agent 4",2,1,205988,468,22,"void rajaperf::apps::pressurecalc1<256ul>(double*, double*, double, long)",468,104452983092407,104452983105847,0,0,8,0,32,256,1,1,1000192,1,1
"KERNEL_DISPATCH","Agent 4",2,1,205988,469,23,"void rajaperf::apps::pressurecalc2<256ul>(double*, double*, double*, double*, double, double, double, long)",469,104452983105847,104452983135447,0,0,12,4,32,256,1,1,1000192,1,1
"KERNEL_DISPATCH","Agent 4",2,1,205988,470,22,"void rajaperf::apps::pressurecalc1<256ul>(double*, double*, double, long)",470,104452983135447,104452983148727,0,0,8,0,32,256,1,1,1000192,1,1
"KERNEL_DISPATCH","Agent 4",2,1,205988,471,23,"void rajaperf::apps::pressurecalc2<256ul>(double*, double*, double*, double*, double, double, double, long)",471,104452983148727,104452983178327,0,0,12,4,32,256,1,1,1000192,1,1
"KERNEL_DISPATCH","Agent 4",2,1,205988,472,22,"void rajaperf::apps::pressurecalc1<256ul>(double*, double*, double, long)",472,104452983178327,104452983191608,0,0,8,0,32,256,1,1,1000192,1,1
"KERNEL_DISPATCH","Agent 4",2,1,205988,473,23,"void rajaperf::apps::pressurecalc2<256ul>(double*, double*, double*, double*, double, double, double, long)",473,104452983191608,104452983221208,0,0,12,4,32,256,1,1,1000192,1,1
"KERNEL_DISPATCH","Agent 4",2,1,205988,474,22,"void rajaperf::apps::pressurecalc1<256ul>(double*, double*, double, long)",474,104452983221208,104452983234968,0,0,8,0,32,256,1,1,1000192,1,1
"KERNEL_DISPATCH","Agent 4",2,1,205988,475,23,"void rajaperf::apps::pressurecalc2<256ul>(double*, double*, double*, double*, double, double, double, long)",475,104452983234968,104452983264248,0,0,12,4,32,256,1,1,1000192,1,1
"KERNEL_DISPATCH","Agent 4",2,1,205988,476,22,"void rajaperf::apps::pressurecalc1<256ul>(double*, double*, double, long)",476,104452983264248,104452983277688,0,0,8,0,32,256,1,1,1000192,1,1
"KERNEL_DISPATCH","Agent 4",2,1,205988,477,23,"void rajaperf::apps::pressurecalc2<256ul>(double*, double*, double*, double*, double, double, double, long)",477,104452983277688,104452983307448,0,0,12,4,32,256,1,1,1000192,1,1
"KERNEL_DISPATCH","Agent 4",2,1,205988,478,22,"void rajaperf::apps::pressurecalc1<256ul>(double*, double*, double, long)",478,104452983307448,104452983320568,0,0,8,0,32,256,1,1,1000192,1,1
"KERNEL_DISPATCH","Agent 4",2,1,205988,479,23,"void rajaperf::apps::pressurecalc2<256ul>(double*, double*, double*, double*, double, double, double, long)",479,104452983320568,104452983350329,0,0,12,4,32,256,1,1,1000192,1,1
"KERNEL_DISPATCH","Agent 4",2,1,205988,480,22,"void rajaperf::apps::pressurecalc1<256ul>(double*, double*, double, long)",480,104452983350329,104452983363929,0,0,8,0,32,256,1,1,1000192,1,1
"KERNEL_DISPATCH","Agent 4",2,1,205988,481,23,"void rajaperf::apps::pressurecalc2<256ul>(double*, double*, double*, double*, double, double, double, long)",481,104452983363929,104452983393049,0,0,12,4,32,256,1,1,1000192,1,1
"KERNEL_DISPATCH","Agent 4",2,1,205988,482,22,"void rajaperf::apps::pressurecalc1<256ul>(double*, double*, double, long)",482,104452983393049,104452983407609,0,0,8,0,32,256,1,1,1000192,1,1
"KERNEL_DISPATCH","Agent 4",2,1,205988,483,23,"void rajaperf::apps::pressurecalc2<256ul>(double*, double*, double*, double*, double, double, double, long)",483,104452983407609,104452983437049,0,0,12,4,32,256,1,1,1000192,1,1
"KERNEL_DISPATCH","Agent 4",2,1,205988,484,22,"void rajaperf::apps::pressurecalc1<256ul>(double*, double*, double, long)",484,104452983437049,104452983450329,0,0,8,0,32,256,1,1,1000192,1,1
"KERNEL_DISPATCH","Agent 4",2,1,205988,485,23,"void rajaperf::apps::pressurecalc2<256ul>(double*, double*, double*, double*, double, double, double, long)",485,104452983450329,104452983480249,0,0,12,4,32,256,1,1,1000192,1,1
"KERNEL_DISPATCH","Agent 4",2,1,205988,486,22,"void rajaperf::apps::pressurecalc1<256ul>(double*, double*, double, long)",486,104452983480249,104452983493689,0,0,8,0,32,256,1,1,1000192,1,1
"KERNEL_DISPATCH","Agent 4",2,1,205988,487,23,"void rajaperf::apps::pressurecalc2<256ul>(double*, double*, double*, double*, double, double, double, long)",487,104452983493689,104452983523130,0,0,12,4,32,256,1,1,1000192,1,1
"KERNEL_DISPATCH","Agent 4",2,1,205988,488,22,"void rajaperf::apps::pressurecalc1<256ul>(double*, double*, double, long)",488,104452983523130,104452983536090,0,0,8,0,32,256,1,1,1000192,1,1
"KERNEL_DISPATCH","Agent 4",2,1,205988,489,23,"void rajaperf::apps::pressurecalc2<256ul>(double*, double*, double*, double*, double, double, double, long)",489,104452983536090,104452983565690,0,0,12,4,32,256,1,1,1000192,1,1
"KERNEL_DISPATCH","Agent 4",2,1,205988,490,22,"void rajaperf::apps::pressurecalc1<256ul>(double*, double*, double, long)",490,104452983565690,104452983578970,0,0,8,0,32,256,1,1,1000192,1,1
"KERNEL_DISPATCH","Agent 4",2,1,205988,491,23,"void rajaperf::apps::pressurecalc2<256ul>(double*, double*, double*, double*, double, double, double, long)",491,104452983578970,104452983608570,0,0,12,4,32,256,1,1,1000192,1,1
"KERNEL_DISPATCH","Agent 4",2,1,205988,492,22,"void rajaperf::apps::pressurecalc1<256ul>(double*, double*, double, long)",492,104452983608570,104452983621850,0,0,8,0,32,256,1,1,1000192,1,1
"KERNEL_DISPATCH","Agent 4",2,1,205988,493,23,"void rajaperf::apps::pressurecalc2<256ul>(double*, double*, double*, double*, double, double, double, long)",493,104452983621850,104452983650970,0,0,12,4,32,256,1,1,1000192,1,1
"KERNEL_DISPATCH","Agent 4",2,1,205988,494,22,"void rajaperf::apps::pressurecalc1<256ul>(double*, double*, double, long)",494,104452983650970,104452983664250,0,0,8,0,32,256,1,1,1000192,1,1
"KERNEL_DISPATCH","Agent 4",2,1,205988,495,23,"void rajaperf::apps::pressurecalc2<256ul>(double*, double*, double*, double*, double, double, double, long)",495,104452983664250,104452983693851,0,0,12,4,32,256,1,1,1000192,1,1
"KERNEL_DISPATCH","Agent 4",2,1,205988,496,22,"void rajaperf::apps::pressurecalc1<256ul>(double*, double*, double, long)",496,104452983693851,104452983707131,0,0,8,0,32,256,1,1,1000192,1,1
"KERNEL_DISPATCH","Agent 4",2,1,205988,497,23,"void rajaperf::apps::pressurecalc2<256ul>(double*, double*, double*, double*, double, double, double, long)",497,104452983707131,104452983736891,0,0,12,4,32,256,1,1,1000192,1,1
"KERNEL_DISPATCH","Agent 4",2,1,205988,498,22,"void rajaperf::apps::pressurecalc1<256ul>(double*, double*, double, long)",498,104452983736891,104452983750331,0,0,8,0,32,256,1,1,1000192,1,1
"KERNEL_DISPATCH","Agent 4",2,1,205988,499,23,"void rajaperf::apps::pressurecalc2<256ul>(double*, double*, double*, double*, double, double, double, long)",499,104452983750331,104452983779771,0,0,12,4,32,256,1,1,1000192,1,1
"KERNEL_DISPATCH","Agent 4",2,1,205988,500,22,"void rajaperf::apps::pressurecalc1<256ul>(double*, double*, double, long)",500,104452983779771,104452983793531,0,0,8,0,32,256,1,1,1000192,1,1
"KERNEL_DISPATCH","Agent 4",2,1,205988,501,23,"void rajaperf::apps::pressurecalc2<256ul>(double*, double*, double*, double*, double, double, double, long)",501,104452983793531,104452983823291,0,0,12,4,32,256,1,1,1000192,1,1
"KERNEL_DISPATCH","Agent 4",2,1,205988,502,22,"void rajaperf::apps::pressurecalc1<256ul>(double*, double*, double, long)",502,104452983823291,104452983836732,0,0,8,0,32,256,1,1,1000192,1,1
"KERNEL_DISPATCH","Agent 4",2,1,205988,503,23,"void rajaperf::apps::pressurecalc2<256ul>(double*, double*, double*, double*, double, double, double, long)",503,104452983836732,104452983866492,0,0,12,4,32,256,1,1,1000192,1,1
"KERNEL_DISPATCH","Agent 4",2,1,205988,504,22,"void rajaperf::apps::pressurecalc1<256ul>(double*, double*, double, long)",504,104452983866492,104452983880092,0,0,8,0,32,256,1,1,1000192,1,1
"KERNEL_DISPATCH","Agent 4",2,1,205988,505,23,"void rajaperf::apps::pressurecalc2<256ul>(double*, double*, double*, double*, double, double, double, long)",505,104452983880092,104452983909532,0,0,12,4,32,256,1,1,1000192,1,1
"KERNEL_DISPATCH","Agent 4",2,1,205988,506,22,"void rajaperf::apps::pressurecalc1<256ul>(double*, double*, double, long)",506,104452983909532,104452983922972,0,0,8,0,32,256,1,1,1000192,1,1
"KERNEL_DISPATCH","Agent 4",2,1,205988,507,23,"void rajaperf::apps::pressurecalc2<256ul>(double*, double*, double*, double*, double, double, double, long)",507,104452983922972,104452983952892,0,0,12,4,32,256,1,1,1000192,1,1
"KERNEL_DISPATCH","Agent 4",2,1,205988,508,22,"void rajaperf::apps::pressurecalc1<256ul>(double*, double*, double, long)",508,104452983952892,104452983966652,0,0,8,0,32,256,1,1,1000192,1,1
"KERNEL_DISPATCH","Agent 4",2,1,205988,509,23,"void rajaperf::apps::pressurecalc2<256ul>(double*, double*, double*, double*, double, double, double, long)",509,104452983966652,104452983996253,0,0,12,4,32,256,1,1,1000192,1,1
"KERNEL_DISPATCH","Agent 4",2,1,205988,510,22,"void rajaperf::apps::pressurecalc1<256ul>(double*, double*, double, long)",510,104452983996253,104452984009693,0,0,8,0,32,256,1,1,1000192,1,1
"KERNEL_DISPATCH","Agent 4",2,1,205988,511,23,"void rajaperf::apps::pressurecalc2<256ul>(double*, double*, double*, double*, double, double, double, long)",511,104452984009693,104452984039293,0,0,12,4,32,256,1,1,1000192,1,1
"KERNEL_DISPATCH","Agent 4",2,1,205988,512,22,"void rajaperf::apps::pressurecalc1<256ul>(double*, double*, double, long)",512,104452984039293,104452984052893,0,0,8,0,32,256,1,1,1000192,1,1
"KERNEL_DISPATCH","Agent 4",2,1,205988,513,23,"void rajaperf::apps::pressurecalc2<256ul>(double*, double*, double*, double*, double, double, double, long)",513,104452984052893,104452984082493,0,0,12,4,32,256,1,1,1000192,1,1
"KERNEL_DISPATCH","Agent 4",2,1,205988,514,22,"void rajaperf::apps::pressurecalc1<256ul>(double*, double*, double, long)",514,104452984082493,104452984097533,0,0,8,0,32,256,1,1,1000192,1,1
"KERNEL_DISPATCH","Agent 4",2,1,205988,515,23,"void rajaperf::apps::pressurecalc2<256ul>(double*, double*, double*, double*, double, double, double, long)",515,104452984097533,104452984127293,0,0,12,4,32,256,1,1,1000192,1,1
"KERNEL_DISPATCH","Agent 4",2,1,205988,516,22,"void rajaperf::apps::pressurecalc1<256ul>(double*, double*, double, long)",516,104452984127293,104452984140733,0,0,8,0,32,256,1,1,1000192,1,1
"KERNEL_DISPATCH","Agent 4",2,1,205988,517,23,"void rajaperf::apps::pressurecalc2<256ul>(double*, double*, double*, double*, double, double, double, long)",517,104452984140733,104452984170334,0,0,12,4,32,256,1,1,1000192,1,1
"KERNEL_DISPATCH","Agent 4",2,1,205988,518,22,"void rajaperf::apps::pressurecalc1<256ul>(double*, double*, double, long)",518,104452984170334,104452984183454,0,0,8,0,32,256,1,1,1000192,1,1
"KERNEL_DISPATCH","Agent 4",2,1,205988,519,23,"void rajaperf::apps::pressurecalc2<256ul>(double*, double*, double*, double*, double, double, double, long)",519,104452984183454,104452984213214,0,0,12,4,32,256,1,1,1000192,1,1
"KERNEL_DISPATCH","Agent 4",2,1,205988,520,22,"void rajaperf::apps::pressurecalc1<256ul>(double*, double*, double, long)",520,104452984213214,104452984226654,0,0,8,0,32,256,1,1,1000192,1,1
"KERNEL_DISPATCH","Agent 4",2,1,205988,521,23,"void rajaperf::apps::pressurecalc2<256ul>(double*, double*, double*, double*, double, double, double, long)",521,104452984226654,104452984256094,0,0,12,4,32,256,1,1,1000192,1,1
"KERNEL_DISPATCH","Agent 4",2,1,205988,522,22,"void rajaperf::apps::pressurecalc1<256ul>(double*, double*, double, long)",522,104452984256094,104452984269374,0,0,8,0,32,256,1,1,1000192,1,1
"KERNEL_DISPATCH","Agent 4",2,1,205988,523,23,"void rajaperf::apps::pressurecalc2<256ul>(double*, double*, double*, double*, double, double, double, long)",523,104452984269374,104452984298814,0,0,12,4,32,256,1,1,1000192,1,1
"KERNEL_DISPATCH","Agent 4",2,1,205988,524,22,"void rajaperf::apps::pressurecalc1<256ul>(double*, double*, double, long)",524,104452984298814,104452984312414,0,0,8,0,32,256,1,1,1000192,1,1
"KERNEL_DISPATCH","Agent 4",2,1,205988,525,23,"void rajaperf::apps::pressurecalc2<256ul>(double*, double*, double*, double*, double, double, double, long)",525,104452984312414,104452984341695,0,0,12,4,32,256,1,1,1000192,1,1
"KERNEL_DISPATCH","Agent 4",2,1,205988,526,22,"void rajaperf::apps::pressurecalc1<256ul>(double*, double*, double, long)",526,104452984341695,104452984355455,0,0,8,0,32,256,1,1,1000192,1,1
"KERNEL_DISPATCH","Agent 4",2,1,205988,527,23,"void rajaperf::apps::pressurecalc2<256ul>(double*, double*, double*, double*, double, double, double, long)",527,104452984355455,104452984385055,0,0,12,4,32,256,1,1,1000192,1,1
"KERNEL_DISPATCH","Agent 4",2,1,205988,528,22,"void rajaperf::apps::pressurecalc1<256ul>(double*, double*, double, long)",528,104452984385055,104452984398495,0,0,8,0,32,256,1,1,1000192,1,1
"KERNEL_DISPATCH","Agent 4",2,1,205988,529,23,"void rajaperf::apps::pressurecalc2<256ul>(double*, double*, double*, double*, double, double, double, long)",529,104452984398495,104452984428575,0,0,12,4,32,256,1,1,1000192,1,1
"KERNEL_DISPATCH","Agent 4",2,1,205988,530,22,"void rajaperf::apps::pressurecalc1<256ul>(double*, double*, double, long)",530,104452984428575,104452984442175,0,0,8,0,32,256,1,1,1000192,1,1
"KERNEL_DISPATCH","Agent 4",2,1,205988,531,23,"void rajaperf::apps::pressurecalc2<256ul>(double*, double*, double*, double*, double, double, double, long)",531,104452984442175,104452984471775,0,0,12,4,32,256,1,1,1000192,1,1
"KERNEL_DISPATCH","Agent 4",2,1,205988,532,22,"void rajaperf::apps::pressurecalc1<256ul>(double*, double*, double, long)",532,104452984471775,104452984485216,0,0,8,0,32,256,1,1,1000192,1,1
"KERNEL_DISPATCH","Agent 4",2,1,205988,533,23,"void rajaperf::apps::pressurecalc2<256ul>(double*, double*, double*, double*, double, double, double, long)",533,104452984485216,104452984514816,0,0,12,4,32,256,1,1,1000192,1,1
"KERNEL_DISPATCH","Agent 4",2,1,205988,534,22,"void rajaperf::apps::pressurecalc1<256ul>(double*, double*, double, long)",534,104452984514816,104452984528256,0,0,8,0,32,256,1,1,1000192,1,1
"KERNEL_DISPATCH","Agent 4",2,1,205988,535,23,"void rajaperf::apps::pressurecalc2<256ul>(double*, double*, double*, double*, double, double, double, long)",535,104452984528256,104452984557536,0,0,12,4,32,256,1,1,1000192,1,1
"KERNEL_DISPATCH","Agent 4",2,1,205988,536,22,"void rajaperf::apps::pressurecalc1<256ul>(double*, double*, double, long)",536,104452984557536,104452984570656,0,0,8,0,32,256,1,1,1000192,1,1
"KERNEL_DISPATCH","Agent 4",2,1,205988,537,23,"void rajaperf::apps::pressurecalc2<256ul>(double*, double*, double*, double*, double, double, double, long)",537,104452984570656,104452984600256,0,0,12,4,32,256,1,1,1000192,1,1
"KERNEL_DISPATCH","Agent 4",2,1,205988,538,22,"void rajaperf::apps::pressurecalc1<256ul>(double*, double*, double, long)",538,104452984600256,104452984613696,0,0,8,0,32,256,1,1,1000192,1,1
"KERNEL_DISPATCH","Agent 4",2,1,205988,539,23,"void rajaperf::apps::pressurecalc2<256ul>(double*, double*, double*, double*, double, double, double, long)",539,104452984613696,104452984643456,0,0,12,4,32,256,1,1,1000192,1,1
"KERNEL_DISPATCH","Agent 4",2,1,205988,540,22,"void rajaperf::apps::pressurecalc1<256ul>(double*, double*, double, long)",540,104452984643456,104452984656897,0,0,8,0,32,256,1,1,1000192,1,1
"KERNEL_DISPATCH","Agent 4",2,1,205988,541,23,"void rajaperf::apps::pressurecalc2<256ul>(double*, double*, double*, double*, double, double, double, long)",541,104452984656897,104452984686497,0,0,12,4,32,256,1,1,1000192,1,1
"KERNEL_DISPATCH","Agent 4",2,1,205988,542,22,"void rajaperf::apps::pressurecalc1<256ul>(double*, double*, double, long)",542,104452984686497,104452984699937,0,0,8,0,32,256,1,1,1000192,1,1
"KERNEL_DISPATCH","Agent 4",2,1,205988,543,23,"void rajaperf::apps::pressurecalc2<256ul>(double*, double*, double*, double*, double, double, double, long)",543,104452984699937,104452984729857,0,0,12,4,32,256,1,1,1000192,1,1
"KERNEL_DISPATCH","Agent 4",2,1,205988,544,22,"void rajaperf::apps::pressurecalc1<256ul>(double*, double*, double, long)",544,104452984729857,104452984743457,0,0,8,0,32,256,1,1,1000192,1,1
"KERNEL_DISPATCH","Agent 4",2,1,205988,545,23,"void rajaperf::apps::pressurecalc2<256ul>(double*, double*, double*, double*, double, double, double, long)",545,104452984743457,104452984773217,0,0,12,4,32,256,1,1,1000192,1,1
"KERNEL_DISPATCH","Agent 4",2,1,205988,546,22,"void rajaperf::apps::pressurecalc1<256ul>(double*, double*, double, long)",546,104452984773217,104452984787297,0,0,8,0,32,256,1,1,1000192,1,1
"KERNEL_DISPATCH","Agent 4",2,1,205988,547,23,"void rajaperf::apps::pressurecalc2<256ul>(double*, double*, double*, double*, double, double, double, long)",547,104452984787297,104452984817058,0,0,12,4,32,256,1,1,1000192,1,1
"KERNEL_DISPATCH","Agent 4",2,1,205988,548,22,"void rajaperf::apps::pressurecalc1<256ul>(double*, double*, double, long)",548,104452984817058,104452984830658,0,0,8,0,32,256,1,1,1000192,1,1
"KERNEL_DISPATCH","Agent 4",2,1,205988,549,23,"void rajaperf::apps::pressurecalc2<256ul>(double*, double*, double*, double*, double, double, double, long)",549,104452984830658,104452984860258,0,0,12,4,32,256,1,1,1000192,1,1
"KERNEL_DISPATCH","Agent 4",2,1,205988,550,22,"void rajaperf::apps::pressurecalc1<256ul>(double*, double*, double, long)",550,104452984860258,104452984873698,0,0,8,0,32,256,1,1,1000192,1,1
"KERNEL_DISPATCH","Agent 4",2,1,205988,551,23,"void rajaperf::apps::pressurecalc2<256ul>(double*, double*, double*, double*, double, double, double, long)",551,104452984873698,104452984902978,0,0,12,4,32,256,1,1,1000192,1,1
"KERNEL_DISPATCH","Agent 4",2,1,205988,552,22,"void rajaperf::apps::pressurecalc1<256ul>(double*, double*, double, long)",552,104452984902978,104452984916738,0,0,8,0,32,256,1,1,1000192,1,1
"KERNEL_DISPATCH","Agent 4",2,1,205988,553,23,"void rajaperf::apps::pressurecalc2<256ul>(double*, double*, double*, double*, double, double, double, long)",553,104452984916738,104452984946658,0,0,12,4,32,256,1,1,1000192,1,1
"KERNEL_DISPATCH","Agent 4",2,1,205988,554,22,"void rajaperf::apps::pressurecalc1<256ul>(double*, double*, double, long)",554,104452984946658,104452984960418,0,0,8,0,32,256,1,1,1000192,1,1
"KERNEL_DISPATCH","Agent 4",2,1,205988,555,23,"void rajaperf::apps::pressurecalc2<256ul>(double*, double*, double*, double*, double, double, double, long)",555,104452984960418,104452984990659,0,0,12,4,32,256,1,1,1000192,1,1
"KERNEL_DISPATCH","Agent 4",2,1,205988,556,22,"void rajaperf::apps::pressurecalc1<256ul>(double*, double*, double, long)",556,104452984990659,104452985003939,0,0,8,0,32,256,1,1,1000192,1,1
"KERNEL_DISPATCH","Agent 4",2,1,205988,557,23,"void rajaperf::apps::pressurecalc2<256ul>(double*, double*, double*, double*, double, double, double, long)",557,104452985003939,104452985034019,0,0,12,4,32,256,1,1,1000192,1,1
"KERNEL_DISPATCH","Agent 4",2,1,205988,558,22,"void rajaperf::apps::pressurecalc1<256ul>(double*, double*, double, long)",558,104452985034019,104452985047299,0,0,8,0,32,256,1,1,1000192,1,1
"KERNEL_DISPATCH","Agent 4",2,1,205988,559,23,"void rajaperf::apps::pressurecalc2<256ul>(double*, double*, double*, double*, double, double, double, long)",559,104452985047299,104452985076899,0,0,12,4,32,256,1,1,1000192,1,1
"KERNEL_DISPATCH","Agent 4",2,1,205988,560,22,"void rajaperf::apps::pressurecalc1<256ul>(double*, double*, double, long)",560,104452985076899,104452985090339,0,0,8,0,32,256,1,1,1000192,1,1
"KERNEL_DISPATCH","Agent 4",2,1,205988,561,23,"void rajaperf::apps::pressurecalc2<256ul>(double*, double*, double*, double*, double, double, double, long)",561,104452985090339,104452985120579,0,0,12,4,32,256,1,1,1000192,1,1
"KERNEL_DISPATCH","Agent 4",2,1,205988,562,22,"void rajaperf::apps::pressurecalc1<256ul>(double*, double*, double, long)",562,104452985120579,104452985134020,0,0,8,0,32,256,1,1,1000192,1,1
"KERNEL_DISPATCH","Agent 4",2,1,205988,563,23,"void rajaperf::apps::pressurecalc2<256ul>(double*, double*, double*, double*, double, double, double, long)",563,104452985134020,104452985163940,0,0,12,4,32,256,1,1,1000192,1,1
"KERNEL_DISPATCH","Agent 4",2,1,205988,564,22,"void rajaperf::apps::pressurecalc1<256ul>(double*, double*, double, long)",564,104452985163940,104452985177220,0,0,8,0,32,256,1,1,1000192,1,1
"KERNEL_DISPATCH","Agent 4",2,1,205988,565,23,"void rajaperf::apps::pressurecalc2<256ul>(double*, double*, double*, double*, double, double, double, long)",565,104452985177220,104452985206980,0,0,12,4,32,256,1,1,1000192,1,1
"KERNEL_DISPATCH","Agent 4",2,1,205988,566,22,"void rajaperf::apps::pressurecalc1<256ul>(double*, double*, double, long)",566,104452985206980,104452985220580,0,0,8,0,32,256,1,1,1000192,1,1
"KERNEL_DISPATCH","Agent 4",2,1,205988,567,23,"void rajaperf::apps::pressurecalc2<256ul>(double*, double*, double*, double*, double, double, double, long)",567,104452985220580,104452985250500,0,0,12,4,32,256,1,1,1000192,1,1
"KERNEL_DISPATCH","Agent 4",2,1,205988,568,22,"void rajaperf::apps::pressurecalc1<256ul>(double*, double*, double, long)",568,104452985250500,104452985263940,0,0,8,0,32,256,1,1,1000192,1,1
"KERNEL_DISPATCH","Agent 4",2,1,205988,569,23,"void rajaperf::apps::pressurecalc2<256ul>(double*, double*, double*, double*, double, double, double, long)",569,104452985263940,104452985294180,0,0,12,4,32,256,1,1,1000192,1,1
"KERNEL_DISPATCH","Agent 4",2,1,205988,570,22,"void rajaperf::apps::pressurecalc1<256ul>(double*, double*, double, long)",570,104452985294180,104452985307621,0,0,8,0,32,256,1,1,1000192,1,1
"KERNEL_DISPATCH","Agent 4",2,1,205988,571,23,"void rajaperf::apps::pressurecalc2<256ul>(double*, double*, double*, double*, double, double, double, long)",571,104452985307621,104452985337061,0,0,12,4,32,256,1,1,1000192,1,1
"KERNEL_DISPATCH","Agent 4",2,1,205988,572,22,"void rajaperf::apps::pressurecalc1<256ul>(double*, double*, double, long)",572,104452985337061,104452985350661,0,0,8,0,32,256,1,1,1000192,1,1
"KERNEL_DISPATCH","Agent 4",2,1,205988,573,23,"void rajaperf::apps::pressurecalc2<256ul>(double*, double*, double*, double*, double, double, double, long)",573,104452985350661,104452985380261,0,0,12,4,32,256,1,1,1000192,1,1
"KERNEL_DISPATCH","Agent 4",2,1,205988,574,22,"void rajaperf::apps::pressurecalc1<256ul>(double*, double*, double, long)",574,104452985380261,104452985393541,0,0,8,0,32,256,1,1,1000192,1,1
"KERNEL_DISPATCH","Agent 4",2,1,205988,575,23,"void rajaperf::apps::pressurecalc2<256ul>(double*, double*, double*, double*, double, double, double, long)",575,104452985393541,104452985423781,0,0,12,4,32,256,1,1,1000192,1,1
"KERNEL_DISPATCH","Agent 4",2,1,205988,576,22,"void rajaperf::apps::pressurecalc1<256ul>(double*, double*, double, long)",576,104452985423781,104452985437221,0,0,8,0,32,256,1,1,1000192,1,1
"KERNEL_DISPATCH","Agent 4",2,1,205988,577,23,"void rajaperf::apps::pressurecalc2<256ul>(double*, double*, double*, double*, double, double, double, long)",577,104452985437221,104452985466662,0,0,12,4,32,256,1,1,1000192,1,1
"KERNEL_DISPATCH","Agent 4",2,1,205988,578,22,"void rajaperf::apps::pressurecalc1<256ul>(double*, double*, double, long)",578,104452985466662,104452985481222,0,0,8,0,32,256,1,1,1000192,1,1
"KERNEL_DISPATCH","Agent 4",2,1,205988,579,23,"void rajaperf::apps::pressurecalc2<256ul>(double*, double*, double*, double*, double, double, double, long)",579,104452985481222,104452985510822,0,0,12,4,32,256,1,1,1000192,1,1
"KERNEL_DISPATCH","Agent 4",2,1,205988,580,22,"void rajaperf::apps::pressurecalc1<256ul>(double*, double*, double, long)",580,104452985510822,104452985524262,0,0,8,0,32,256,1,1,1000192,1,1
"KERNEL_DISPATCH","Agent 4",2,1,205988,581,23,"void rajaperf::apps::pressurecalc2<256ul>(double*, double*, double*, double*, double, double, double, long)",581,104452985524262,104452985554342,0,0,12,4,32,256,1,1,1000192,1,1
"KERNEL_DISPATCH","Agent 4",2,1,205988,582,22,"void rajaperf::apps::pressurecalc1<256ul>(double*, double*, double, long)",582,104452985554342,104452985567622,0,0,8,0,32,256,1,1,1000192,1,1
"KERNEL_DISPATCH","Agent 4",2,1,205988,583,23,"void rajaperf::apps::pressurecalc2<256ul>(double*, double*, double*, double*, double, double, double, long)",583,104452985567622,104452985597542,0,0,12,4,32,256,1,1,1000192,1,1
"KERNEL_DISPATCH","Agent 4",2,1,205988,584,22,"void rajaperf::apps::pressurecalc1<256ul>(double*, double*, double, long)",584,104452985597542,104452985610982,0,0,8,0,32,256,1,1,1000192,1,1
"KERNEL_DISPATCH","Agent 4",2,1,205988,585,23,"void rajaperf::apps::pressurecalc2<256ul>(double*, double*, double*, double*, double, double, double, long)",585,104452985610982,104452985640903,0,0,12,4,32,256,1,1,1000192,1,1
"KERNEL_DISPATCH","Agent 4",2,1,205988,586,22,"void rajaperf::apps::pressurecalc1<256ul>(double*, double*, double, long)",586,104452985640903,104452985654503,0,0,8,0,32,256,1,1,1000192,1,1
"KERNEL_DISPATCH","Agent 4",2,1,205988,587,23,"void rajaperf::apps::pressurecalc2<256ul>(double*, double*, double*, double*, double, double, double, long)",587,104452985654503,104452985683943,0,0,12,4,32,256,1,1,1000192,1,1
"KERNEL_DISPATCH","Agent 4",2,1,205988,588,22,"void rajaperf::apps::pressurecalc1<256ul>(double*, double*, double, long)",588,104452985683943,104452985697223,0,0,8,0,32,256,1,1,1000192,1,1
"KERNEL_DISPATCH","Agent 4",2,1,205988,589,23,"void rajaperf::apps::pressurecalc2<256ul>(double*, double*, double*, double*, double, double, double, long)",589,104452985697223,104452985726503,0,0,12,4,32,256,1,1,1000192,1,1
"KERNEL_DISPATCH","Agent 4",2,1,205988,590,22,"void rajaperf::apps::pressurecalc1<256ul>(double*, double*, double, long)",590,104452985726503,104452985739943,0,0,8,0,32,256,1,1,1000192,1,1
"KERNEL_DISPATCH","Agent 4",2,1,205988,591,23,"void rajaperf::apps::pressurecalc2<256ul>(double*, double*, double*, double*, double, double, double, long)",591,104452985739943,104452985769223,0,0,12,4,32,256,1,1,1000192,1,1
"KERNEL_DISPATCH","Agent 4",2,1,205988,592,22,"void rajaperf::apps::pressurecalc1<256ul>(double*, double*, double, long)",592,104452985769223,104452985782823,0,0,8,0,32,256,1,1,1000192,1,1
"KERNEL_DISPATCH","Agent 4",2,1,205988,593,23,"void rajaperf::apps::pressurecalc2<256ul>(double*, double*, double*, double*, double, double, double, long)",593,104452985782823,104452985812744,0,0,12,4,32,256,1,1,1000192,1,1
"KERNEL_DISPATCH","Agent 4",2,1,205988,594,22,"void rajaperf::apps::pressurecalc1<256ul>(double*, double*, double, long)",594,104452985812744,104452985826344,0,0,8,0,32,256,1,1,1000192,1,1
"KERNEL_DISPATCH","Agent 4",2,1,205988,595,23,"void rajaperf::apps::pressurecalc2<256ul>(double*, double*, double*, double*, double, double, double, long)",595,104452985826344,104452985855624,0,0,12,4,32,256,1,1,1000192,1,1
"KERNEL_DISPATCH","Agent 4",2,1,205988,596,22,"void rajaperf::apps::pressurecalc1<256ul>(double*, double*, double, long)",596,104452985855624,104452985869384,0,0,8,0,32,256,1,1,1000192,1,1
"KERNEL_DISPATCH","Agent 4",2,1,205988,597,23,"void rajaperf::apps::pressurecalc2<256ul>(double*, double*, double*, double*, double, double, double, long)",597,104452985869384,104452985898984,0,0,12,4,32,256,1,1,1000192,1,1
"KERNEL_DISPATCH","Agent 4",2,1,205988,598,22,"void rajaperf::apps::pressurecalc1<256ul>(double*, double*, double, long)",598,104452985898984,104452985912424,0,0,8,0,32,256,1,1,1000192,1,1
"KERNEL_DISPATCH","Agent 4",2,1,205988,599,23,"void rajaperf::apps::pressurecalc2<256ul>(double*, double*, double*, double*, double, double, double, long)",599,104452985912424,104452985942344,0,0,12,4,32,256,1,1,1000192,1,1
"KERNEL_DISPATCH","Agent 4",2,1,205988,600,22,"void rajaperf::apps::pressurecalc1<256ul>(double*, double*, double, long)",600,104452985942344,104452985955465,0,0,8,0,32,256,1,1,1000192,1,1
"KERNEL_DISPATCH","Agent 4",2,1,205988,601,23,"void rajaperf::apps::pressurecalc2<256ul>(double*, double*, double*, double*, double, double, double, long)",601,104452985955465,104452985984905,0,0,12,4,32,256,1,1,1000192,1,1
"KERNEL_DISPATCH","Agent 4",2,1,205988,602,22,"void rajaperf::apps::pressurecalc1<256ul>(double*, double*, double, long)",602,104452985984905,104452985998025,0,0,8,0,32,256,1,1,1000192,1,1
"KERNEL_DISPATCH","Agent 4",2,1,205988,603,23,"void rajaperf::apps::pressurecalc2<256ul>(double*, double*, double*, double*, double, double, double, long)",603,104452985998025,104452986028105,0,0,12,4,32,256,1,1,1000192,1,1
"KERNEL_DISPATCH","Agent 4",2,1,205988,604,22,"void rajaperf::apps::pressurecalc1<256ul>(double*, double*, double, long)",604,104452986028105,104452986041545,0,0,8,0,32,256,1,1,1000192,1,1
"KERNEL_DISPATCH","Agent 4",2,1,205988,605,23,"void rajaperf::apps::pressurecalc2<256ul>(double*, double*, double*, double*, double, double, double, long)",605,104452986041545,104452986071145,0,0,12,4,32,256,1,1,1000192,1,1
"KERNEL_DISPATCH","Agent 4",2,1,205988,606,22,"void rajaperf::apps::pressurecalc1<256ul>(double*, double*, double, long)",606,104452986071145,104452986085065,0,0,8,0,32,256,1,1,1000192,1,1
"KERNEL_DISPATCH","Agent 4",2,1,205988,607,23,"void rajaperf::apps::pressurecalc2<256ul>(double*, double*, double*, double*, double, double, double, long)",607,104452986085065,104452986114666,0,0,12,4,32,256,1,1,1000192,1,1
"KERNEL_DISPATCH","Agent 4",2,1,205988,608,22,"void rajaperf::apps::pressurecalc1<256ul>(double*, double*, double, long)",608,104452986114666,104452986128266,0,0,8,0,32,256,1,1,1000192,1,1
"KERNEL_DISPATCH","Agent 4",2,1,205988,609,23,"void rajaperf::apps::pressurecalc2<256ul>(double*, double*, double*, double*, double, double, double, long)",609,104452986128266,104452986157706,0,0,12,4,32,256,1,1,1000192,1,1
"KERNEL_DISPATCH","Agent 4",2,1,205988,610,22,"void rajaperf::apps::pressurecalc1<256ul>(double*, double*, double, long)",610,104452986157706,104452986171946,0,0,8,0,32,256,1,1,1000192,1,1
"KERNEL_DISPATCH","Agent 4",2,1,205988,611,23,"void rajaperf::apps::pressurecalc2<256ul>(double*, double*, double*, double*, double, double, double, long)",611,104452986171946,104452986201546,0,0,12,4,32,256,1,1,1000192,1,1
"KERNEL_DISPATCH","Agent 4",2,1,205988,612,22,"void rajaperf::apps::pressurecalc1<256ul>(double*, double*, double, long)",612,104452986201546,104452986214986,0,0,8,0,32,256,1,1,1000192,1,1
"KERNEL_DISPATCH","Agent 4",2,1,205988,613,23,"void rajaperf::apps::pressurecalc2<256ul>(double*, double*, double*, double*, double, double, double, long)",613,104452986214986,104452986244586,0,0,12,4,32,256,1,1,1000192,1,1
"KERNEL_DISPATCH","Agent 4",2,1,205988,614,22,"void rajaperf::apps::pressurecalc1<256ul>(double*, double*, double, long)",614,104452986244586,104452986258186,0,0,8,0,32,256,1,1,1000192,1,1
"KERNEL_DISPATCH","Agent 4",2,1,205988,615,23,"void rajaperf::apps::pressurecalc2<256ul>(double*, double*, double*, double*, double, double, double, long)",615,104452986258186,104452986287787,0,0,12,4,32,256,1,1,1000192,1,1
"KERNEL_DISPATCH","Agent 4",2,1,205988,616,22,"void rajaperf::apps::pressurecalc1<256ul>(double*, double*, double, long)",616,104452986287787,104452986301547,0,0,8,0,32,256,1,1,1000192,1,1
"KERNEL_DISPATCH","Agent 4",2,1,205988,617,23,"void rajaperf::apps::pressurecalc2<256ul>(double*, double*, double*, double*, double, double, double, long)",617,104452986301547,104452986330987,0,0,12,4,32,256,1,1,1000192,1,1
"KERNEL_DISPATCH","Agent 4",2,1,205988,618,22,"void rajaperf::apps::pressurecalc1<256ul>(double*, double*, double, long)",618,104452986330987,104452986344267,0,0,8,0,32,256,1,1,1000192,1,1
"KERNEL_DISPATCH","Agent 4",2,1,205988,619,23,"void rajaperf::apps::pressurecalc2<256ul>(double*, double*, double*, double*, double, double, double, long)",619,104452986344267,104452986373547,0,0,12,4,32,256,1,1,1000192,1,1
"KERNEL_DISPATCH","Agent 4",2,1,205988,620,22,"void rajaperf::apps::pressurecalc1<256ul>(double*, double*, double, long)",620,104452986373547,104452986386987,0,0,8,0,32,256,1,1,1000192,1,1
"KERNEL_DISPATCH","Agent 4",2,1,205988,621,23,"void rajaperf::apps::pressurecalc2<256ul>(double*, double*, double*, double*, double, double, double, long)",621,104452986386987,104452986417067,0,0,12,4,32,256,1,1,1000192,1,1
"KERNEL_DISPATCH","Agent 4",2,1,205988,622,22,"void rajaperf::apps::pressurecalc1<256ul>(double*, double*, double, long)",622,104452986417067,104452986430507,0,0,8,0,32,256,1,1,1000192,1,1
"KERNEL_DISPATCH","Agent 4",2,1,205988,623,23,"void rajaperf::apps::pressurecalc2<256ul>(double*, double*, double*, double*, double, double, double, long)",623,104452986430507,104452986460748,0,0,12,4,32,256,1,1,1000192,1,1
"KERNEL_DISPATCH","Agent 4",2,1,205988,624,22,"void rajaperf::apps::pressurecalc1<256ul>(double*, double*, double, long)",624,104452986460748,104452986474188,0,0,8,0,32,256,1,1,1000192,1,1
"KERNEL_DISPATCH","Agent 4",2,1,205988,625,23,"void rajaperf::apps::pressurecalc2<256ul>(double*, double*, double*, double*, double, double, double, long)",625,104452986474188,104452986503948,0,0,12,4,32,256,1,1,1000192,1,1
"KERNEL_DISPATCH","Agent 4",2,1,205988,626,22,"void rajaperf::apps::pressurecalc1<256ul>(double*, double*, double, long)",626,104452986503948,104452986517388,0,0,8,0,32,256,1,1,1000192,1,1
"KERNEL_DISPATCH","Agent 4",2,1,205988,627,23,"void rajaperf::apps::pressurecalc2<256ul>(double*, double*, double*, double*, double, double, double, long)",627,104452986517388,104452986547148,0,0,12,4,32,256,1,1,1000192,1,1
"KERNEL_DISPATCH","Agent 4",2,1,205988,628,22,"void rajaperf::apps::pressurecalc1<256ul>(double*, double*, double, long)",628,104452986547148,104452986560428,0,0,8,0,32,256,1,1,1000192,1,1
"KERNEL_DISPATCH","Agent 4",2,1,205988,629,23,"void rajaperf::apps::pressurecalc2<256ul>(double*, double*, double*, double*, double, double, double, long)",629,104452986560428,104452986590188,0,0,12,4,32,256,1,1,1000192,1,1
"KERNEL_DISPATCH","Agent 4",2,1,205988,630,22,"void rajaperf::apps::pressurecalc1<256ul>(double*, double*, double, long)",630,104452986590188,104452986603629,0,0,8,0,32,256,1,1,1000192,1,1
"KERNEL_DISPATCH","Agent 4",2,1,205988,631,23,"void rajaperf::apps::pressurecalc2<256ul>(double*, double*, double*, double*, double, double, double, long)",631,104452986603629,104452986633709,0,0,12,4,32,256,1,1,1000192,1,1
"KERNEL_DISPATCH","Agent 4",2,1,205988,632,22,"void rajaperf::apps::pressurecalc1<256ul>(double*, double*, double, long)",632,104452986633709,104452986647309,0,0,8,0,32,256,1,1,1000192,1,1
"KERNEL_DISPATCH","Agent 4",2,1,205988,633,23,"void rajaperf::apps::pressurecalc2<256ul>(double*, double*, double*, double*, double, double, double, long)",633,104452986647309,104452986677069,0,0,12,4,32,256,1,1,1000192,1,1
"KERNEL_DISPATCH","Agent 4",2,1,205988,634,22,"void rajaperf::apps::pressurecalc1<256ul>(double*, double*, double, long)",634,104452986677069,104452986690509,0,0,8,0,32,256,1,1,1000192,1,1
"KERNEL_DISPATCH","Agent 4",2,1,205988,635,23,"void rajaperf::apps::pressurecalc2<256ul>(double*, double*, double*, double*, double, double, double, long)",635,104452986690509,104452986719949,0,0,12,4,32,256,1,1,1000192,1,1
"KERNEL_DISPATCH","Agent 4",2,1,205988,636,22,"void rajaperf::apps::pressurecalc1<256ul>(double*, double*, double, long)",636,104452986719949,104452986733709,0,0,8,0,32,256,1,1,1000192,1,1
"KERNEL_DISPATCH","Agent 4",2,1,205988,637,23,"void rajaperf::apps::pressurecalc2<256ul>(double*, double*, double*, double*, double, double, double, long)",637,104452986733709,104452986763310,0,0,12,4,32,256,1,1,1000192,1,1
"KERNEL_DISPATCH","Agent 4",2,1,205988,638,22,"void rajaperf::apps::pressurecalc1<256ul>(double*, double*, double, long)",638,104452986763310,104452986776750,0,0,8,0,32,256,1,1,1000192,1,1
"KERNEL_DISPATCH","Agent 4",2,1,205988,639,23,"void rajaperf::apps::pressurecalc2<256ul>(double*, double*, double*, double*, double, double, double, long)",639,104452986776750,104452986806510,0,0,12,4,32,256,1,1,1000192,1,1
"KERNEL_DISPATCH","Agent 4",2,1,205988,640,22,"void rajaperf::apps::pressurecalc1<256ul>(double*, double*, double, long)",640,104452986806510,104452986820430,0,0,8,0,32,256,1,1,1000192,1,1
"KERNEL_DISPATCH","Agent 4",2,1,205988,641,23,"void rajaperf::apps::pressurecalc2<256ul>(double*, double*, double*, double*, double, double, double, long)",641,104452986820430,104452986850350,0,0,12,4,32,256,1,1,1000192,1,1
"KERNEL_DISPATCH","Agent 4",2,1,205988,642,22,"void rajaperf::apps::pressurecalc1<256ul>(double*, double*, double, long)",642,104452986850350,104452986864750,0,0,8,0,32,256,1,1,1000192,1,1
"KERNEL_DISPATCH","Agent 4",2,1,205988,643,23,"void rajaperf::apps::pressurecalc2<256ul>(double*, double*, double*, double*, double, double, double, long)",643,104452986864750,104452986894350,0,0,12,4,32,256,1,1,1000192,1,1
"KERNEL_DISPATCH","Agent 4",2,1,205988,644,22,"void rajaperf::apps::pressurecalc1<256ul>(double*, double*, double, long)",644,104452986894350,104452986907790,0,0,8,0,32,256,1,1,1000192,1,1
"KERNEL_DISPATCH","Agent 4",2,1,205988,645,23,"void rajaperf::apps::pressurecalc2<256ul>(double*, double*, double*, double*, double, double, double, long)",645,104452986907790,104452986937551,0,0,12,4,32,256,1,1,1000192,1,1
"KERNEL_DISPATCH","Agent 4",2,1,205988,646,22,"void rajaperf::apps::pressurecalc1<256ul>(double*, double*, double, long)",646,104452986937551,104452986950511,0,0,8,0,32,256,1,1,1000192,1,1
"KERNEL_DISPATCH","Agent 4",2,1,205988,647,23,"void rajaperf::apps::pressurecalc2<256ul>(double*, double*, double*, double*, double, double, double, long)",647,104452986950511,104452986980271,0,0,12,4,32,256,1,1,1000192,1,1
"KERNEL_DISPATCH","Agent 4",2,1,205988,648,22,"void rajaperf::apps::pressurecalc1<256ul>(double*, double*, double, long)",648,104452986980271,104452986993391,0,0,8,0,32,256,1,1,1000192,1,1
"KERNEL_DISPATCH","Agent 4",2,1,205988,649,23,"void rajaperf::apps::pressurecalc2<256ul>(double*, double*, double*, double*, double, double, double, long)",649,104452986993391,104452987023151,0,0,12,4,32,256,1,1,1000192,1,1
"KERNEL_DISPATCH","Agent 4",2,1,205988,650,22,"void rajaperf::apps::pressurecalc1<256ul>(double*, double*, double, long)",650,104452987023151,104452987036431,0,0,8,0,32,256,1,1,1000192,1,1
"KERNEL_DISPATCH","Agent 4",2,1,205988,651,23,"void rajaperf::apps::pressurecalc2<256ul>(double*, double*, double*, double*, double, double, double, long)",651,104452987036431,104452987065711,0,0,12,4,32,256,1,1,1000192,1,1
"KERNEL_DISPATCH","Agent 4",2,1,205988,652,22,"void rajaperf::apps::pressurecalc1<256ul>(double*, double*, double, long)",652,104452987065711,104452987078991,0,0,8,0,32,256,1,1,1000192,1,1
"KERNEL_DISPATCH","Agent 4",2,1,205988,653,23,"void rajaperf::apps::pressurecalc2<256ul>(double*, double*, double*, double*, double, double, double, long)",653,104452987078991,104452987109072,0,0,12,4,32,256,1,1,1000192,1,1
"KERNEL_DISPATCH","Agent 4",2,1,205988,654,22,"void rajaperf::apps::pressurecalc1<256ul>(double*, double*, double, long)",654,104452987109072,104452987122352,0,0,8,0,32,256,1,1,1000192,1,1
"KERNEL_DISPATCH","Agent 4",2,1,205988,655,23,"void rajaperf::apps::pressurecalc2<256ul>(double*, double*, double*, double*, double, double, double, long)",655,104452987122352,104452987152432,0,0,12,4,32,256,1,1,1000192,1,1
"KERNEL_DISPATCH","Agent 4",2,1,205988,656,22,"void rajaperf::apps::pressurecalc1<256ul>(double*, double*, double, long)",656,104452987152432,104452987165392,0,0,8,0,32,256,1,1,1000192,1,1
"KERNEL_DISPATCH","Agent 4",2,1,205988,657,23,"void rajaperf::apps::pressurecalc2<256ul>(double*, double*, double*, double*, double, double, double, long)",657,104452987165392,104452987195152,0,0,12,4,32,256,1,1,1000192,1,1
"KERNEL_DISPATCH","Agent 4",2,1,205988,658,22,"void rajaperf::apps::pressurecalc1<256ul>(double*, double*, double, long)",658,104452987195152,104452987208592,0,0,8,0,32,256,1,1,1000192,1,1
"KERNEL_DISPATCH","Agent 4",2,1,205988,659,23,"void rajaperf::apps::pressurecalc2<256ul>(double*, double*, double*, double*, double, double, double, long)",659,104452987208592,104452987238192,0,0,12,4,32,256,1,1,1000192,1,1
"KERNEL_DISPATCH","Agent 4",2,1,205988,660,22,"void rajaperf::apps::pressurecalc1<256ul>(double*, double*, double, long)",660,104452987238192,104452987251793,0,0,8,0,32,256,1,1,1000192,1,1
"KERNEL_DISPATCH","Agent 4",2,1,205988,661,23,"void rajaperf::apps::pressurecalc2<256ul>(double*, double*, double*, double*, double, double, double, long)",661,104452987251793,104452987281393,0,0,12,4,32,256,1,1,1000192,1,1
"KERNEL_DISPATCH","Agent 4",2,1,205988,662,22,"void rajaperf::apps::pressurecalc1<256ul>(double*, double*, double, long)",662,104452987281393,104452987295153,0,0,8,0,32,256,1,1,1000192,1,1
"KERNEL_DISPATCH","Agent 4",2,1,205988,663,23,"void rajaperf::apps::pressurecalc2<256ul>(double*, double*, double*, double*, double, double, double, long)",663,104452987295153,104452987324593,0,0,12,4,32,256,1,1,1000192,1,1
"KERNEL_DISPATCH","Agent 4",2,1,205988,664,22,"void rajaperf::apps::pressurecalc1<256ul>(double*, double*, double, long)",664,104452987324593,104452987337873,0,0,8,0,32,256,1,1,1000192,1,1
"KERNEL_DISPATCH","Agent 4",2,1,205988,665,23,"void rajaperf::apps::pressurecalc2<256ul>(double*, double*, double*, double*, double, double, double, long)",665,104452987337873,104452987367793,0,0,12,4,32,256,1,1,1000192,1,1
"KERNEL_DISPATCH","Agent 4",2,1,205988,666,22,"void rajaperf::apps::pressurecalc1<256ul>(double*, double*, double, long)",666,104452987367793,104452987381233,0,0,8,0,32,256,1,1,1000192,1,1
"KERNEL_DISPATCH","Agent 4",2,1,205988,667,23,"void rajaperf::apps::pressurecalc2<256ul>(double*, double*, double*, double*, double, double, double, long)",667,104452987381233,104452987410993,0,0,12,4,32,256,1,1,1000192,1,1
"KERNEL_DISPATCH","Agent 4",2,1,205988,668,22,"void rajaperf::apps::pressurecalc1<256ul>(double*, double*, double, long)",668,104452987410993,104452987424114,0,0,8,0,32,256,1,1,1000192,1,1
"KERNEL_DISPATCH","Agent 4",2,1,205988,669,23,"void rajaperf::apps::pressurecalc2<256ul>(double*, double*, double*, double*, double, double, double, long)",669,104452987424114,104452987453714,0,0,12,4,32,256,1,1,1000192,1,1
"KERNEL_DISPATCH","Agent 4",2,1,205988,675,23,"void rajaperf::apps::pressurecalc2<256ul>(double*, double*, double*, double*, double, double, double, long)",675,104452987553554,104452987582995,0,0,12,4,32,256,1,1,1000192,1,1
"KERNEL_DISPATCH","Agent 4",2,1,205988,677,23,"void rajaperf::apps::pressurecalc2<256ul>(double*, double*, double*, double*, double, double, double, long)",677,104452987596275,104452987625715,0,0,12,4,32,256,1,1,1000192,1,1
"KERNEL_DISPATCH","Agent 4",2,1,205988,673,23,"void rajaperf::apps::pressurecalc2<256ul>(double*, double*, double*, double*, double, double, double, long)",673,104452987509874,104452987539314,0,0,12,4,32,256,1,1,1000192,1,1
"KERNEL_DISPATCH","Agent 4",2,1,205988,671,23,"void rajaperf::apps::pressurecalc2<256ul>(double*, double*, double*, double*, double, double, double, long)",671,104452987466994,104452987496754,0,0,12,4,32,256,1,1,1000192,1,1
"KERNEL_DISPATCH","Agent 4",2,1,205988,670,22,"void rajaperf::apps::pressurecalc1<256ul>(double*, double*, double, long)",670,104452987453714,104452987466994,0,0,8,0,32,256,1,1,1000192,1,1
"KERNEL_DISPATCH","Agent 4",2,1,205988,678,22,"void rajaperf::apps::pressurecalc1<256ul>(double*, double*, double, long)",678,104452987625715,104452987638995,0,0,8,0,32,256,1,1,1000192,1,1
"KERNEL_DISPATCH","Agent 4",2,1,205988,676,22,"void rajaperf::apps::pressurecalc1<256ul>(double*, double*, double, long)",676,104452987582995,104452987596275,0,0,8,0,32,256,1,1,1000192,1,1
"KERNEL_DISPATCH","Agent 4",2,1,205988,672,22,"void rajaperf::apps::pressurecalc1<256ul>(double*, double*, double, long)",672,104452987496754,104452987509874,0,0,8,0,32,256,1,1,1000192,1,1
"KERNEL_DISPATCH","Agent 4",2,1,205988,679,23,"void rajaperf::apps::pressurecalc2<256ul>(double*, double*, double*, double*, double, double, double, long)",679,104452987638995,104452987668435,0,0,12,4,32,256,1,1,1000192,1,1
"KERNEL_DISPATCH","Agent 4",2,1,205988,674,22,"void rajaperf::apps::pressurecalc1<256ul>(double*, double*, double, long)",674,104452987539314,104452987553554,0,0,8,0,32,256,1,1,1000192,1,1
"KERNEL_DISPATCH","Agent 4",2,1,205988,680,22,"void rajaperf::apps::pressurecalc1<256ul>(double*, double*, double, long)",680,104452987668435,104452987681555,0,0,8,0,32,256,1,1,1000192,1,1
"KERNEL_DISPATCH","Agent 4",2,1,205988,681,23,"void rajaperf::apps::pressurecalc2<256ul>(double*, double*, double*, double*, double, double, double, long)",681,104452987681555,104452987710995,0,0,12,4,32,256,1,1,1000192,1,1
"KERNEL_DISPATCH","Agent 4",2,1,205988,682,22,"void rajaperf::apps::pressurecalc1<256ul>(double*, double*, double, long)",682,104452987710995,104452987724755,0,0,8,0,32,256,1,1,1000192,1,1
"KERNEL_DISPATCH","Agent 4",2,1,205988,683,23,"void rajaperf::apps::pressurecalc2<256ul>(double*, double*, double*, double*, double, double, double, long)",683,104452987724755,104452987754196,0,0,12,4,32,256,1,1,1000192,1,1
"KERNEL_DISPATCH","Agent 4",2,1,205988,684,22,"void rajaperf::apps::pressurecalc1<256ul>(double*, double*, double, long)",684,104452987754196,104452987767316,0,0,8,0,32,256,1,1,1000192,1,1
"KERNEL_DISPATCH","Agent 4",2,1,205988,685,23,"void rajaperf::apps::pressurecalc2<256ul>(double*, double*, double*, double*, double, double, double, long)",685,104452987767316,104452987796276,0,0,12,4,32,256,1,1,1000192,1,1
"KERNEL_DISPATCH","Agent 4",2,1,205988,686,22,"void rajaperf::apps::pressurecalc1<256ul>(double*, double*, double, long)",686,104452987796276,104452987809556,0,0,8,0,32,256,1,1,1000192,1,1
"KERNEL_DISPATCH","Agent 4",2,1,205988,687,23,"void rajaperf::apps::pressurecalc2<256ul>(double*, double*, double*, double*, double, double, double, long)",687,104452987809556,104452987838996,0,0,12,4,32,256,1,1,1000192,1,1
"KERNEL_DISPATCH","Agent 4",2,1,205988,688,22,"void rajaperf::apps::pressurecalc1<256ul>(double*, double*, double, long)",688,104452987838996,104452987852436,0,0,8,0,32,256,1,1,1000192,1,1
"KERNEL_DISPATCH","Agent 4",2,1,205988,689,23,"void rajaperf::apps::pressurecalc2<256ul>(double*, double*, double*, double*, double, double, double, long)",689,104452987852436,104452987881556,0,0,12,4,32,256,1,1,1000192,1,1
"KERNEL_DISPATCH","Agent 4",2,1,205988,690,22,"void rajaperf::apps::pressurecalc1<256ul>(double*, double*, double, long)",690,104452987881556,104452987894996,0,0,8,0,32,256,1,1,1000192,1,1
"KERNEL_DISPATCH","Agent 4",2,1,205988,691,23,"void rajaperf::apps::pressurecalc2<256ul>(double*, double*, double*, double*, double, double, double, long)",691,104452987894996,104452987924437,0,0,12,4,32,256,1,1,1000192,1,1
"KERNEL_DISPATCH","Agent 4",2,1,205988,692,22,"void rajaperf::apps::pressurecalc1<256ul>(double*, double*, double, long)",692,104452987924437,104452987937877,0,0,8,0,32,256,1,1,1000192,1,1
"KERNEL_DISPATCH","Agent 4",2,1,205988,693,23,"void rajaperf::apps::pressurecalc2<256ul>(double*, double*, double*, double*, double, double, double, long)",693,104452987937877,104452987967637,0,0,12,4,32,256,1,1,1000192,1,1
"KERNEL_DISPATCH","Agent 4",2,1,205988,694,22,"void rajaperf::apps::pressurecalc1<256ul>(double*, double*, double, long)",694,104452987967637,104452987981077,0,0,8,0,32,256,1,1,1000192,1,1
"KERNEL_DISPATCH","Agent 4",2,1,205988,695,23,"void rajaperf::apps::pressurecalc2<256ul>(double*, double*, double*, double*, double, double, double, long)",695,104452987981077,104452988010837,0,0,12,4,32,256,1,1,1000192,1,1
"KERNEL_DISPATCH","Agent 4",2,1,205988,696,22,"void rajaperf::apps::pressurecalc1<256ul>(double*, double*, double, long)",696,104452988010837,104452988023957,0,0,8,0,32,256,1,1,1000192,1,1
"KERNEL_DISPATCH","Agent 4",2,1,205988,697,23,"void rajaperf::apps::pressurecalc2<256ul>(double*, double*, double*, double*, double, double, double, long)",697,104452988023957,104452988053237,0,0,12,4,32,256,1,1,1000192,1,1
"KERNEL_DISPATCH","Agent 4",2,1,205988,698,22,"void rajaperf::apps::pressurecalc1<256ul>(double*, double*, double, long)",698,104452988053237,104452988066678,0,0,8,0,32,256,1,1,1000192,1,1
"KERNEL_DISPATCH","Agent 4",2,1,205988,699,23,"void rajaperf::apps::pressurecalc2<256ul>(double*, double*, double*, double*, double, double, double, long)",699,104452988066678,104452988096118,0,0,12,4,32,256,1,1,1000192,1,1
"KERNEL_DISPATCH","Agent 4",2,1,205988,700,22,"void rajaperf::apps::pressurecalc1<256ul>(double*, double*, double, long)",700,104452988096118,104452988109398,0,0,8,0,32,256,1,1,1000192,1,1
"KERNEL_DISPATCH","Agent 4",2,1,205988,701,23,"void rajaperf::apps::pressurecalc2<256ul>(double*, double*, double*, double*, double, double, double, long)",701,104452988109398,104452988138838,0,0,12,4,32,256,1,1,1000192,1,1
"KERNEL_DISPATCH","Agent 4",2,1,205988,702,22,"void rajaperf::apps::pressurecalc1<256ul>(double*, double*, double, long)",702,104452988138838,104452988152278,0,0,8,0,32,256,1,1,1000192,1,1
"KERNEL_DISPATCH","Agent 4",2,1,205988,703,23,"void rajaperf::apps::pressurecalc2<256ul>(double*, double*, double*, double*, double, double, double, long)",703,104452988152278,104452988181718,0,0,12,4,32,256,1,1,1000192,1,1
"KERNEL_DISPATCH","Agent 4",2,1,205988,704,22,"void rajaperf::apps::pressurecalc1<256ul>(double*, double*, double, long)",704,104452988181718,104452988195318,0,0,8,0,32,256,1,1,1000192,1,1
"KERNEL_DISPATCH","Agent 4",2,1,205988,705,23,"void rajaperf::apps::pressurecalc2<256ul>(double*, double*, double*, double*, double, double, double, long)",705,104452988195318,104452988224438,0,0,12,4,32,256,1,1,1000192,1,1
"KERNEL_DISPATCH","Agent 4",2,1,205988,706,22,"void rajaperf::apps::pressurecalc1<256ul>(double*, double*, double, long)",706,104452988224438,104452988238519,0,0,8,0,32,256,1,1,1000192,1,1
"KERNEL_DISPATCH","Agent 4",2,1,205988,707,23,"void rajaperf::apps::pressurecalc2<256ul>(double*, double*, double*, double*, double, double, double, long)",707,104452988238519,104452988267959,0,0,12,4,32,256,1,1,1000192,1,1
"KERNEL_DISPATCH","Agent 4",2,1,205988,708,22,"void rajaperf::apps::pressurecalc1<256ul>(double*, double*, double, long)",708,104452988267959,104452988281399,0,0,8,0,32,256,1,1,1000192,1,1
"KERNEL_DISPATCH","Agent 4",2,1,205988,709,23,"void rajaperf::apps::pressurecalc2<256ul>(double*, double*, double*, double*, double, double, double, long)",709,104452988281399,104452988310999,0,0,12,4,32,256,1,1,1000192,1,1
"KERNEL_DISPATCH","Agent 4",2,1,205988,710,22,"void rajaperf::apps::pressurecalc1<256ul>(double*, double*, double, long)",710,104452988310999,104452988324279,0,0,8,0,32,256,1,1,1000192,1,1
"KERNEL_DISPATCH","Agent 4",2,1,205988,711,23,"void rajaperf::apps::pressurecalc2<256ul>(double*, double*, double*, double*, double, double, double, long)",711,104452988324279,104452988353879,0,0,12,4,32,256,1,1,1000192,1,1
"KERNEL_DISPATCH","Agent 4",2,1,205988,712,22,"void rajaperf::apps::pressurecalc1<256ul>(double*, double*, double, long)",712,104452988353879,104452988367159,0,0,8,0,32,256,1,1,1000192,1,1
"KERNEL_DISPATCH","Agent 4",2,1,205988,713,23,"void rajaperf::apps::pressurecalc2<256ul>(double*, double*, double*, double*, double, double, double, long)",713,104452988367159,104452988396760,0,0,12,4,32,256,1,1,1000192,1,1
"KERNEL_DISPATCH","Agent 4",2,1,205988,714,22,"void rajaperf::apps::pressurecalc1<256ul>(double*, double*, double, long)",714,104452988396760,104452988410040,0,0,8,0,32,256,1,1,1000192,1,1
"KERNEL_DISPATCH","Agent 4",2,1,205988,715,23,"void rajaperf::apps::pressurecalc2<256ul>(double*, double*, double*, double*, double, double, double, long)",715,104452988410040,104452988439800,0,0,12,4,32,256,1,1,1000192,1,1
"KERNEL_DISPATCH","Agent 4",2,1,205988,716,22,"void rajaperf::apps::pressurecalc1<256ul>(double*, double*, double, long)",716,104452988439800,104452988452920,0,0,8,0,32,256,1,1,1000192,1,1
"KERNEL_DISPATCH","Agent 4",2,1,205988,717,23,"void rajaperf::apps::pressurecalc2<256ul>(double*, double*, double*, double*, double, double, double, long)",717,104452988452920,104452988482200,0,0,12,4,32,256,1,1,1000192,1,1
"KERNEL_DISPATCH","Agent 4",2,1,205988,718,22,"void rajaperf::apps::pressurecalc1<256ul>(double*, double*, double, long)",718,104452988482200,104452988495640,0,0,8,0,32,256,1,1,1000192,1,1
"KERNEL_DISPATCH","Agent 4",2,1,205988,719,23,"void rajaperf::apps::pressurecalc2<256ul>(double*, double*, double*, double*, double, double, double, long)",719,104452988495640,104452988525240,0,0,12,4,32,256,1,1,1000192,1,1
"KERNEL_DISPATCH","Agent 4",2,1,205988,720,22,"void rajaperf::apps::pressurecalc1<256ul>(double*, double*, double, long)",720,104452988525240,104452988538520,0,0,8,0,32,256,1,1,1000192,1,1
"KERNEL_DISPATCH","Agent 4",2,1,205988,721,23,"void rajaperf::apps::pressurecalc2<256ul>(double*, double*, double*, double*, double, double, double, long)",721,104452988538520,104452988568441,0,0,12,4,32,256,1,1,1000192,1,1
"KERNEL_DISPATCH","Agent 4",2,1,205988,722,22,"void rajaperf::apps::pressurecalc1<256ul>(double*, double*, double, long)",722,104452988568441,104452988582041,0,0,8,0,32,256,1,1,1000192,1,1
"KERNEL_DISPATCH","Agent 4",2,1,205988,723,23,"void rajaperf::apps::pressurecalc2<256ul>(double*, double*, double*, double*, double, double, double, long)",723,104452988582041,104452988612121,0,0,12,4,32,256,1,1,1000192,1,1
"KERNEL_DISPATCH","Agent 4",2,1,205988,724,22,"void rajaperf::apps::pressurecalc1<256ul>(double*, double*, double, long)",724,104452988612121,104452988625401,0,0,8,0,32,256,1,1,1000192,1,1
"KERNEL_DISPATCH","Agent 4",2,1,205988,725,23,"void rajaperf::apps::pressurecalc2<256ul>(double*, double*, double*, double*, double, double, double, long)",725,104452988625401,104452988655001,0,0,12,4,32,256,1,1,1000192,1,1
"KERNEL_DISPATCH","Agent 4",2,1,205988,726,22,"void rajaperf::apps::pressurecalc1<256ul>(double*, double*, double, long)",726,104452988655001,104452988668281,0,0,8,0,32,256,1,1,1000192,1,1
"KERNEL_DISPATCH","Agent 4",2,1,205988,727,23,"void rajaperf::apps::pressurecalc2<256ul>(double*, double*, double*, double*, double, double, double, long)",727,104452988668281,104452988697561,0,0,12,4,32,256,1,1,1000192,1,1
"KERNEL_DISPATCH","Agent 4",2,1,205988,728,22,"void rajaperf::apps::pressurecalc1<256ul>(double*, double*, double, long)",728,104452988697561,104452988711001,0,0,8,0,32,256,1,1,1000192,1,1
"KERNEL_DISPATCH","Agent 4",2,1,205988,729,23,"void rajaperf::apps::pressurecalc2<256ul>(double*, double*, double*, double*, double, double, double, long)",729,104452988711001,104452988740602,0,0,12,4,32,256,1,1,1000192,1,1
"KERNEL_DISPATCH","Agent 4",2,1,205988,730,22,"void rajaperf::apps::pressurecalc1<256ul>(double*, double*, double, long)",730,104452988740602,104452988754202,0,0,8,0,32,256,1,1,1000192,1,1
"KERNEL_DISPATCH","Agent 4",2,1,205988,731,23,"void rajaperf::apps::pressurecalc2<256ul>(double*, double*, double*, double*, double, double, double, long)",731,104452988754202,104452988783482,0,0,12,4,32,256,1,1,1000192,1,1
"KERNEL_DISPATCH","Agent 4",2,1,205988,732,22,"void rajaperf::apps::pressurecalc1<256ul>(double*, double*, double, long)",732,104452988783482,104452988797242,0,0,8,0,32,256,1,1,1000192,1,1
"KERNEL_DISPATCH","Agent 4",2,1,205988,733,23,"void rajaperf::apps::pressurecalc2<256ul>(double*, double*, double*, double*, double, double, double, long)",733,104452988797242,104452988827162,0,0,12,4,32,256,1,1,1000192,1,1
"KERNEL_DISPATCH","Agent 4",2,1,205988,734,22,"void rajaperf::apps::pressurecalc1<256ul>(double*, double*, double, long)",734,104452988827162,104452988840762,0,0,8,0,32,256,1,1,1000192,1,1
"KERNEL_DISPATCH","Agent 4",2,1,205988,735,23,"void rajaperf::apps::pressurecalc2<256ul>(double*, double*, double*, double*, double, double, double, long)",735,104452988840762,104452988870202,0,0,12,4,32,256,1,1,1000192,1,1
"KERNEL_DISPATCH","Agent 4",2,1,205988,736,22,"void rajaperf::apps::pressurecalc1<256ul>(double*, double*, double, long)",736,104452988870202,104452988883643,0,0,8,0,32,256,1,1,1000192,1,1
"KERNEL_DISPATCH","Agent 4",2,1,205988,737,23,"void rajaperf::apps::pressurecalc2<256ul>(double*, double*, double*, double*, double, double, double, long)",737,104452988883643,104452988913243,0,0,12,4,32,256,1,1,1000192,1,1
"KERNEL_DISPATCH","Agent 4",2,1,205988,738,22,"void rajaperf::apps::pressurecalc1<256ul>(double*, double*, double, long)",738,104452988913243,104452988927483,0,0,8,0,32,256,1,1,1000192,1,1
"KERNEL_DISPATCH","Agent 4",2,1,205988,739,23,"void rajaperf::apps::pressurecalc2<256ul>(double*, double*, double*, double*, double, double, double, long)",739,104452988927483,104452988957083,0,0,12,4,32,256,1,1,1000192,1,1
"KERNEL_DISPATCH","Agent 4",2,1,205988,740,22,"void rajaperf::apps::pressurecalc1<256ul>(double*, double*, double, long)",740,104452988957083,104452988970683,0,0,8,0,32,256,1,1,1000192,1,1
"KERNEL_DISPATCH","Agent 4",2,1,205988,741,23,"void rajaperf::apps::pressurecalc2<256ul>(double*, double*, double*, double*, double, double, double, long)",741,104452988970683,104452989000603,0,0,12,4,32,256,1,1,1000192,1,1
"KERNEL_DISPATCH","Agent 4",2,1,205988,742,22,"void rajaperf::apps::pressurecalc1<256ul>(double*, double*, double, long)",742,104452989000603,104452989014203,0,0,8,0,32,256,1,1,1000192,1,1
"KERNEL_DISPATCH","Agent 4",2,1,205988,743,23,"void rajaperf::apps::pressurecalc2<256ul>(double*, double*, double*, double*, double, double, double, long)",743,104452989014203,104452989043964,0,0,12,4,32,256,1,1,1000192,1,1
"KERNEL_DISPATCH","Agent 4",2,1,205988,744,22,"void rajaperf::apps::pressurecalc1<256ul>(double*, double*, double, long)",744,104452989043964,104452989057244,0,0,8,0,32,256,1,1,1000192,1,1
"KERNEL_DISPATCH","Agent 4",2,1,205988,745,23,"void rajaperf::apps::pressurecalc2<256ul>(double*, double*, double*, double*, double, double, double, long)",745,104452989057244,104452989086684,0,0,12,4,32,256,1,1,1000192,1,1
"KERNEL_DISPATCH","Agent 4",2,1,205988,746,22,"void rajaperf::apps::pressurecalc1<256ul>(double*, double*, double, long)",746,104452989086684,104452989100124,0,0,8,0,32,256,1,1,1000192,1,1
"KERNEL_DISPATCH","Agent 4",2,1,205988,747,23,"void rajaperf::apps::pressurecalc2<256ul>(double*, double*, double*, double*, double, double, double, long)",747,104452989100124,104452989129884,0,0,12,4,32,256,1,1,1000192,1,1
"KERNEL_DISPATCH","Agent 4",2,1,205988,748,22,"void rajaperf::apps::pressurecalc1<256ul>(double*, double*, double, long)",748,104452989129884,104452989143324,0,0,8,0,32,256,1,1,1000192,1,1
"KERNEL_DISPATCH","Agent 4",2,1,205988,749,23,"void rajaperf::apps::pressurecalc2<256ul>(double*, double*, double*, double*, double, double, double, long)",749,104452989143324,104452989172764,0,0,12,4,32,256,1,1,1000192,1,1
"KERNEL_DISPATCH","Agent 4",2,1,205988,750,22,"void rajaperf::apps::pressurecalc1<256ul>(double*, double*, double, long)",750,104452989172764,104452989186044,0,0,8,0,32,256,1,1,1000192,1,1
"KERNEL_DISPATCH","Agent 4",2,1,205988,751,23,"void rajaperf::apps::pressurecalc2<256ul>(double*, double*, double*, double*, double, double, double, long)",751,104452989186044,104452989215485,0,0,12,4,32,256,1,1,1000192,1,1
"KERNEL_DISPATCH","Agent 4",2,1,205988,752,22,"void rajaperf::apps::pressurecalc1<256ul>(double*, double*, double, long)",752,104452989215485,104452989229085,0,0,8,0,32,256,1,1,1000192,1,1
"KERNEL_DISPATCH","Agent 4",2,1,205988,753,23,"void rajaperf::apps::pressurecalc2<256ul>(double*, double*, double*, double*, double, double, double, long)",753,104452989229085,104452989258845,0,0,12,4,32,256,1,1,1000192,1,1
"KERNEL_DISPATCH","Agent 4",2,1,205988,754,22,"void rajaperf::apps::pressurecalc1<256ul>(double*, double*, double, long)",754,104452989258845,104452989272285,0,0,8,0,32,256,1,1,1000192,1,1
"KERNEL_DISPATCH","Agent 4",2,1,205988,755,23,"void rajaperf::apps::pressurecalc2<256ul>(double*, double*, double*, double*, double, double, double, long)",755,104452989272285,104452989302205,0,0,12,4,32,256,1,1,1000192,1,1
"KERNEL_DISPATCH","Agent 4",2,1,205988,756,22,"void rajaperf::apps::pressurecalc1<256ul>(double*, double*, double, long)",756,104452989302205,104452989315805,0,0,8,0,32,256,1,1,1000192,1,1
"KERNEL_DISPATCH","Agent 4",2,1,205988,757,23,"void rajaperf::apps::pressurecalc2<256ul>(double*, double*, double*, double*, double, double, double, long)",757,104452989315805,104452989345725,0,0,12,4,32,256,1,1,1000192,1,1
"KERNEL_DISPATCH","Agent 4",2,1,205988,758,22,"void rajaperf::apps::pressurecalc1<256ul>(double*, double*, double, long)",758,104452989345725,104452989359005,0,0,8,0,32,256,1,1,1000192,1,1
"KERNEL_DISPATCH","Agent 4",2,1,205988,759,23,"void rajaperf::apps::pressurecalc2<256ul>(double*, double*, double*, double*, double, double, double, long)",759,104452989359005,104452989388606,0,0,12,4,32,256,1,1,1000192,1,1
"KERNEL_DISPATCH","Agent 4",2,1,205988,760,22,"void rajaperf::apps::pressurecalc1<256ul>(double*, double*, double, long)",760,104452989388606,104452989402046,0,0,8,0,32,256,1,1,1000192,1,1
"KERNEL_DISPATCH","Agent 4",2,1,205988,761,23,"void rajaperf::apps::pressurecalc2<256ul>(double*, double*, double*, double*, double, double, double, long)",761,104452989402046,104452989431326,0,0,12,4,32,256,1,1,1000192,1,1
"KERNEL_DISPATCH","Agent 4",2,1,205988,762,22,"void rajaperf::apps::pressurecalc1<256ul>(double*, double*, double, long)",762,104452989431326,104452989444606,0,0,8,0,32,256,1,1,1000192,1,1
"KERNEL_DISPATCH","Agent 4",2,1,205988,763,23,"void rajaperf::apps::pressurecalc2<256ul>(double*, double*, double*, double*, double, double, double, long)",763,104452989444606,104452989474366,0,0,12,4,32,256,1,1,1000192,1,1
"KERNEL_DISPATCH","Agent 4",2,1,205988,764,22,"void rajaperf::apps::pressurecalc1<256ul>(double*, double*, double, long)",764,104452989474366,104452989487806,0,0,8,0,32,256,1,1,1000192,1,1
"KERNEL_DISPATCH","Agent 4",2,1,205988,765,23,"void rajaperf::apps::pressurecalc2<256ul>(double*, double*, double*, double*, double, double, double, long)",765,104452989487806,104452989517246,0,0,12,4,32,256,1,1,1000192,1,1
"KERNEL_DISPATCH","Agent 4",2,1,205988,766,22,"void rajaperf::apps::pressurecalc1<256ul>(double*, double*, double, long)",766,104452989517246,104452989531007,0,0,8,0,32,256,1,1,1000192,1,1
"KERNEL_DISPATCH","Agent 4",2,1,205988,767,23,"void rajaperf::apps::pressurecalc2<256ul>(double*, double*, double*, double*, double, double, double, long)",767,104452989531007,104452989560607,0,0,12,4,32,256,1,1,1000192,1,1
"KERNEL_DISPATCH","Agent 4",2,1,205988,768,22,"void rajaperf::apps::pressurecalc1<256ul>(double*, double*, double, long)",768,104452989560607,104452989574207,0,0,8,0,32,256,1,1,1000192,1,1
"KERNEL_DISPATCH","Agent 4",2,1,205988,769,23,"void rajaperf::apps::pressurecalc2<256ul>(double*, double*, double*, double*, double, double, double, long)",769,104452989574207,104452989603647,0,0,12,4,32,256,1,1,1000192,1,1
"KERNEL_DISPATCH","Agent 4",2,1,205988,770,22,"void rajaperf::apps::pressurecalc1<256ul>(double*, double*, double, long)",770,104452989603647,104452989619007,0,0,8,0,32,256,1,1,1000192,1,1
"KERNEL_DISPATCH","Agent 4",2,1,205988,771,23,"void rajaperf::apps::pressurecalc2<256ul>(double*, double*, double*, double*, double, double, double, long)",771,104452989619007,104452989648607,0,0,12,4,32,256,1,1,1000192,1,1
"KERNEL_DISPATCH","Agent 4",2,1,205988,772,22,"void rajaperf::apps::pressurecalc1<256ul>(double*, double*, double, long)",772,104452989648607,104452989662207,0,0,8,0,32,256,1,1,1000192,1,1
"KERNEL_DISPATCH","Agent 4",2,1,205988,773,23,"void rajaperf::apps::pressurecalc2<256ul>(double*, double*, double*, double*, double, double, double, long)",773,104452989662207,104452989691647,0,0,12,4,32,256,1,1,1000192,1,1
"KERNEL_DISPATCH","Agent 4",2,1,205988,774,22,"void rajaperf::apps::pressurecalc1<256ul>(double*, double*, double, long)",774,104452989691647,104452989705248,0,0,8,0,32,256,1,1,1000192,1,1
"KERNEL_DISPATCH","Agent 4",2,1,205988,775,23,"void rajaperf::apps::pressurecalc2<256ul>(double*, double*, double*, double*, double, double, double, long)",775,104452989705248,104452989735168,0,0,12,4,32,256,1,1,1000192,1,1
"KERNEL_DISPATCH","Agent 4",2,1,205988,776,22,"void rajaperf::apps::pressurecalc1<256ul>(double*, double*, double, long)",776,104452989735168,104452989748448,0,0,8,0,32,256,1,1,1000192,1,1
"KERNEL_DISPATCH","Agent 4",2,1,205988,777,23,"void rajaperf::apps::pressurecalc2<256ul>(double*, double*, double*, double*, double, double, double, long)",777,104452989748448,104452989778208,0,0,12,4,32,256,1,1,1000192,1,1
"KERNEL_DISPATCH","Agent 4",2,1,205988,778,22,"void rajaperf::apps::pressurecalc1<256ul>(double*, double*, double, long)",778,104452989778208,104452989791808,0,0,8,0,32,256,1,1,1000192,1,1
"KERNEL_DISPATCH","Agent 4",2,1,205988,779,23,"void rajaperf::apps::pressurecalc2<256ul>(double*, double*, double*, double*, double, double, double, long)",779,104452989791808,104452989821568,0,0,12,4,32,256,1,1,1000192,1,1
"KERNEL_DISPATCH","Agent 4",2,1,205988,780,22,"void rajaperf::apps::pressurecalc1<256ul>(double*, double*, double, long)",780,104452989821568,104452989835008,0,0,8,0,32,256,1,1,1000192,1,1
"KERNEL_DISPATCH","Agent 4",2,1,205988,781,23,"void rajaperf::apps::pressurecalc2<256ul>(double*, double*, double*, double*, double, double, double, long)",781,104452989835008,104452989864609,0,0,12,4,32,256,1,1,1000192,1,1
"KERNEL_DISPATCH","Agent 4",2,1,205988,782,22,"void rajaperf::apps::pressurecalc1<256ul>(double*, double*, double, long)",782,104452989864609,104452989877729,0,0,8,0,32,256,1,1,1000192,1,1
"KERNEL_DISPATCH","Agent 4",2,1,205988,783,23,"void rajaperf::apps::pressurecalc2<256ul>(double*, double*, double*, double*, double, double, double, long)",783,104452989877729,104452989907649,0,0,12,4,32,256,1,1,1000192,1,1
"KERNEL_DISPATCH","Agent 4",2,1,205988,784,22,"void rajaperf::apps::pressurecalc1<256ul>(double*, double*, double, long)",784,104452989907649,104452989921249,0,0,8,0,32,256,1,1,1000192,1,1
"KERNEL_DISPATCH","Agent 4",2,1,205988,785,23,"void rajaperf::apps::pressurecalc2<256ul>(double*, double*, double*, double*, double, double, double, long)",785,104452989921249,104452989951649,0,0,12,4,32,256,1,1,1000192,1,1
"KERNEL_DISPATCH","Agent 4",2,1,205988,786,22,"void rajaperf::apps::pressurecalc1<256ul>(double*, double*, double, long)",786,104452989951649,104452989965249,0,0,8,0,32,256,1,1,1000192,1,1
"KERNEL_DISPATCH","Agent 4",2,1,205988,787,23,"void rajaperf::apps::pressurecalc2<256ul>(double*, double*, double*, double*, double, double, double, long)",787,104452989965249,104452989995169,0,0,12,4,32,256,1,1,1000192,1,1
"KERNEL_DISPATCH","Agent 4",2,1,205988,788,22,"void rajaperf::apps::pressurecalc1<256ul>(double*, double*, double, long)",788,104452989995169,104452990008609,0,0,8,0,32,256,1,1,1000192,1,1
"KERNEL_DISPATCH","Agent 4",2,1,205988,789,23,"void rajaperf::apps::pressurecalc2<256ul>(double*, double*, double*, double*, double, double, double, long)",789,104452990008609,104452990038050,0,0,12,4,32,256,1,1,1000192,1,1
"KERNEL_DISPATCH","Agent 4",2,1,205988,790,22,"void rajaperf::apps::pressurecalc1<256ul>(double*, double*, double, long)",790,104452990038050,104452990051650,0,0,8,0,32,256,1,1,1000192,1,1
"KERNEL_DISPATCH","Agent 4",2,1,205988,791,23,"void rajaperf::apps::pressurecalc2<256ul>(double*, double*, double*, double*, double, double, double, long)",791,104452990051650,104452990081250,0,0,12,4,32,256,1,1,1000192,1,1
"KERNEL_DISPATCH","Agent 4",2,1,205988,792,22,"void rajaperf::apps::pressurecalc1<256ul>(double*, double*, double, long)",792,104452990081250,104452990094690,0,0,8,0,32,256,1,1,1000192,1,1
"KERNEL_DISPATCH","Agent 4",2,1,205988,793,23,"void rajaperf::apps::pressurecalc2<256ul>(double*, double*, double*, double*, double, double, double, long)",793,104452990094690,104452990124610,0,0,12,4,32,256,1,1,1000192,1,1
"KERNEL_DISPATCH","Agent 4",2,1,205988,794,22,"void rajaperf::apps::pressurecalc1<256ul>(double*, double*, double, long)",794,104452990124610,104452990138050,0,0,8,0,32,256,1,1,1000192,1,1
"KERNEL_DISPATCH","Agent 4",2,1,205988,795,23,"void rajaperf::apps::pressurecalc2<256ul>(double*, double*, double*, double*, double, double, double, long)",795,104452990138050,104452990167810,0,0,12,4,32,256,1,1,1000192,1,1
"KERNEL_DISPATCH","Agent 4",2,1,205988,796,22,"void rajaperf::apps::pressurecalc1<256ul>(double*, double*, double, long)",796,104452990167810,104452990181091,0,0,8,0,32,256,1,1,1000192,1,1
"KERNEL_DISPATCH","Agent 4",2,1,205988,797,23,"void rajaperf::apps::pressurecalc2<256ul>(double*, double*, double*, double*, double, double, double, long)",797,104452990181091,104452990211011,0,0,12,4,32,256,1,1,1000192,1,1
"KERNEL_DISPATCH","Agent 4",2,1,205988,798,22,"void rajaperf::apps::pressurecalc1<256ul>(double*, double*, double, long)",798,104452990211011,104452990224291,0,0,8,0,32,256,1,1,1000192,1,1
"KERNEL_DISPATCH","Agent 4",2,1,205988,799,23,"void rajaperf::apps::pressurecalc2<256ul>(double*, double*, double*, double*, double, double, double, long)",799,104452990224291,104452990254211,0,0,12,4,32,256,1,1,1000192,1,1
"KERNEL_DISPATCH","Agent 4",2,1,205988,800,22,"void rajaperf::apps::pressurecalc1<256ul>(double*, double*, double, long)",800,104452990254211,104452990267651,0,0,8,0,32,256,1,1,1000192,1,1
"KERNEL_DISPATCH","Agent 4",2,1,205988,801,23,"void rajaperf::apps::pressurecalc2<256ul>(double*, double*, double*, double*, double, double, double, long)",801,104452990267651,104452990297571,0,0,12,4,32,256,1,1,1000192,1,1
"KERNEL_DISPATCH","Agent 4",2,1,205988,802,22,"void rajaperf::apps::pressurecalc1<256ul>(double*, double*, double, long)",802,104452990297571,104452990312131,0,0,8,0,32,256,1,1,1000192,1,1
"KERNEL_DISPATCH","Agent 4",2,1,205988,803,23,"void rajaperf::apps::pressurecalc2<256ul>(double*, double*, double*, double*, double, double, double, long)",803,104452990312131,104452990341891,0,0,12,4,32,256,1,1,1000192,1,1
"KERNEL_DISPATCH","Agent 4",2,1,205988,804,22,"void rajaperf::apps::pressurecalc1<256ul>(double*, double*, double, long)",804,104452990341891,104452990355332,0,0,8,0,32,256,1,1,1000192,1,1
"KERNEL_DISPATCH","Agent 4",2,1,205988,805,23,"void rajaperf::apps::pressurecalc2<256ul>(double*, double*, double*, double*, double, double, double, long)",805,104452990355332,104452990384772,0,0,12,4,32,256,1,1,1000192,1,1
"KERNEL_DISPATCH","Agent 4",2,1,205988,806,22,"void rajaperf::apps::pressurecalc1<256ul>(double*, double*, double, long)",806,104452990384772,104452990398052,0,0,8,0,32,256,1,1,1000192,1,1
"KERNEL_DISPATCH","Agent 4",2,1,205988,807,23,"void rajaperf::apps::pressurecalc2<256ul>(double*, double*, double*, double*, double, double, double, long)",807,104452990398052,104452990427652,0,0,12,4,32,256,1,1,1000192,1,1
"KERNEL_DISPATCH","Agent 4",2,1,205988,808,22,"void rajaperf::apps::pressurecalc1<256ul>(double*, double*, double, long)",808,104452990427652,104452990441092,0,0,8,0,32,256,1,1,1000192,1,1
"KERNEL_DISPATCH","Agent 4",2,1,205988,809,23,"void rajaperf::apps::pressurecalc2<256ul>(double*, double*, double*, double*, double, double, double, long)",809,104452990441092,104452990471012,0,0,12,4,32,256,1,1,1000192,1,1
"KERNEL_DISPATCH","Agent 4",2,1,205988,810,22,"void rajaperf::apps::pressurecalc1<256ul>(double*, double*, double, long)",810,104452990471012,104452990484452,0,0,8,0,32,256,1,1,1000192,1,1
"KERNEL_DISPATCH","Agent 4",2,1,205988,811,23,"void rajaperf::apps::pressurecalc2<256ul>(double*, double*, double*, double*, double, double, double, long)",811,104452990484452,104452990513733,0,0,12,4,32,256,1,1,1000192,1,1
"KERNEL_DISPATCH","Agent 4",2,1,205988,812,22,"void rajaperf::apps::pressurecalc1<256ul>(double*, double*, double, long)",812,104452990513733,104452990527173,0,0,8,0,32,256,1,1,1000192,1,1
"KERNEL_DISPATCH","Agent 4",2,1,205988,813,23,"void rajaperf::apps::pressurecalc2<256ul>(double*, double*, double*, double*, double, double, double, long)",813,104452990527173,104452990556773,0,0,12,4,32,256,1,1,1000192,1,1
"KERNEL_DISPATCH","Agent 4",2,1,205988,814,22,"void rajaperf::apps::pressurecalc1<256ul>(double*, double*, double, long)",814,104452990556773,104452990570213,0,0,8,0,32,256,1,1,1000192,1,1
"KERNEL_DISPATCH","Agent 4",2,1,205988,815,23,"void rajaperf::apps::pressurecalc2<256ul>(double*, double*, double*, double*, double, double, double, long)",815,104452990570213,104452990600133,0,0,12,4,32,256,1,1,1000192,1,1
"KERNEL_DISPATCH","Agent 4",2,1,205988,816,22,"void rajaperf::apps::pressurecalc1<256ul>(double*, double*, double, long)",816,104452990600133,104452990613733,0,0,8,0,32,256,1,1,1000192,1,1
"KERNEL_DISPATCH","Agent 4",2,1,205988,817,23,"void rajaperf::apps::pressurecalc2<256ul>(double*, double*, double*, double*, double, double, double, long)",817,104452990613733,104452990643013,0,0,12,4,32,256,1,1,1000192,1,1
"KERNEL_DISPATCH","Agent 4",2,1,205988,818,22,"void rajaperf::apps::pressurecalc1<256ul>(double*, double*, double, long)",818,104452990643013,104452990656613,0,0,8,0,32,256,1,1,1000192,1,1
"KERNEL_DISPATCH","Agent 4",2,1,205988,819,23,"void rajaperf::apps::pressurecalc2<256ul>(double*, double*, double*, double*, double, double, double, long)",819,104452990656613,104452990686054,0,0,12,4,32,256,1,1,1000192,1,1
"KERNEL_DISPATCH","Agent 4",2,1,205988,820,22,"void rajaperf::apps::pressurecalc1<256ul>(double*, double*, double, long)",820,104452990686054,104452990699494,0,0,8,0,32,256,1,1,1000192,1,1
"KERNEL_DISPATCH","Agent 4",2,1,205988,821,23,"void rajaperf::apps::pressurecalc2<256ul>(double*, double*, double*, double*, double, double, double, long)",821,104452990699494,104452990729254,0,0,12,4,32,256,1,1,1000192,1,1
"KERNEL_DISPATCH","Agent 4",2,1,205988,822,22,"void rajaperf::apps::pressurecalc1<256ul>(double*, double*, double, long)",822,104452990729254,104452990742534,0,0,8,0,32,256,1,1,1000192,1,1
"KERNEL_DISPATCH","Agent 4",2,1,205988,823,23,"void rajaperf::apps::pressurecalc2<256ul>(double*, double*, double*, double*, double, double, double, long)",823,104452990742534,104452990771974,0,0,12,4,32,256,1,1,1000192,1,1
"KERNEL_DISPATCH","Agent 4",2,1,205988,824,22,"void rajaperf::apps::pressurecalc1<256ul>(double*, double*, double, long)",824,104452990771974,104452990785254,0,0,8,0,32,256,1,1,1000192,1,1
"KERNEL_DISPATCH","Agent 4",2,1,205988,825,23,"void rajaperf::apps::pressurecalc2<256ul>(double*, double*, double*, double*, double, double, double, long)",825,104452990785254,104452990814694,0,0,12,4,32,256,1,1,1000192,1,1
"KERNEL_DISPATCH","Agent 4",2,1,205988,826,22,"void rajaperf::apps::pressurecalc1<256ul>(double*, double*, double, long)",826,104452990814694,104452990827814,0,0,8,0,32,256,1,1,1000192,1,1
"KERNEL_DISPATCH","Agent 4",2,1,205988,827,23,"void rajaperf::apps::pressurecalc2<256ul>(double*, double*, double*, double*, double, double, double, long)",827,104452990827814,104452990857735,0,0,12,4,32,256,1,1,1000192,1,1
"KERNEL_DISPATCH","Agent 4",2,1,205988,828,22,"void rajaperf::apps::pressurecalc1<256ul>(double*, double*, double, long)",828,104452990857735,104452990871335,0,0,8,0,32,256,1,1,1000192,1,1
"KERNEL_DISPATCH","Agent 4",2,1,205988,829,23,"void rajaperf::apps::pressurecalc2<256ul>(double*, double*, double*, double*, double, double, double, long)",829,104452990871335,104452990900775,0,0,12,4,32,256,1,1,1000192,1,1
"KERNEL_DISPATCH","Agent 4",2,1,205988,830,22,"void rajaperf::apps::pressurecalc1<256ul>(double*, double*, double, long)",830,104452990900775,104452990914055,0,0,8,0,32,256,1,1,1000192,1,1
"KERNEL_DISPATCH","Agent 4",2,1,205988,831,23,"void rajaperf::apps::pressurecalc2<256ul>(double*, double*, double*, double*, double, double, double, long)",831,104452990914055,104452990943655,0,0,12,4,32,256,1,1,1000192,1,1
"KERNEL_DISPATCH","Agent 4",2,1,205988,832,22,"void rajaperf::apps::pressurecalc1<256ul>(double*, double*, double, long)",832,104452990943655,104452990956775,0,0,8,0,32,256,1,1,1000192,1,1
"KERNEL_DISPATCH","Agent 4",2,1,205988,833,23,"void rajaperf::apps::pressurecalc2<256ul>(double*, double*, double*, double*, double, double, double, long)",833,104452990956775,104452990986375,0,0,12,4,32,256,1,1,1000192,1,1
"KERNEL_DISPATCH","Agent 4",2,1,205988,834,22,"void rajaperf::apps::pressurecalc1<256ul>(double*, double*, double, long)",834,104452990986375,104452991000296,0,0,8,0,32,256,1,1,1000192,1,1
"KERNEL_DISPATCH","Agent 4",2,1,205988,835,23,"void rajaperf::apps::pressurecalc2<256ul>(double*, double*, double*, double*, double, double, double, long)",835,104452991000296,104452991029736,0,0,12,4,32,256,1,1,1000192,1,1
"KERNEL_DISPATCH","Agent 4",2,1,205988,836,22,"void rajaperf::apps::pressurecalc1<256ul>(double*, double*, double, long)",836,104452991029736,104452991043336,0,0,8,0,32,256,1,1,1000192,1,1
"KERNEL_DISPATCH","Agent 4",2,1,205988,837,23,"void rajaperf::apps::pressurecalc2<256ul>(double*, double*, double*, double*, double, double, double, long)",837,104452991043336,104452991072776,0,0,12,4,32,256,1,1,1000192,1,1
"KERNEL_DISPATCH","Agent 4",2,1,205988,838,22,"void rajaperf::apps::pressurecalc1<256ul>(double*, double*, double, long)",838,104452991072776,104452991086216,0,0,8,0,32,256,1,1,1000192,1,1
"KERNEL_DISPATCH","Agent 4",2,1,205988,839,23,"void rajaperf::apps::pressurecalc2<256ul>(double*, double*, double*, double*, double, double, double, long)",839,104452991086216,104452991115176,0,0,12,4,32,256,1,1,1000192,1,1
"KERNEL_DISPATCH","Agent 4",2,1,205988,840,22,"void rajaperf::apps::pressurecalc1<256ul>(double*, double*, double, long)",840,104452991115176,104452991128456,0,0,8,0,32,256,1,1,1000192,1,1
"KERNEL_DISPATCH","Agent 4",2,1,205988,841,23,"void rajaperf::apps::pressurecalc2<256ul>(double*, double*, double*, double*, double, double, double, long)",841,104452991128456,104452991158217,0,0,12,4,32,256,1,1,1000192,1,1
"KERNEL_DISPATCH","Agent 4",2,1,205988,842,22,"void rajaperf::apps::pressurecalc1<256ul>(double*, double*, double, long)",842,104452991158217,104452991171657,0,0,8,0,32,256,1,1,1000192,1,1
"KERNEL_DISPATCH","Agent 4",2,1,205988,843,23,"void rajaperf::apps::pressurecalc2<256ul>(double*, double*, double*, double*, double, double, double, long)",843,104452991171657,104452991201737,0,0,12,4,32,256,1,1,1000192,1,1
"KERNEL_DISPATCH","Agent 4",2,1,205988,844,22,"void rajaperf::apps::pressurecalc1<256ul>(double*, double*, double, long)",844,104452991201737,104452991215337,0,0,8,0,32,256,1,1,1000192,1,1
"KERNEL_DISPATCH","Agent 4",2,1,205988,845,23,"void rajaperf::apps::pressurecalc2<256ul>(double*, double*, double*, double*, double, double, double, long)",845,104452991215337,104452991245577,0,0,12,4,32,256,1,1,1000192,1,1
"KERNEL_DISPATCH","Agent 4",2,1,205988,846,22,"void rajaperf::apps::pressurecalc1<256ul>(double*, double*, double, long)",846,104452991245577,104452991259177,0,0,8,0,32,256,1,1,1000192,1,1
"KERNEL_DISPATCH","Agent 4",2,1,205988,847,23,"void rajaperf::apps::pressurecalc2<256ul>(double*, double*, double*, double*, double, double, double, long)",847,104452991259177,104452991288777,0,0,12,4,32,256,1,1,1000192,1,1
"KERNEL_DISPATCH","Agent 4",2,1,205988,848,22,"void rajaperf::apps::pressurecalc1<256ul>(double*, double*, double, long)",848,104452991288777,104452991302057,0,0,8,0,32,256,1,1,1000192,1,1
"KERNEL_DISPATCH","Agent 4",2,1,205988,849,23,"void rajaperf::apps::pressurecalc2<256ul>(double*, double*, double*, double*, double, double, double, long)",849,104452991302057,104452991332138,0,0,12,4,32,256,1,1,1000192,1,1
"KERNEL_DISPATCH","Agent 4",2,1,205988,850,22,"void rajaperf::apps::pressurecalc1<256ul>(double*, double*, double, long)",850,104452991332138,104452991345578,0,0,8,0,32,256,1,1,1000192,1,1
"KERNEL_DISPATCH","Agent 4",2,1,205988,851,23,"void rajaperf::apps::pressurecalc2<256ul>(double*, double*, double*, double*, double, double, double, long)",851,104452991345578,104452991375498,0,0,12,4,32,256,1,1,1000192,1,1
"KERNEL_DISPATCH","Agent 4",2,1,205988,852,22,"void rajaperf::apps::pressurecalc1<256ul>(double*, double*, double, long)",852,104452991375498,104452991388938,0,0,8,0,32,256,1,1,1000192,1,1
"KERNEL_DISPATCH","Agent 4",2,1,205988,853,23,"void rajaperf::apps::pressurecalc2<256ul>(double*, double*, double*, double*, double, double, double, long)",853,104452991388938,104452991418698,0,0,12,4,32,256,1,1,1000192,1,1
"KERNEL_DISPATCH","Agent 4",2,1,205988,854,22,"void rajaperf::apps::pressurecalc1<256ul>(double*, double*, double, long)",854,104452991418698,104452991432138,0,0,8,0,32,256,1,1,1000192,1,1
"KERNEL_DISPATCH","Agent 4",2,1,205988,855,23,"void rajaperf::apps::pressurecalc2<256ul>(double*, double*, double*, double*, double, double, double, long)",855,104452991432138,104452991462058,0,0,12,4,32,256,1,1,1000192,1,1
"KERNEL_DISPATCH","Agent 4",2,1,205988,856,22,"void rajaperf::apps::pressurecalc1<256ul>(double*, double*, double, long)",856,104452991462058,104452991475658,0,0,8,0,32,256,1,1,1000192,1,1
"KERNEL_DISPATCH","Agent 4",2,1,205988,857,23,"void rajaperf::apps::pressurecalc2<256ul>(double*, double*, double*, double*, double, double, double, long)",857,104452991475658,104452991504939,0,0,12,4,32,256,1,1,1000192,1,1
"KERNEL_DISPATCH","Agent 4",2,1,205988,858,22,"void rajaperf::apps::pressurecalc1<256ul>(double*, double*, double, long)",858,104452991504939,104452991518539,0,0,8,0,32,256,1,1,1000192,1,1
"KERNEL_DISPATCH","Agent 4",2,1,205988,859,23,"void rajaperf::apps::pressurecalc2<256ul>(double*, double*, double*, double*, double, double, double, long)",859,104452991518539,104452991547819,0,0,12,4,32,256,1,1,1000192,1,1
"KERNEL_DISPATCH","Agent 4",2,1,205988,860,22,"void rajaperf::apps::pressurecalc1<256ul>(double*, double*, double, long)",860,104452991547819,104452991561579,0,0,8,0,32,256,1,1,1000192,1,1
"KERNEL_DISPATCH","Agent 4",2,1,205988,861,23,"void rajaperf::apps::pressurecalc2<256ul>(double*, double*, double*, double*, double, double, double, long)",861,104452991561579,104452991591659,0,0,12,4,32,256,1,1,1000192,1,1
"KERNEL_DISPATCH","Agent 4",2,1,205988,862,22,"void rajaperf::apps::pressurecalc1<256ul>(double*, double*, double, long)",862,104452991591659,104452991604939,0,0,8,0,32,256,1,1,1000192,1,1
"KERNEL_DISPATCH","Agent 4",2,1,205988,863,23,"void rajaperf::apps::pressurecalc2<256ul>(double*, double*, double*, double*, double, double, double, long)",863,104452991604939,104452991634859,0,0,12,4,32,256,1,1,1000192,1,1
"KERNEL_DISPATCH","Agent 4",2,1,205988,864,22,"void rajaperf::apps::pressurecalc1<256ul>(double*, double*, double, long)",864,104452991634859,104452991648140,0,0,8,0,32,256,1,1,1000192,1,1
"KERNEL_DISPATCH","Agent 4",2,1,205988,865,23,"void rajaperf::apps::pressurecalc2<256ul>(double*, double*, double*, double*, double, double, double, long)",865,104452991648140,104452991677580,0,0,12,4,32,256,1,1,1000192,1,1
"KERNEL_DISPATCH","Agent 4",2,1,205988,866,22,"void rajaperf::apps::pressurecalc1<256ul>(double*, double*, double, long)",866,104452991677580,104452991691820,0,0,8,0,32,256,1,1,1000192,1,1
"KERNEL_DISPATCH","Agent 4",2,1,205988,867,23,"void rajaperf::apps::pressurecalc2<256ul>(double*, double*, double*, double*, double, double, double, long)",867,104452991691820,104452991721100,0,0,12,4,32,256,1,1,1000192,1,1
"KERNEL_DISPATCH","Agent 4",2,1,205988,868,22,"void rajaperf::apps::pressurecalc1<256ul>(double*, double*, double, long)",868,104452991721100,104452991734540,0,0,8,0,32,256,1,1,1000192,1,1
"KERNEL_DISPATCH","Agent 4",2,1,205988,869,23,"void rajaperf::apps::pressurecalc2<256ul>(double*, double*, double*, double*, double, double, double, long)",869,104452991734540,104452991764140,0,0,12,4,32,256,1,1,1000192,1,1
"KERNEL_DISPATCH","Agent 4",2,1,205988,870,22,"void rajaperf::apps::pressurecalc1<256ul>(double*, double*, double, long)",870,104452991764140,104452991777420,0,0,8,0,32,256,1,1,1000192,1,1
"KERNEL_DISPATCH","Agent 4",2,1,205988,871,23,"void rajaperf::apps::pressurecalc2<256ul>(double*, double*, double*, double*, double, double, double, long)",871,104452991777420,104452991807020,0,0,12,4,32,256,1,1,1000192,1,1
"KERNEL_DISPATCH","Agent 4",2,1,205988,872,22,"void rajaperf::apps::pressurecalc1<256ul>(double*, double*, double, long)",872,104452991807020,104452991820301,0,0,8,0,32,256,1,1,1000192,1,1
"KERNEL_DISPATCH","Agent 4",2,1,205988,873,23,"void rajaperf::apps::pressurecalc2<256ul>(double*, double*, double*, double*, double, double, double, long)",873,104452991820301,104452991850061,0,0,12,4,32,256,1,1,1000192,1,1
"KERNEL_DISPATCH","Agent 4",2,1,205988,874,22,"void rajaperf::apps::pressurecalc1<256ul>(double*, double*, double, long)",874,104452991850061,104452991863501,0,0,8,0,32,256,1,1,1000192,1,1
"KERNEL_DISPATCH","Agent 4",2,1,205988,875,23,"void rajaperf::apps::pressurecalc2<256ul>(double*, double*, double*, double*, double, double, double, long)",875,104452991863501,104452991893421,0,0,12,4,32,256,1,1,1000192,1,1
"KERNEL_DISPATCH","Agent 4",2,1,205988,876,22,"void rajaperf::apps::pressurecalc1<256ul>(double*, double*, double, long)",876,104452991893421,104452991906861,0,0,8,0,32,256,1,1,1000192,1,1
"KERNEL_DISPATCH","Agent 4",2,1,205988,877,23,"void rajaperf::apps::pressurecalc2<256ul>(double*, double*, double*, double*, double, double, double, long)",877,104452991906861,104452991936621,0,0,12,4,32,256,1,1,1000192,1,1
"KERNEL_DISPATCH","Agent 4",2,1,205988,878,22,"void rajaperf::apps::pressurecalc1<256ul>(double*, double*, double, long)",878,104452991936621,104452991950381,0,0,8,0,32,256,1,1,1000192,1,1
"KERNEL_DISPATCH","Agent 4",2,1,205988,879,23,"void rajaperf::apps::pressurecalc2<256ul>(double*, double*, double*, double*, double, double, double, long)",879,104452991950381,104452991980142,0,0,12,4,32,256,1,1,1000192,1,1
"KERNEL_DISPATCH","Agent 4",2,1,205988,880,22,"void rajaperf::apps::pressurecalc1<256ul>(double*, double*, double, long)",880,104452991980142,104452991993422,0,0,8,0,32,256,1,1,1000192,1,1
"KERNEL_DISPATCH","Agent 4",2,1,205988,881,23,"void rajaperf::apps::pressurecalc2<256ul>(double*, double*, double*, double*, double, double, double, long)",881,104452991993422,104452992023022,0,0,12,4,32,256,1,1,1000192,1,1
"KERNEL_DISPATCH","Agent 4",2,1,205988,882,22,"void rajaperf::apps::pressurecalc1<256ul>(double*, double*, double, long)",882,104452992023022,104452992036302,0,0,8,0,32,256,1,1,1000192,1,1
"KERNEL_DISPATCH","Agent 4",2,1,205988,883,23,"void rajaperf::apps::pressurecalc2<256ul>(double*, double*, double*, double*, double, double, double, long)",883,104452992036302,104452992066702,0,0,12,4,32,256,1,1,1000192,1,1
"KERNEL_DISPATCH","Agent 4",2,1,205988,884,22,"void rajaperf::apps::pressurecalc1<256ul>(double*, double*, double, long)",884,104452992066702,104452992080142,0,0,8,0,32,256,1,1,1000192,1,1
"KERNEL_DISPATCH","Agent 4",2,1,205988,885,23,"void rajaperf::apps::pressurecalc2<256ul>(double*, double*, double*, double*, double, double, double, long)",885,104452992080142,104452992109262,0,0,12,4,32,256,1,1,1000192,1,1
"KERNEL_DISPATCH","Agent 4",2,1,205988,886,22,"void rajaperf::apps::pressurecalc1<256ul>(double*, double*, double, long)",886,104452992109262,104452992122542,0,0,8,0,32,256,1,1,1000192,1,1
"KERNEL_DISPATCH","Agent 4",2,1,205988,887,23,"void rajaperf::apps::pressurecalc2<256ul>(double*, double*, double*, double*, double, double, double, long)",887,104452992122542,104452992151823,0,0,12,4,32,256,1,1,1000192,1,1
"KERNEL_DISPATCH","Agent 4",2,1,205988,888,22,"void rajaperf::apps::pressurecalc1<256ul>(double*, double*, double, long)",888,104452992151823,104452992165583,0,0,8,0,32,256,1,1,1000192,1,1
"KERNEL_DISPATCH","Agent 4",2,1,205988,889,23,"void rajaperf::apps::pressurecalc2<256ul>(double*, double*, double*, double*, double, double, double, long)",889,104452992165583,104452992194543,0,0,12,4,32,256,1,1,1000192,1,1
"KERNEL_DISPATCH","Agent 4",2,1,205988,890,22,"void rajaperf::apps::pressurecalc1<256ul>(double*, double*, double, long)",890,104452992194543,104452992208143,0,0,8,0,32,256,1,1,1000192,1,1
"KERNEL_DISPATCH","Agent 4",2,1,205988,891,23,"void rajaperf::apps::pressurecalc2<256ul>(double*, double*, double*, double*, double, double, double, long)",891,104452992208143,104452992237903,0,0,12,4,32,256,1,1,1000192,1,1
"KERNEL_DISPATCH","Agent 4",2,1,205988,892,22,"void rajaperf::apps::pressurecalc1<256ul>(double*, double*, double, long)",892,104452992237903,104452992251183,0,0,8,0,32,256,1,1,1000192,1,1
"KERNEL_DISPATCH","Agent 4",2,1,205988,893,23,"void rajaperf::apps::pressurecalc2<256ul>(double*, double*, double*, double*, double, double, double, long)",893,104452992251183,104452992281103,0,0,12,4,32,256,1,1,1000192,1,1
"KERNEL_DISPATCH","Agent 4",2,1,205988,894,22,"void rajaperf::apps::pressurecalc1<256ul>(double*, double*, double, long)",894,104452992281103,104452992294383,0,0,8,0,32,256,1,1,1000192,1,1
"KERNEL_DISPATCH","Agent 4",2,1,205988,895,23,"void rajaperf::apps::pressurecalc2<256ul>(double*, double*, double*, double*, double, double, double, long)",895,104452992294383,104452992324304,0,0,12,4,32,256,1,1,1000192,1,1
"KERNEL_DISPATCH","Agent 4",2,1,205988,896,22,"void rajaperf::apps::pressurecalc1<256ul>(double*, double*, double, long)",896,104452992324304,104452992337744,0,0,8,0,32,256,1,1,1000192,1,1
"KERNEL_DISPATCH","Agent 4",2,1,205988,897,23,"void rajaperf::apps::pressurecalc2<256ul>(double*, double*, double*, double*, double, double, double, long)",897,104452992337744,104452992367024,0,0,12,4,32,256,1,1,1000192,1,1
"KERNEL_DISPATCH","Agent 4",2,1,205988,898,22,"void rajaperf::apps::pressurecalc1<256ul>(double*, double*, double, long)",898,104452992367024,104452992381424,0,0,8,0,32,256,1,1,1000192,1,1
"KERNEL_DISPATCH","Agent 4",2,1,205988,899,23,"void rajaperf::apps::pressurecalc2<256ul>(double*, double*, double*, double*, double, double, double, long)",899,104452992381424,104452992411024,0,0,12,4,32,256,1,1,1000192,1,1
"KERNEL_DISPATCH","Agent 4",2,1,205988,900,22,"void rajaperf::apps::pressurecalc1<256ul>(double*, double*, double, long)",900,104452992411024,104452992424304,0,0,8,0,32,256,1,1,1000192,1,1
"KERNEL_DISPATCH","Agent 4",2,1,205988,901,23,"void rajaperf::apps::pressurecalc2<256ul>(double*, double*, double*, double*, double, double, double, long)",901,104452992424304,104452992454064,0,0,12,4,32,256,1,1,1000192,1,1
"KERNEL_DISPATCH","Agent 4",2,1,205988,902,22,"void rajaperf::apps::pressurecalc1<256ul>(double*, double*, double, long)",902,104452992454064,104452992467505,0,0,8,0,32,256,1,1,1000192,1,1
"KERNEL_DISPATCH","Agent 4",2,1,205988,903,23,"void rajaperf::apps::pressurecalc2<256ul>(double*, double*, double*, double*, double, double, double, long)",903,104452992467505,104452992497585,0,0,12,4,32,256,1,1,1000192,1,1
"KERNEL_DISPATCH","Agent 4",2,1,205988,904,22,"void rajaperf::apps::pressurecalc1<256ul>(double*, double*, double, long)",904,104452992497585,104452992511025,0,0,8,0,32,256,1,1,1000192,1,1
"KERNEL_DISPATCH","Agent 4",2,1,205988,905,23,"void rajaperf::apps::pressurecalc2<256ul>(double*, double*, double*, double*, double, double, double, long)",905,104452992511025,104452992541105,0,0,12,4,32,256,1,1,1000192,1,1
"KERNEL_DISPATCH","Agent 4",2,1,205988,906,22,"void rajaperf::apps::pressurecalc1<256ul>(double*, double*, double, long)",906,104452992541105,104452992554545,0,0,8,0,32,256,1,1,1000192,1,1
"KERNEL_DISPATCH","Agent 4",2,1,205988,907,23,"void rajaperf::apps::pressurecalc2<256ul>(double*, double*, double*, double*, double, double, double, long)",907,104452992554545,104452992583985,0,0,12,4,32,256,1,1,1000192,1,1
"KERNEL_DISPATCH","Agent 4",2,1,205988,908,22,"void rajaperf::apps::pressurecalc1<256ul>(double*, double*, double, long)",908,104452992583985,104452992597425,0,0,8,0,32,256,1,1,1000192,1,1
"KERNEL_DISPATCH","Agent 4",2,1,205988,909,23,"void rajaperf::apps::pressurecalc2<256ul>(double*, double*, double*, double*, double, double, double, long)",909,104452992597425,104452992627186,0,0,12,4,32,256,1,1,1000192,1,1
"KERNEL_DISPATCH","Agent 4",2,1,205988,910,22,"void rajaperf::apps::pressurecalc1<256ul>(double*, double*, double, long)",910,104452992627186,104452992640466,0,0,8,0,32,256,1,1,1000192,1,1
"KERNEL_DISPATCH","Agent 4",2,1,205988,911,23,"void rajaperf::apps::pressurecalc2<256ul>(double*, double*, double*, double*, double, double, double, long)",911,104452992640466,104452992670066,0,0,12,4,32,256,1,1,1000192,1,1
"KERNEL_DISPATCH","Agent 4",2,1,205988,912,22,"void rajaperf::apps::pressurecalc1<256ul>(double*, double*, double, long)",912,104452992670066,104452992683346,0,0,8,0,32,256,1,1,1000192,1,1
"KERNEL_DISPATCH","Agent 4",2,1,205988,913,23,"void rajaperf::apps::pressurecalc2<256ul>(double*, double*, double*, double*, double, double, double, long)",913,104452992683346,104452992712946,0,0,12,4,32,256,1,1,1000192,1,1
"KERNEL_DISPATCH","Agent 4",2,1,205988,914,22,"void rajaperf::apps::pressurecalc1<256ul>(double*, double*, double, long)",914,104452992712946,104452992725906,0,0,8,0,32,256,1,1,1000192,1,1
"KERNEL_DISPATCH","Agent 4",2,1,205988,915,23,"void rajaperf::apps::pressurecalc2<256ul>(double*, double*, double*, double*, double, double, double, long)",915,104452992725906,104452992755506,0,0,12,4,32,256,1,1,1000192,1,1
"KERNEL_DISPATCH","Agent 4",2,1,205988,916,22,"void rajaperf::apps::pressurecalc1<256ul>(double*, double*, double, long)",916,104452992755506,104452992769106,0,0,8,0,32,256,1,1,1000192,1,1
"KERNEL_DISPATCH","Agent 4",2,1,205988,917,23,"void rajaperf::apps::pressurecalc2<256ul>(double*, double*, double*, double*, double, double, double, long)",917,104452992769106,104452992798387,0,0,12,4,32,256,1,1,1000192,1,1
"KERNEL_DISPATCH","Agent 4",2,1,205988,918,22,"void rajaperf::apps::pressurecalc1<256ul>(double*, double*, double, long)",918,104452992798387,104452992811827,0,0,8,0,32,256,1,1,1000192,1,1
"KERNEL_DISPATCH","Agent 4",2,1,205988,919,23,"void rajaperf::apps::pressurecalc2<256ul>(double*, double*, double*, double*, double, double, double, long)",919,104452992811827,104452992841587,0,0,12,4,32,256,1,1,1000192,1,1
"KERNEL_DISPATCH","Agent 4",2,1,205988,920,22,"void rajaperf::apps::pressurecalc1<256ul>(double*, double*, double, long)",920,104452992841587,104452992854707,0,0,8,0,32,256,1,1,1000192,1,1
"KERNEL_DISPATCH","Agent 4",2,1,205988,921,23,"void rajaperf::apps::pressurecalc2<256ul>(double*, double*, double*, double*, double, double, double, long)",921,104452992854707,104452992884467,0,0,12,4,32,256,1,1,1000192,1,1
"KERNEL_DISPATCH","Agent 4",2,1,205988,922,22,"void rajaperf::apps::pressurecalc1<256ul>(double*, double*, double, long)",922,104452992884467,104452992897747,0,0,8,0,32,256,1,1,1000192,1,1
"KERNEL_DISPATCH","Agent 4",2,1,205988,923,23,"void rajaperf::apps::pressurecalc2<256ul>(double*, double*, double*, double*, double, double, double, long)",923,104452992897747,104452992927187,0,0,12,4,32,256,1,1,1000192,1,1
"KERNEL_DISPATCH","Agent 4",2,1,205988,924,22,"void rajaperf::apps::pressurecalc1<256ul>(double*, double*, double, long)",924,104452992927187,104452992940787,0,0,8,0,32,256,1,1,1000192,1,1
"KERNEL_DISPATCH","Agent 4",2,1,205988,925,23,"void rajaperf::apps::pressurecalc2<256ul>(double*, double*, double*, double*, double, double, double, long)",925,104452992940787,104452992970388,0,0,12,4,32,256,1,1,1000192,1,1
"KERNEL_DISPATCH","Agent 4",2,1,205988,926,22,"void rajaperf::apps::pressurecalc1<256ul>(double*, double*, double, long)",926,104452992970388,104452992983668,0,0,8,0,32,256,1,1,1000192,1,1
"KERNEL_DISPATCH","Agent 4",2,1,205988,927,23,"void rajaperf::apps::pressurecalc2<256ul>(double*, double*, double*, double*, double, double, double, long)",927,104452992983668,104452993013108,0,0,12,4,32,256,1,1,1000192,1,1
"KERNEL_DISPATCH","Agent 4",2,1,205988,928,22,"void rajaperf::apps::pressurecalc1<256ul>(double*, double*, double, long)",928,104452993013108,104452993026708,0,0,8,0,32,256,1,1,1000192,1,1
"KERNEL_DISPATCH","Agent 4",2,1,205988,929,23,"void rajaperf::apps::pressurecalc2<256ul>(double*, double*, double*, double*, double, double, double, long)",929,104452993026708,104452993056308,0,0,12,4,32,256,1,1,1000192,1,1
"KERNEL_DISPATCH","Agent 4",2,1,205988,930,22,"void rajaperf::apps::pressurecalc1<256ul>(double*, double*, double, long)",930,104452993056308,104452993070388,0,0,8,0,32,256,1,1,1000192,1,1
"KERNEL_DISPATCH","Agent 4",2,1,205988,931,23,"void rajaperf::apps::pressurecalc2<256ul>(double*, double*, double*, double*, double, double, double, long)",931,104452993070388,104452993099828,0,0,12,4,32,256,1,1,1000192,1,1
"KERNEL_DISPATCH","Agent 4",2,1,205988,932,22,"void rajaperf::apps::pressurecalc1<256ul>(double*, double*, double, long)",932,104452993099828,104452993112789,0,0,8,0,32,256,1,1,1000192,1,1
"KERNEL_DISPATCH","Agent 4",2,1,205988,933,23,"void rajaperf::apps::pressurecalc2<256ul>(double*, double*, double*, double*, double, double, double, long)",933,104452993112789,104452993142549,0,0,12,4,32,256,1,1,1000192,1,1
"KERNEL_DISPATCH","Agent 4",2,1,205988,934,22,"void rajaperf::apps::pressurecalc1<256ul>(double*, double*, double, long)",934,104452993142549,104452993155669,0,0,8,0,32,256,1,1,1000192,1,1
"KERNEL_DISPATCH","Agent 4",2,1,205988,935,23,"void rajaperf::apps::pressurecalc2<256ul>(double*, double*, double*, double*, double, double, double, long)",935,104452993155669,104452993185749,0,0,12,4,32,256,1,1,1000192,1,1
"KERNEL_DISPATCH","Agent 4",2,1,205988,936,22,"void rajaperf::apps::pressurecalc1<256ul>(double*, double*, double, long)",936,104452993185749,104452993199029,0,0,8,0,32,256,1,1,1000192,1,1
"KERNEL_DISPATCH","Agent 4",2,1,205988,937,23,"void rajaperf::apps::pressurecalc2<256ul>(double*, double*, double*, double*, double, double, double, long)",937,104452993199029,104452993228949,0,0,12,4,32,256,1,1,1000192,1,1
"KERNEL_DISPATCH","Agent 4",2,1,205988,938,22,"void rajaperf::apps::pressurecalc1<256ul>(double*, double*, double, long)",938,104452993228949,104452993242549,0,0,8,0,32,256,1,1,1000192,1,1
"KERNEL_DISPATCH","Agent 4",2,1,205988,939,23,"void rajaperf::apps::pressurecalc2<256ul>(double*, double*, double*, double*, double, double, double, long)",939,104452993242549,104452993271989,0,0,12,4,32,256,1,1,1000192,1,1
"KERNEL_DISPATCH","Agent 4",2,1,205988,940,22,"void rajaperf::apps::pressurecalc1<256ul>(double*, double*, double, long)",940,104452993271989,104452993285430,0,0,8,0,32,256,1,1,1000192,1,1
"KERNEL_DISPATCH","Agent 4",2,1,205988,941,23,"void rajaperf::apps::pressurecalc2<256ul>(double*, double*, double*, double*, double, double, double, long)",941,104452993285430,104452993314710,0,0,12,4,32,256,1,1,1000192,1,1
"KERNEL_DISPATCH","Agent 4",2,1,205988,942,22,"void rajaperf::apps::pressurecalc1<256ul>(double*, double*, double, long)",942,104452993314710,104452993328150,0,0,8,0,32,256,1,1,1000192,1,1
"KERNEL_DISPATCH","Agent 4",2,1,205988,943,23,"void rajaperf::apps::pressurecalc2<256ul>(double*, double*, double*, double*, double, double, double, long)",943,104452993328150,104452993357270,0,0,12,4,32,256,1,1,1000192,1,1
"KERNEL_DISPATCH","Agent 4",2,1,205988,944,22,"void rajaperf::apps::pressurecalc1<256ul>(double*, double*, double, long)",944,104452993357270,104452993370390,0,0,8,0,32,256,1,1,1000192,1,1
"KERNEL_DISPATCH","Agent 4",2,1,205988,945,23,"void rajaperf::apps::pressurecalc2<256ul>(double*, double*, double*, double*, double, double, double, long)",945,104452993370390,104452993400470,0,0,12,4,32,256,1,1,1000192,1,1
"KERNEL_DISPATCH","Agent 4",2,1,205988,946,22,"void rajaperf::apps::pressurecalc1<256ul>(double*, double*, double, long)",946,104452993400470,104452993413910,0,0,8,0,32,256,1,1,1000192,1,1
"KERNEL_DISPATCH","Agent 4",2,1,205988,947,23,"void rajaperf::apps::pressurecalc2<256ul>(double*, double*, double*, double*, double, double, double, long)",947,104452993413910,104452993443031,0,0,12,4,32,256,1,1,1000192,1,1
"KERNEL_DISPATCH","Agent 4",2,1,205988,948,22,"void rajaperf::apps::pressurecalc1<256ul>(double*, double*, double, long)",948,104452993443031,104452993456471,0,0,8,0,32,256,1,1,1000192,1,1
"KERNEL_DISPATCH","Agent 4",2,1,205988,949,23,"void rajaperf::apps::pressurecalc2<256ul>(double*, double*, double*, double*, double, double, double, long)",949,104452993456471,104452993485591,0,0,12,4,32,256,1,1,1000192,1,1
"KERNEL_DISPATCH","Agent 4",2,1,205988,950,22,"void rajaperf::apps::pressurecalc1<256ul>(double*, double*, double, long)",950,104452993485591,104452993499031,0,0,8,0,32,256,1,1,1000192,1,1
"KERNEL_DISPATCH","Agent 4",2,1,205988,951,23,"void rajaperf::apps::pressurecalc2<256ul>(double*, double*, double*, double*, double, double, double, long)",951,104452993499031,104452993528631,0,0,12,4,32,256,1,1,1000192,1,1
"KERNEL_DISPATCH","Agent 4",2,1,205988,952,22,"void rajaperf::apps::pressurecalc1<256ul>(double*, double*, double, long)",952,104452993528631,104452993541911,0,0,8,0,32,256,1,1,1000192,1,1
"KERNEL_DISPATCH","Agent 4",2,1,205988,953,23,"void rajaperf::apps::pressurecalc2<256ul>(double*, double*, double*, double*, double, double, double, long)",953,104452993541911,104452993572151,0,0,12,4,32,256,1,1,1000192,1,1
"KERNEL_DISPATCH","Agent 4",2,1,205988,954,22,"void rajaperf::apps::pressurecalc1<256ul>(double*, double*, double, long)",954,104452993572151,104452993585751,0,0,8,0,32,256,1,1,1000192,1,1
"KERNEL_DISPATCH","Agent 4",2,1,205988,955,23,"void rajaperf::apps::pressurecalc2<256ul>(double*, double*, double*, double*, double, double, double, long)",955,104452993585751,104452993615032,0,0,12,4,32,256,1,1,1000192,1,1
"KERNEL_DISPATCH","Agent 4",2,1,205988,956,22,"void rajaperf::apps::pressurecalc1<256ul>(double*, double*, double, long)",956,104452993615032,104452993628632,0,0,8,0,32,256,1,1,1000192,1,1
"KERNEL_DISPATCH","Agent 4",2,1,205988,957,23,"void rajaperf::apps::pressurecalc2<256ul>(double*, double*, double*, double*, double, double, double, long)",957,104452993628632,104452993658072,0,0,12,4,32,256,1,1,1000192,1,1
"KERNEL_DISPATCH","Agent 4",2,1,205988,958,22,"void rajaperf::apps::pressurecalc1<256ul>(double*, double*, double, long)",958,104452993658072,104452993671352,0,0,8,0,32,256,1,1,1000192,1,1
"KERNEL_DISPATCH","Agent 4",2,1,205988,959,23,"void rajaperf::apps::pressurecalc2<256ul>(double*, double*, double*, double*, double, double, double, long)",959,104452993671352,104452993700792,0,0,12,4,32,256,1,1,1000192,1,1
"KERNEL_DISPATCH","Agent 4",2,1,205988,960,22,"void rajaperf::apps::pressurecalc1<256ul>(double*, double*, double, long)",960,104452993700792,104452993714392,0,0,8,0,32,256,1,1,1000192,1,1
"KERNEL_DISPATCH","Agent 4",2,1,205988,961,23,"void rajaperf::apps::pressurecalc2<256ul>(double*, double*, double*, double*, double, double, double, long)",961,104452993714392,104452993743832,0,0,12,4,32,256,1,1,1000192,1,1
"KERNEL_DISPATCH","Agent 4",2,1,205988,962,22,"void rajaperf::apps::pressurecalc1<256ul>(double*, double*, double, long)",962,104452993743832,104452993758072,0,0,8,0,32,256,1,1,1000192,1,1
"KERNEL_DISPATCH","Agent 4",2,1,205988,963,23,"void rajaperf::apps::pressurecalc2<256ul>(double*, double*, double*, double*, double, double, double, long)",963,104452993758072,104452993787673,0,0,12,4,32,256,1,1,1000192,1,1
"KERNEL_DISPATCH","Agent 4",2,1,205988,964,22,"void rajaperf::apps::pressurecalc1<256ul>(double*, double*, double, long)",964,104452993787673,104452993801113,0,0,8,0,32,256,1,1,1000192,1,1
"KERNEL_DISPATCH","Agent 4",2,1,205988,965,23,"void rajaperf::apps::pressurecalc2<256ul>(double*, double*, double*, double*, double, double, double, long)",965,104452993801113,104452993830393,0,0,12,4,32,256,1,1,1000192,1,1
"KERNEL_DISPATCH","Agent 4",2,1,205988,966,22,"void rajaperf::apps::pressurecalc1<256ul>(double*, double*, double, long)",966,104452993830393,104452993843993,0,0,8,0,32,256,1,1,1000192,1,1
"KERNEL_DISPATCH","Agent 4",2,1,205988,967,23,"void rajaperf::apps::pressurecalc2<256ul>(double*, double*, double*, double*, double, double, double, long)",967,104452993843993,104452993873593,0,0,12,4,32,256,1,1,1000192,1,1
"KERNEL_DISPATCH","Agent 4",2,1,205988,968,22,"void rajaperf::apps::pressurecalc1<256ul>(double*, double*, double, long)",968,104452993873593,104452993886873,0,0,8,0,32,256,1,1,1000192,1,1
"KERNEL_DISPATCH","Agent 4",2,1,205988,969,23,"void rajaperf::apps::pressurecalc2<256ul>(double*, double*, double*, double*, double, double, double, long)",969,104452993886873,104452993916953,0,0,12,4,32,256,1,1,1000192,1,1
"KERNEL_DISPATCH","Agent 4",2,1,205988,970,22,"void rajaperf::apps::pressurecalc1<256ul>(double*, double*, double, long)",970,104452993916953,104452993930234,0,0,8,0,32,256,1,1,1000192,1,1
"KERNEL_DISPATCH","Agent 4",2,1,205988,971,23,"void rajaperf::apps::pressurecalc2<256ul>(double*, double*, double*, double*, double, double, double, long)",971,104452993930234,104452993959674,0,0,12,4,32,256,1,1,1000192,1,1
"KERNEL_DISPATCH","Agent 4",2,1,205988,972,22,"void rajaperf::apps::pressurecalc1<256ul>(double*, double*, double, long)",972,104452993959674,104452993973274,0,0,8,0,32,256,1,1,1000192,1,1
"KERNEL_DISPATCH","Agent 4",2,1,205988,973,23,"void rajaperf::apps::pressurecalc2<256ul>(double*, double*, double*, double*, double, double, double, long)",973,104452993973274,104452994003194,0,0,12,4,32,256,1,1,1000192,1,1
"KERNEL_DISPATCH","Agent 4",2,1,205988,974,22,"void rajaperf::apps::pressurecalc1<256ul>(double*, double*, double, long)",974,104452994003194,104452994016314,0,0,8,0,32,256,1,1,1000192,1,1
"KERNEL_DISPATCH","Agent 4",2,1,205988,975,23,"void rajaperf::apps::pressurecalc2<256ul>(double*, double*, double*, double*, double, double, double, long)",975,104452994016314,104452994045754,0,0,12,4,32,256,1,1,1000192,1,1
"KERNEL_DISPATCH","Agent 4",2,1,205988,976,22,"void rajaperf::apps::pressurecalc1<256ul>(double*, double*, double, long)",976,104452994045754,104452994059034,0,0,8,0,32,256,1,1,1000192,1,1
"KERNEL_DISPATCH","Agent 4",2,1,205988,977,23,"void rajaperf::apps::pressurecalc2<256ul>(double*, double*, double*, double*, double, double, double, long)",977,104452994059034,104452994088794,0,0,12,4,32,256,1,1,1000192,1,1
"KERNEL_DISPATCH","Agent 4",2,1,205988,978,22,"void rajaperf::apps::pressurecalc1<256ul>(double*, double*, double, long)",978,104452994088794,104452994102395,0,0,8,0,32,256,1,1,1000192,1,1
"KERNEL_DISPATCH","Agent 4",2,1,205988,979,23,"void rajaperf::apps::pressurecalc2<256ul>(double*, double*, double*, double*, double, double, double, long)",979,104452994102395,104452994131835,0,0,12,4,32,256,1,1,1000192,1,1
"KERNEL_DISPATCH","Agent 4",2,1,205988,980,22,"void rajaperf::apps::pressurecalc1<256ul>(double*, double*, double, long)",980,104452994131835,104452994144955,0,0,8,0,32,256,1,1,1000192,1,1
"KERNEL_DISPATCH","Agent 4",2,1,205988,981,23,"void rajaperf::apps::pressurecalc2<256ul>(double*, double*, double*, double*, double, double, double, long)",981,104452994144955,104452994174395,0,0,12,4,32,256,1,1,1000192,1,1
"KERNEL_DISPATCH","Agent 4",2,1,205988,982,22,"void rajaperf::apps::pressurecalc1<256ul>(double*, double*, double, long)",982,104452994174395,104452994187835,0,0,8,0,32,256,1,1,1000192,1,1
"KERNEL_DISPATCH","Agent 4",2,1,205988,983,23,"void rajaperf::apps::pressurecalc2<256ul>(double*, double*, double*, double*, double, double, double, long)",983,104452994187835,104452994217595,0,0,12,4,32,256,1,1,1000192,1,1
"KERNEL_DISPATCH","Agent 4",2,1,205988,984,22,"void rajaperf::apps::pressurecalc1<256ul>(double*, double*, double, long)",984,104452994217595,104452994230875,0,0,8,0,32,256,1,1,1000192,1,1
"KERNEL_DISPATCH","Agent 4",2,1,205988,985,23,"void rajaperf::apps::pressurecalc2<256ul>(double*, double*, double*, double*, double, double, double, long)",985,104452994230875,104452994260956,0,0,12,4,32,256,1,1,1000192,1,1
"KERNEL_DISPATCH","Agent 4",2,1,205988,986,22,"void rajaperf::apps::pressurecalc1<256ul>(double*, double*, double, long)",986,104452994260956,104452994274716,0,0,8,0,32,256,1,1,1000192,1,1
"KERNEL_DISPATCH","Agent 4",2,1,205988,987,23,"void rajaperf::apps::pressurecalc2<256ul>(double*, double*, double*, double*, double, double, double, long)",987,104452994274716,104452994304156,0,0,12,4,32,256,1,1,1000192,1,1
"KERNEL_DISPATCH","Agent 4",2,1,205988,988,22,"void rajaperf::apps::pressurecalc1<256ul>(double*, double*, double, long)",988,104452994304156,104452994317596,0,0,8,0,32,256,1,1,1000192,1,1
"KERNEL_DISPATCH","Agent 4",2,1,205988,989,23,"void rajaperf::apps::pressurecalc2<256ul>(double*, double*, double*, double*, double, double, double, long)",989,104452994317596,104452994347356,0,0,12,4,32,256,1,1,1000192,1,1
"KERNEL_DISPATCH","Agent 4",2,1,205988,990,22,"void rajaperf::apps::pressurecalc1<256ul>(double*, double*, double, long)",990,104452994347356,104452994360796,0,0,8,0,32,256,1,1,1000192,1,1
"KERNEL_DISPATCH","Agent 4",2,1,205988,991,23,"void rajaperf::apps::pressurecalc2<256ul>(double*, double*, double*, double*, double, double, double, long)",991,104452994360796,104452994390236,0,0,12,4,32,256,1,1,1000192,1,1
"KERNEL_DISPATCH","Agent 4",2,1,205988,992,22,"void rajaperf::apps::pressurecalc1<256ul>(double*, double*, double, long)",992,104452994390236,104452994404156,0,0,8,0,32,256,1,1,1000192,1,1
"KERNEL_DISPATCH","Agent 4",2,1,205988,993,23,"void rajaperf::apps::pressurecalc2<256ul>(double*, double*, double*, double*, double, double, double, long)",993,104452994404156,104452994433597,0,0,12,4,32,256,1,1,1000192,1,1
"KERNEL_DISPATCH","Agent 4",2,1,205988,994,22,"void rajaperf::apps::pressurecalc1<256ul>(double*, double*, double, long)",994,104452994433597,104452994447517,0,0,8,0,32,256,1,1,1000192,1,1
"KERNEL_DISPATCH","Agent 4",2,1,205988,995,23,"void rajaperf::apps::pressurecalc2<256ul>(double*, double*, double*, double*, double, double, double, long)",995,104452994447517,104452994477437,0,0,12,4,32,256,1,1,1000192,1,1
"KERNEL_DISPATCH","Agent 4",2,1,205988,996,22,"void rajaperf::apps::pressurecalc1<256ul>(double*, double*, double, long)",996,104452994477437,104452994490877,0,0,8,0,32,256,1,1,1000192,1,1
"KERNEL_DISPATCH","Agent 4",2,1,205988,997,23,"void rajaperf::apps::pressurecalc2<256ul>(double*, double*, double*, double*, double, double, double, long)",997,104452994490877,104452994520477,0,0,12,4,32,256,1,1,1000192,1,1
"KERNEL_DISPATCH","Agent 4",2,1,205988,998,22,"void rajaperf::apps::pressurecalc1<256ul>(double*, double*, double, long)",998,104452994520477,104452994533917,0,0,8,0,32,256,1,1,1000192,1,1
"KERNEL_DISPATCH","Agent 4",2,1,205988,999,23,"void rajaperf::apps::pressurecalc2<256ul>(double*, double*, double*, double*, double, double, double, long)",999,104452994533917,104452994563677,0,0,12,4,32,256,1,1,1000192,1,1
"KERNEL_DISPATCH","Agent 4",2,1,205988,1000,22,"void rajaperf::apps::pressurecalc1<256ul>(double*, double*, double, long)",1000,104452994563677,104452994577117,0,0,8,0,32,256,1,1,1000192,1,1
"KERNEL_DISPATCH","Agent 4",2,1,205988,1001,23,"void rajaperf::apps::pressurecalc2<256ul>(double*, double*, double*, double*, double, double, double, long)",1001,104452994577117,104452994606558,0,0,12,4,32,256,1,1,1000192,1,1
"KERNEL_DISPATCH","Agent 4",2,1,205988,1002,22,"void rajaperf::apps::pressurecalc1<256ul>(double*, double*, double, long)",1002,104452994606558,104452994619678,0,0,8,0,32,256,1,1,1000192,1,1
"KERNEL_DISPATCH","Agent 4",2,1,205988,1014,22,"void rajaperf::apps::pressurecalc1<256ul>(double*, double*, double, long)",1014,104452994873759,104452994887519,0,0,8,0,32,256,1,1,1000192,1,1
"KERNEL_DISPATCH","Agent 4",2,1,205988,1005,23,"void rajaperf::apps::pressurecalc2<256ul>(double*, double*, double*, double*, double, double, double, long)",1005,104452994673118,104452994702558,0,0,12,4,32,256,1,1,1000192,1,1
"KERNEL_DISPATCH","Agent 4",2,1,205988,1016,22,"void rajaperf::apps::pressurecalc1<256ul>(double*, double*, double, long)",1016,104452994916640,104452994929920,0,0,8,0,32,256,1,1,1000192,1,1
"KERNEL_DISPATCH","Agent 4",2,1,205988,1009,23,"void rajaperf::apps::pressurecalc2<256ul>(double*, double*, double*, double*, double, double, double, long)",1009,104452994758399,104452994787839,0,0,12,4,32,256,1,1,1000192,1,1
"KERNEL_DISPATCH","Agent 4",2,1,205988,1011,23,"void rajaperf::apps::pressurecalc2<256ul>(double*, double*, double*, double*, double, double, double, long)",1011,104452994800959,104452994830719,0,0,12,4,32,256,1,1,1000192,1,1
"KERNEL_DISPATCH","Agent 4",2,1,205988,1015,23,"void rajaperf::apps::pressurecalc2<256ul>(double*, double*, double*, double*, double, double, double, long)",1015,104452994887519,104452994916640,0,0,12,4,32,256,1,1,1000192,1,1
"KERNEL_DISPATCH","Agent 4",2,1,205988,1013,23,"void rajaperf::apps::pressurecalc2<256ul>(double*, double*, double*, double*, double, double, double, long)",1013,104452994843679,104452994873759,0,0,12,4,32,256,1,1,1000192,1,1
"KERNEL_DISPATCH","Agent 4",2,1,205988,1012,22,"void rajaperf::apps::pressurecalc1<256ul>(double*, double*, double, long)",1012,104452994830719,104452994843679,0,0,8,0,32,256,1,1,1000192,1,1
"KERNEL_DISPATCH","Agent 4",2,1,205988,1008,22,"void rajaperf::apps::pressurecalc1<256ul>(double*, double*, double, long)",1008,104452994745119,104452994758399,0,0,8,0,32,256,1,1,1000192,1,1
"KERNEL_DISPATCH","Agent 4",2,1,205988,1007,23,"void rajaperf::apps::pressurecalc2<256ul>(double*, double*, double*, double*, double, double, double, long)",1007,104452994715998,104452994745119,0,0,12,4,32,256,1,1,1000192,1,1
"KERNEL_DISPATCH","Agent 4",2,1,205988,1004,22,"void rajaperf::apps::pressurecalc1<256ul>(double*, double*, double, long)",1004,104452994659678,104452994673118,0,0,8,0,32,256,1,1,1000192,1,1
"KERNEL_DISPATCH","Agent 4",2,1,205988,1003,23,"void rajaperf::apps::pressurecalc2<256ul>(double*, double*, double*, double*, double, double, double, long)",1003,104452994630078,104452994659678,0,0,12,4,32,256,1,1,1000192,1,1
"KERNEL_DISPATCH","Agent 4",2,1,205988,1010,22,"void rajaperf::apps::pressurecalc1<256ul>(double*, double*, double, long)",1010,104452994787839,104452994800959,0,0,8,0,32,256,1,1,1000192,1,1
"KERNEL_DISPATCH","Agent 4",2,1,205988,1006,22,"void rajaperf::apps::pressurecalc1<256ul>(double*, double*, double, long)",1006,104452994702558,104452994715998,0,0,8,0,32,256,1,1,1000192,1,1
"KERNEL_DISPATCH","Agent 4",2,1,205988,1017,23,"void rajaperf::apps::pressurecalc2<256ul>(double*, double*, double*, double*, double, double, double, long)",1017,104452994929920,104452994959840,0,0,12,4,32,256,1,1,1000192,1,1
"KERNEL_DISPATCH","Agent 4",2,1,205988,1018,22,"void rajaperf::apps::pressurecalc1<256ul>(double*, double*, double, long)",1018,104452994959840,104452994973600,0,0,8,0,32,256,1,1,1000192,1,1
"KERNEL_DISPATCH","Agent 4",2,1,205988,1019,23,"void rajaperf::apps::pressurecalc2<256ul>(double*, double*, double*, double*, double, double, double, long)",1019,104452994973600,104452995003040,0,0,12,4,32,256,1,1,1000192,1,1
"KERNEL_DISPATCH","Agent 4",2,1,205988,1020,22,"void rajaperf::apps::pressurecalc1<256ul>(double*, double*, double, long)",1020,104452995003040,104452995016160,0,0,8,0,32,256,1,1,1000192,1,1
"KERNEL_DISPATCH","Agent 4",2,1,205988,1021,23,"void rajaperf::apps::pressurecalc2<256ul>(double*, double*, double*, double*, double, double, double, long)",1021,104452995016160,104452995045920,0,0,12,4,32,256,1,1,1000192,1,1
"KERNEL_DISPATCH","Agent 4",2,1,205988,1022,22,"void rajaperf::apps::pressurecalc1<256ul>(double*, double*, double, long)",1022,104452995045920,104452995059360,0,0,8,0,32,256,1,1,1000192,1,1
"KERNEL_DISPATCH","Agent 4",2,1,205988,1023,23,"void rajaperf::apps::pressurecalc2<256ul>(double*, double*, double*, double*, double, double, double, long)",1023,104452995059360,104452995088801,0,0,12,4,32,256,1,1,1000192,1,1
"KERNEL_DISPATCH","Agent 4",2,1,205988,1024,22,"void rajaperf::apps::pressurecalc1<256ul>(double*, double*, double, long)",1024,104452995088801,104452995102081,0,0,8,0,32,256,1,1,1000192,1,1
"KERNEL_DISPATCH","Agent 4",2,1,205988,1025,23,"void rajaperf::apps::pressurecalc2<256ul>(double*, double*, double*, double*, double, double, double, long)",1025,104452995102081,104452995131681,0,0,12,4,32,256,1,1,1000192,1,1
"KERNEL_DISPATCH","Agent 4",2,1,205988,1026,22,"void rajaperf::apps::pressurecalc1<256ul>(double*, double*, double, long)",1026,104452995131681,104452995146881,0,0,8,0,32,256,1,1,1000192,1,1
"KERNEL_DISPATCH","Agent 4",2,1,205988,1027,23,"void rajaperf::apps::pressurecalc2<256ul>(double*, double*, double*, double*, double, double, double, long)",1027,104452995146881,104452995177121,0,0,12,4,32,256,1,1,1000192,1,1
"KERNEL_DISPATCH","Agent 4",2,1,205988,1028,22,"void rajaperf::apps::pressurecalc1<256ul>(double*, double*, double, long)",1028,104452995177121,104452995190561,0,0,8,0,32,256,1,1,1000192,1,1
"KERNEL_DISPATCH","Agent 4",2,1,205988,1029,23,"void rajaperf::apps::pressurecalc2<256ul>(double*, double*, double*, double*, double, double, double, long)",1029,104452995190561,104452995220321,0,0,12,4,32,256,1,1,1000192,1,1
"KERNEL_DISPATCH","Agent 4",2,1,205988,1030,22,"void rajaperf::apps::pressurecalc1<256ul>(double*, double*, double, long)",1030,104452995220321,104452995233442,0,0,8,0,32,256,1,1,1000192,1,1
"KERNEL_DISPATCH","Agent 4",2,1,205988,1031,23,"void rajaperf::apps::pressurecalc2<256ul>(double*, double*, double*, double*, double, double, double, long)",1031,104452995233442,104452995263522,0,0,12,4,32,256,1,1,1000192,1,1
"KERNEL_DISPATCH","Agent 4",2,1,205988,1032,22,"void rajaperf::apps::pressurecalc1<256ul>(double*, double*, double, long)",1032,104452995263522,104452995276802,0,0,8,0,32,256,1,1,1000192,1,1
"KERNEL_DISPATCH","Agent 4",2,1,205988,1033,23,"void rajaperf::apps::pressurecalc2<256ul>(double*, double*, double*, double*, double, double, double, long)",1033,104452995276802,104452995306722,0,0,12,4,32,256,1,1,1000192,1,1
"KERNEL_DISPATCH","Agent 4",2,1,205988,1034,22,"void rajaperf::apps::pressurecalc1<256ul>(double*, double*, double, long)",1034,104452995306722,104452995320322,0,0,8,0,32,256,1,1,1000192,1,1
"KERNEL_DISPATCH","Agent 4",2,1,205988,1035,23,"void rajaperf::apps::pressurecalc2<256ul>(double*, double*, double*, double*, double, double, double, long)",1035,104452995320322,104452995350082,0,0,12,4,32,256,1,1,1000192,1,1
"KERNEL_DISPATCH","Agent 4",2,1,205988,1036,22,"void rajaperf::apps::pressurecalc1<256ul>(double*, double*, double, long)",1036,104452995350082,104452995363522,0,0,8,0,32,256,1,1,1000192,1,1
"KERNEL_DISPATCH","Agent 4",2,1,205988,1037,23,"void rajaperf::apps::pressurecalc2<256ul>(double*, double*, double*, double*, double, double, double, long)",1037,104452995363522,104452995393123,0,0,12,4,32,256,1,1,1000192,1,1
"KERNEL_DISPATCH","Agent 4",2,1,205988,1038,22,"void rajaperf::apps::pressurecalc1<256ul>(double*, double*, double, long)",1038,104452995393123,104452995406723,0,0,8,0,32,256,1,1,1000192,1,1
"KERNEL_DISPATCH","Agent 4",2,1,205988,1039,23,"void rajaperf::apps::pressurecalc2<256ul>(double*, double*, double*, double*, double, double, double, long)",1039,104452995406723,104452995436803,0,0,12,4,32,256,1,1,1000192,1,1
"KERNEL_DISPATCH","Agent 4",2,1,205988,1040,22,"void rajaperf::apps::pressurecalc1<256ul>(double*, double*, double, long)",1040,104452995436803,104452995450083,0,0,8,0,32,256,1,1,1000192,1,1
"KERNEL_DISPATCH","Agent 4",2,1,205988,1041,23,"void rajaperf::apps::pressurecalc2<256ul>(double*, double*, double*, double*, double, double, double, long)",1041,104452995450083,104452995479523,0,0,12,4,32,256,1,1,1000192,1,1
"KERNEL_DISPATCH","Agent 4",2,1,205988,1042,22,"void rajaperf::apps::pressurecalc1<256ul>(double*, double*, double, long)",1042,104452995479523,104452995492803,0,0,8,0,32,256,1,1,1000192,1,1
"KERNEL_DISPATCH","Agent 4",2,1,205988,1043,23,"void rajaperf::apps::pressurecalc2<256ul>(double*, double*, double*, double*, double, double, double, long)",1043,104452995492803,104452995522563,0,0,12,4,32,256,1,1,1000192,1,1
"KERNEL_DISPATCH","Agent 4",2,1,205988,1044,22,"void rajaperf::apps::pressurecalc1<256ul>(double*, double*, double, long)",1044,104452995522563,104452995535683,0,0,8,0,32,256,1,1,1000192,1,1
"KERNEL_DISPATCH","Agent 4",2,1,205988,1045,23,"void rajaperf::apps::pressurecalc2<256ul>(double*, double*, double*, double*, double, double, double, long)",1045,104452995535683,104452995565124,0,0,12,4,32,256,1,1,1000192,1,1
"KERNEL_DISPATCH","Agent 4",2,1,205988,1046,22,"void rajaperf::apps::pressurecalc1<256ul>(double*, double*, double, long)",1046,104452995565124,104452995578404,0,0,8,0,32,256,1,1,1000192,1,1
"KERNEL_DISPATCH","Agent 4",2,1,205988,1047,23,"void rajaperf::apps::pressurecalc2<256ul>(double*, double*, double*, double*, double, double, double, long)",1047,104452995578404,104452995608004,0,0,12,4,32,256,1,1,1000192,1,1
"KERNEL_DISPATCH","Agent 4",2,1,205988,1048,22,"void rajaperf::apps::pressurecalc1<256ul>(double*, double*, double, long)",1048,104452995608004,104452995621604,0,0,8,0,32,256,1,1,1000192,1,1
"KERNEL_DISPATCH","Agent 4",2,1,205988,1049,23,"void rajaperf::apps::pressurecalc2<256ul>(double*, double*, double*, double*, double, double, double, long)",1049,104452995621604,104452995651204,0,0,12,4,32,256,1,1,1000192,1,1
"KERNEL_DISPATCH","Agent 4",2,1,205988,1050,22,"void rajaperf::apps::pressurecalc1<256ul>(double*, double*, double, long)",1050,104452995651204,104452995664484,0,0,8,0,32,256,1,1,1000192,1,1
"KERNEL_DISPATCH","Agent 4",2,1,205988,1051,23,"void rajaperf::apps::pressurecalc2<256ul>(double*, double*, double*, double*, double, double, double, long)",1051,104452995664484,104452995693924,0,0,12,4,32,256,1,1,1000192,1,1
"KERNEL_DISPATCH","Agent 4",2,1,205988,1052,22,"void rajaperf::apps::pressurecalc1<256ul>(double*, double*, double, long)",1052,104452995693924,104452995707204,0,0,8,0,32,256,1,1,1000192,1,1
"KERNEL_DISPATCH","Agent 4",2,1,205988,1053,23,"void rajaperf::apps::pressurecalc2<256ul>(double*, double*, double*, double*, double, double, double, long)",1053,104452995707204,104452995736805,0,0,12,4,32,256,1,1,1000192,1,1
"KERNEL_DISPATCH","Agent 4",2,1,205988,1054,22,"void rajaperf::apps::pressurecalc1<256ul>(double*, double*, double, long)",1054,104452995736805,104452995750085,0,0,8,0,32,256,1,1,1000192,1,1
"KERNEL_DISPATCH","Agent 4",2,1,205988,1055,23,"void rajaperf::apps::pressurecalc2<256ul>(double*, double*, double*, double*, double, double, double, long)",1055,104452995750085,104452995779685,0,0,12,4,32,256,1,1,1000192,1,1
"KERNEL_DISPATCH","Agent 4",2,1,205988,1056,22,"void rajaperf::apps::pressurecalc1<256ul>(double*, double*, double, long)",1056,104452995779685,104452995793125,0,0,8,0,32,256,1,1,1000192,1,1
"KERNEL_DISPATCH","Agent 4",2,1,205988,1057,23,"void rajaperf::apps::pressurecalc2<256ul>(double*, double*, double*, double*, double, double, double, long)",1057,104452995793125,104452995822565,0,0,12,4,32,256,1,1,1000192,1,1
"KERNEL_DISPATCH","Agent 4",2,1,205988,1058,22,"void rajaperf::apps::pressurecalc1<256ul>(double*, double*, double, long)",1058,104452995822565,104452995837125,0,0,8,0,32,256,1,1,1000192,1,1
"KERNEL_DISPATCH","Agent 4",2,1,205988,1059,23,"void rajaperf::apps::pressurecalc2<256ul>(double*, double*, double*, double*, double, double, double, long)",1059,104452995837125,104452995867045,0,0,12,4,32,256,1,1,1000192,1,1
"KERNEL_DISPATCH","Agent 4",2,1,205988,1060,22,"void rajaperf::apps::pressurecalc1<256ul>(double*, double*, double, long)",1060,104452995867045,104452995880326,0,0,8,0,32,256,1,1,1000192,1,1
"KERNEL_DISPATCH","Agent 4",2,1,205988,1061,23,"void rajaperf::apps::pressurecalc2<256ul>(double*, double*, double*, double*, double, double, double, long)",1061,104452995880326,104452995910086,0,0,12,4,32,256,1,1,1000192,1,1
"KERNEL_DISPATCH","Agent 4",2,1,205988,1062,22,"void rajaperf::apps::pressurecalc1<256ul>(double*, double*, double, long)",1062,104452995910086,104452995923526,0,0,8,0,32,256,1,1,1000192,1,1
"KERNEL_DISPATCH","Agent 4",2,1,205988,1063,23,"void rajaperf::apps::pressurecalc2<256ul>(double*, double*, double*, double*, double, double, double, long)",1063,104452995923526,104452995953286,0,0,12,4,32,256,1,1,1000192,1,1
"KERNEL_DISPATCH","Agent 4",2,1,205988,1064,22,"void rajaperf::apps::pressurecalc1<256ul>(double*, double*, double, long)",1064,104452995953286,104452995966566,0,0,8,0,32,256,1,1,1000192,1,1
"KERNEL_DISPATCH","Agent 4",2,1,205988,1065,23,"void rajaperf::apps::pressurecalc2<256ul>(double*, double*, double*, double*, double, double, double, long)",1065,104452995966566,104452995996006,0,0,12,4,32,256,1,1,1000192,1,1
"KERNEL_DISPATCH","Agent 4",2,1,205988,1066,22,"void rajaperf::apps::pressurecalc1<256ul>(double*, double*, double, long)",1066,104452995996006,104452996009286,0,0,8,0,32,256,1,1,1000192,1,1
"KERNEL_DISPATCH","Agent 4",2,1,205988,1067,23,"void rajaperf::apps::pressurecalc2<256ul>(double*, double*, double*, double*, double, double, double, long)",1067,104452996009286,104452996038566,0,0,12,4,32,256,1,1,1000192,1,1
"KERNEL_DISPATCH","Agent 4",2,1,205988,1068,22,"void rajaperf::apps::pressurecalc1<256ul>(double*, double*, double, long)",1068,104452996038566,104452996052007,0,0,8,0,32,256,1,1,1000192,1,1
"KERNEL_DISPATCH","Agent 4",2,1,205988,1069,23,"void rajaperf::apps::pressurecalc2<256ul>(double*, double*, double*, double*, double, double, double, long)",1069,104452996052007,104452996081127,0,0,12,4,32,256,1,1,1000192,1,1
"KERNEL_DISPATCH","Agent 4",2,1,205988,1070,22,"void rajaperf::apps::pressurecalc1<256ul>(double*, double*, double, long)",1070,104452996081127,104452996094407,0,0,8,0,32,256,1,1,1000192,1,1
"KERNEL_DISPATCH","Agent 4",2,1,205988,1071,23,"void rajaperf::apps::pressurecalc2<256ul>(double*, double*, double*, double*, double, double, double, long)",1071,104452996094407,104452996124007,0,0,12,4,32,256,1,1,1000192,1,1
"KERNEL_DISPATCH","Agent 4",2,1,205988,1072,22,"void rajaperf::apps::pressurecalc1<256ul>(double*, double*, double, long)",1072,104452996124007,104452996137287,0,0,8,0,32,256,1,1,1000192,1,1
"KERNEL_DISPATCH","Agent 4",2,1,205988,1073,23,"void rajaperf::apps::pressurecalc2<256ul>(double*, double*, double*, double*, double, double, double, long)",1073,104452996137287,104452996166567,0,0,12,4,32,256,1,1,1000192,1,1
"KERNEL_DISPATCH","Agent 4",2,1,205988,1074,22,"void rajaperf::apps::pressurecalc1<256ul>(double*, double*, double, long)",1074,104452996166567,104452996179847,0,0,8,0,32,256,1,1,1000192,1,1
"KERNEL_DISPATCH","Agent 4",2,1,205988,1075,23,"void rajaperf::apps::pressurecalc2<256ul>(double*, double*, double*, double*, double, double, double, long)",1075,104452996179847,104452996209608,0,0,12,4,32,256,1,1,1000192,1,1
"KERNEL_DISPATCH","Agent 4",2,1,205988,1076,22,"void rajaperf::apps::pressurecalc1<256ul>(double*, double*, double, long)",1076,104452996209608,104452996222888,0,0,8,0,32,256,1,1,1000192,1,1
"KERNEL_DISPATCH","Agent 4",2,1,205988,1077,23,"void rajaperf::apps::pressurecalc2<256ul>(double*, double*, double*, double*, double, double, double, long)",1077,104452996222888,104452996252968,0,0,12,4,32,256,1,1,1000192,1,1
"KERNEL_DISPATCH","Agent 4",2,1,205988,1078,22,"void rajaperf::apps::pressurecalc1<256ul>(double*, double*, double, long)",1078,104452996252968,104452996266248,0,0,8,0,32,256,1,1,1000192,1,1
"KERNEL_DISPATCH","Agent 4",2,1,205988,1079,23,"void rajaperf::apps::pressurecalc2<256ul>(double*, double*, double*, double*, double, double, double, long)",1079,104452996266248,104452996296328,0,0,12,4,32,256,1,1,1000192,1,1
"KERNEL_DISPATCH","Agent 4",2,1,205988,1080,22,"void rajaperf::apps::pressurecalc1<256ul>(double*, double*, double, long)",1080,104452996296328,104452996309448,0,0,8,0,32,256,1,1,1000192,1,1
"KERNEL_DISPATCH","Agent 4",2,1,205988,1081,23,"void rajaperf::apps::pressurecalc2<256ul>(double*, double*, double*, double*, double, double, double, long)",1081,104452996309448,104452996339048,0,0,12,4,32,256,1,1,1000192,1,1
"KERNEL_DISPATCH","Agent 4",2,1,205988,1082,22,"void rajaperf::apps::pressurecalc1<256ul>(double*, double*, double, long)",1082,104452996339048,104452996352648,0,0,8,0,32,256,1,1,1000192,1,1
"KERNEL_DISPATCH","Agent 4",2,1,205988,1083,23,"void rajaperf::apps::pressurecalc2<256ul>(double*, double*, double*, double*, double, double, double, long)",1083,104452996352648,104452996382249,0,0,12,4,32,256,1,1,1000192,1,1
"KERNEL_DISPATCH","Agent 4",2,1,205988,1084,22,"void rajaperf::apps::pressurecalc1<256ul>(double*, double*, double, long)",1084,104452996382249,104452996395529,0,0,8,0,32,256,1,1,1000192,1,1
"KERNEL_DISPATCH","Agent 4",2,1,205988,1085,23,"void rajaperf::apps::pressurecalc2<256ul>(double*, double*, double*, double*, double, double, double, long)",1085,104452996395529,104452996425289,0,0,12,4,32,256,1,1,1000192,1,1
"KERNEL_DISPATCH","Agent 4",2,1,205988,1086,22,"void rajaperf::apps::pressurecalc1<256ul>(double*, double*, double, long)",1086,104452996425289,104452996438729,0,0,8,0,32,256,1,1,1000192,1,1
"KERNEL_DISPATCH","Agent 4",2,1,205988,1087,23,"void rajaperf::apps::pressurecalc2<256ul>(double*, double*, double*, double*, double, double, double, long)",1087,104452996438729,104452996468809,0,0,12,4,32,256,1,1,1000192,1,1
"KERNEL_DISPATCH","Agent 4",2,1,205988,1088,22,"void rajaperf::apps::pressurecalc1<256ul>(double*, double*, double, long)",1088,104452996468809,104452996482089,0,0,8,0,32,256,1,1,1000192,1,1
"KERNEL_DISPATCH","Agent 4",2,1,205988,1089,23,"void rajaperf::apps::pressurecalc2<256ul>(double*, double*, double*, double*, double, double, double, long)",1089,104452996482089,104452996512009,0,0,12,4,32,256,1,1,1000192,1,1
"KERNEL_DISPATCH","Agent 4",2,1,205988,1090,22,"void rajaperf::apps::pressurecalc1<256ul>(double*, double*, double, long)",1090,104452996512009,104452996526409,0,0,8,0,32,256,1,1,1000192,1,1
"KERNEL_DISPATCH","Agent 4",2,1,205988,1091,23,"void rajaperf::apps::pressurecalc2<256ul>(double*, double*, double*, double*, double, double, double, long)",1091,104452996526409,104452996555850,0,0,12,4,32,256,1,1,1000192,1,1
"KERNEL_DISPATCH","Agent 4",2,1,205988,1092,22,"void rajaperf::apps::pressurecalc1<256ul>(double*, double*, double, long)",1092,104452996555850,104452996569130,0,0,8,0,32,256,1,1,1000192,1,1
"KERNEL_DISPATCH","Agent 4",2,1,205988,1093,23,"void rajaperf::apps::pressurecalc2<256ul>(double*, double*, double*, double*, double, double, double, long)",1093,104452996569130,104452996598570,0,0,12,4,32,256,1,1,1000192,1,1
"KERNEL_DISPATCH","Agent 4",2,1,205988,1094,22,"void rajaperf::apps::pressurecalc1<256ul>(double*, double*, double, long)",1094,104452996598570,104452996611850,0,0,8,0,32,256,1,1,1000192,1,1
"KERNEL_DISPATCH","Agent 4",2,1,205988,1095,23,"void rajaperf::apps::pressurecalc2<256ul>(double*, double*, double*, double*, double, double, double, long)",1095,104452996611850,104452996641450,0,0,12,4,32,256,1,1,1000192,1,1
"KERNEL_DISPATCH","Agent 4",2,1,205988,1096,22,"void rajaperf::apps::pressurecalc1<256ul>(double*, double*, double, long)",1096,104452996641450,104452996654890,0,0,8,0,32,256,1,1,1000192,1,1
"KERNEL_DISPATCH","Agent 4",2,1,205988,1097,23,"void rajaperf::apps::pressurecalc2<256ul>(double*, double*, double*, double*, double, double, double, long)",1097,104452996654890,104452996684810,0,0,12,4,32,256,1,1,1000192,1,1
"KERNEL_DISPATCH","Agent 4",2,1,205988,1098,22,"void rajaperf::apps::pressurecalc1<256ul>(double*, double*, double, long)",1098,104452996684810,104452996698571,0,0,8,0,32,256,1,1,1000192,1,1
"KERNEL_DISPATCH","Agent 4",2,1,205988,1099,23,"void rajaperf::apps::pressurecalc2<256ul>(double*, double*, double*, double*, double, double, double, long)",1099,104452996698571,104452996728331,0,0,12,4,32,256,1,1,1000192,1,1
"KERNEL_DISPATCH","Agent 4",2,1,205988,1100,22,"void rajaperf::apps::pressurecalc1<256ul>(double*, double*, double, long)",1100,104452996728331,104452996741771,0,0,8,0,32,256,1,1,1000192,1,1
"KERNEL_DISPATCH","Agent 4",2,1,205988,1101,23,"void rajaperf::apps::pressurecalc2<256ul>(double*, double*, double*, double*, double, double, double, long)",1101,104452996741771,104452996772011,0,0,12,4,32,256,1,1,1000192,1,1
"KERNEL_DISPATCH","Agent 4",2,1,205988,1102,22,"void rajaperf::apps::pressurecalc1<256ul>(double*, double*, double, long)",1102,104452996772011,104452996785291,0,0,8,0,32,256,1,1,1000192,1,1
"KERNEL_DISPATCH","Agent 4",2,1,205988,1103,23,"void rajaperf::apps::pressurecalc2<256ul>(double*, double*, double*, double*, double, double, double, long)",1103,104452996785291,104452996815371,0,0,12,4,32,256,1,1,1000192,1,1
"KERNEL_DISPATCH","Agent 4",2,1,205988,1104,22,"void rajaperf::apps::pressurecalc1<256ul>(double*, double*, double, long)",1104,104452996815371,104452996828651,0,0,8,0,32,256,1,1,1000192,1,1
"KERNEL_DISPATCH","Agent 4",2,1,205988,1105,23,"void rajaperf::apps::pressurecalc2<256ul>(double*, double*, double*, double*, double, double, double, long)",1105,104452996828651,104452996858252,0,0,12,4,32,256,1,1,1000192,1,1
"KERNEL_DISPATCH","Agent 4",2,1,205988,1106,22,"void rajaperf::apps::pressurecalc1<256ul>(double*, double*, double, long)",1106,104452996858252,104452996871532,0,0,8,0,32,256,1,1,1000192,1,1
"KERNEL_DISPATCH","Agent 4",2,1,205988,1107,23,"void rajaperf::apps::pressurecalc2<256ul>(double*, double*, double*, double*, double, double, double, long)",1107,104452996871532,104452996901612,0,0,12,4,32,256,1,1,1000192,1,1
"KERNEL_DISPATCH","Agent 4",2,1,205988,1108,22,"void rajaperf::apps::pressurecalc1<256ul>(double*, double*, double, long)",1108,104452996901612,104452996915052,0,0,8,0,32,256,1,1,1000192,1,1
"KERNEL_DISPATCH","Agent 4",2,1,205988,1109,23,"void rajaperf::apps::pressurecalc2<256ul>(double*, double*, double*, double*, double, double, double, long)",1109,104452996915052,104452996945132,0,0,12,4,32,256,1,1,1000192,1,1
"KERNEL_DISPATCH","Agent 4",2,1,205988,1110,22,"void rajaperf::apps::pressurecalc1<256ul>(double*, double*, double, long)",1110,104452996945132,104452996958412,0,0,8,0,32,256,1,1,1000192,1,1
"KERNEL_DISPATCH","Agent 4",2,1,205988,1111,23,"void rajaperf::apps::pressurecalc2<256ul>(double*, double*, double*, double*, double, double, double, long)",1111,104452996958412,104452996988012,0,0,12,4,32,256,1,1,1000192,1,1
"KERNEL_DISPATCH","Agent 4",2,1,205988,1112,22,"void rajaperf::apps::pressurecalc1<256ul>(double*, double*, double, long)",1112,104452996988012,104452997001292,0,0,8,0,32,256,1,1,1000192,1,1
"KERNEL_DISPATCH","Agent 4",2,1,205988,1113,23,"void rajaperf::apps::pressurecalc2<256ul>(double*, double*, double*, double*, double, double, double, long)",1113,104452997001292,104452997030573,0,0,12,4,32,256,1,1,1000192,1,1
"KERNEL_DISPATCH","Agent 4",2,1,205988,1114,22,"void rajaperf::apps::pressurecalc1<256ul>(double*, double*, double, long)",1114,104452997030573,104452997043853,0,0,8,0,32,256,1,1,1000192,1,1
"KERNEL_DISPATCH","Agent 4",2,1,205988,1115,23,"void rajaperf::apps::pressurecalc2<256ul>(double*, double*, double*, double*, double, double, double, long)",1115,104452997043853,104452997073293,0,0,12,4,32,256,1,1,1000192,1,1
"KERNEL_DISPATCH","Agent 4",2,1,205988,1116,22,"void rajaperf::apps::pressurecalc1<256ul>(double*, double*, double, long)",1116,104452997073293,104452997086733,0,0,8,0,32,256,1,1,1000192,1,1
"KERNEL_DISPATCH","Agent 4",2,1,205988,1117,23,"void rajaperf::apps::pressurecalc2<256ul>(double*, double*, double*, double*, double, double, double, long)",1117,104452997086733,104452997116813,0,0,12,4,32,256,1,1,1000192,1,1
"KERNEL_DISPATCH","Agent 4",2,1,205988,1118,22,"void rajaperf::apps::pressurecalc1<256ul>(double*, double*, double, long)",1118,104452997116813,104452997130093,0,0,8,0,32,256,1,1,1000192,1,1
"KERNEL_DISPATCH","Agent 4",2,1,205988,1119,23,"void rajaperf::apps::pressurecalc2<256ul>(double*, double*, double*, double*, double, double, double, long)",1119,104452997130093,104452997159373,0,0,12,4,32,256,1,1,1000192,1,1
"KERNEL_DISPATCH","Agent 4",2,1,205988,1120,22,"void rajaperf::apps::pressurecalc1<256ul>(double*, double*, double, long)",1120,104452997159373,104452997172813,0,0,8,0,32,256,1,1,1000192,1,1
"KERNEL_DISPATCH","Agent 4",2,1,205988,1121,23,"void rajaperf::apps::pressurecalc2<256ul>(double*, double*, double*, double*, double, double, double, long)",1121,104452997172813,104452997202414,0,0,12,4,32,256,1,1,1000192,1,1
"KERNEL_DISPATCH","Agent 4",2,1,205988,1122,22,"void rajaperf::apps::pressurecalc1<256ul>(double*, double*, double, long)",1122,104452997202414,104452997216494,0,0,8,0,32,256,1,1,1000192,1,1
"KERNEL_DISPATCH","Agent 4",2,1,205988,1123,23,"void rajaperf::apps::pressurecalc2<256ul>(double*, double*, double*, double*, double, double, double, long)",1123,104452997216494,104452997245774,0,0,12,4,32,256,1,1,1000192,1,1
"KERNEL_DISPATCH","Agent 4",2,1,205988,1124,22,"void rajaperf::apps::pressurecalc1<256ul>(double*, double*, double, long)",1124,104452997245774,104452997259214,0,0,8,0,32,256,1,1,1000192,1,1
"KERNEL_DISPATCH","Agent 4",2,1,205988,1125,23,"void rajaperf::apps::pressurecalc2<256ul>(double*, double*, double*, double*, double, double, double, long)",1125,104452997259214,104452997288974,0,0,12,4,32,256,1,1,1000192,1,1
"KERNEL_DISPATCH","Agent 4",2,1,205988,1126,22,"void rajaperf::apps::pressurecalc1<256ul>(double*, double*, double, long)",1126,104452997288974,104452997302574,0,0,8,0,32,256,1,1,1000192,1,1
"KERNEL_DISPATCH","Agent 4",2,1,205988,1127,23,"void rajaperf::apps::pressurecalc2<256ul>(double*, double*, double*, double*, double, double, double, long)",1127,104452997302574,104452997331694,0,0,12,4,32,256,1,1,1000192,1,1
"KERNEL_DISPATCH","Agent 4",2,1,205988,1128,22,"void rajaperf::apps::pressurecalc1<256ul>(double*, double*, double, long)",1128,104452997331694,104452997344974,0,0,8,0,32,256,1,1,1000192,1,1
"KERNEL_DISPATCH","Agent 4",2,1,205988,1129,23,"void rajaperf::apps::pressurecalc2<256ul>(double*, double*, double*, double*, double, double, double, long)",1129,104452997344974,104452997374735,0,0,12,4,32,256,1,1,1000192,1,1
"KERNEL_DISPATCH","Agent 4",2,1,205988,1130,22,"void rajaperf::apps::pressurecalc1<256ul>(double*, double*, double, long)",1130,104452997374735,104452997387855,0,0,8,0,32,256,1,1,1000192,1,1
"KERNEL_DISPATCH","Agent 4",2,1,205988,1131,23,"void rajaperf::apps::pressurecalc2<256ul>(double*, double*, double*, double*, double, double, double, long)",1131,104452997387855,104452997417295,0,0,12,4,32,256,1,1,1000192,1,1
"KERNEL_DISPATCH","Agent 4",2,1,205988,1132,22,"void rajaperf::apps::pressurecalc1<256ul>(double*, double*, double, long)",1132,104452997417295,104452997430895,0,0,8,0,32,256,1,1,1000192,1,1
"KERNEL_DISPATCH","Agent 4",2,1,205988,1133,23,"void rajaperf::apps::pressurecalc2<256ul>(double*, double*, double*, double*, double, double, double, long)",1133,104452997430895,104452997460335,0,0,12,4,32,256,1,1,1000192,1,1
"KERNEL_DISPATCH","Agent 4",2,1,205988,1134,22,"void rajaperf::apps::pressurecalc1<256ul>(double*, double*, double, long)",1134,104452997460335,104452997473775,0,0,8,0,32,256,1,1,1000192,1,1
"KERNEL_DISPATCH","Agent 4",2,1,205988,1135,23,"void rajaperf::apps::pressurecalc2<256ul>(double*, double*, double*, double*, double, double, double, long)",1135,104452997473775,104452997503215,0,0,12,4,32,256,1,1,1000192,1,1
"KERNEL_DISPATCH","Agent 4",2,1,205988,1136,22,"void rajaperf::apps::pressurecalc1<256ul>(double*, double*, double, long)",1136,104452997503215,104452997516656,0,0,8,0,32,256,1,1,1000192,1,1
"KERNEL_DISPATCH","Agent 4",2,1,205988,1137,23,"void rajaperf::apps::pressurecalc2<256ul>(double*, double*, double*, double*, double, double, double, long)",1137,104452997516656,104452997546416,0,0,12,4,32,256,1,1,1000192,1,1
"KERNEL_DISPATCH","Agent 4",2,1,205988,1138,22,"void rajaperf::apps::pressurecalc1<256ul>(double*, double*, double, long)",1138,104452997546416,104452997559696,0,0,8,0,32,256,1,1,1000192,1,1
"KERNEL_DISPATCH","Agent 4",2,1,205988,1139,23,"void rajaperf::apps::pressurecalc2<256ul>(double*, double*, double*, double*, double, double, double, long)",1139,104452997559696,104452997588976,0,0,12,4,32,256,1,1,1000192,1,1
"KERNEL_DISPATCH","Agent 4",2,1,205988,1140,22,"void rajaperf::apps::pressurecalc1<256ul>(double*, double*, double, long)",1140,104452997588976,104452997602416,0,0,8,0,32,256,1,1,1000192,1,1
"KERNEL_DISPATCH","Agent 4",2,1,205988,1141,23,"void rajaperf::apps::pressurecalc2<256ul>(double*, double*, double*, double*, double, double, double, long)",1141,104452997602416,104452997631856,0,0,12,4,32,256,1,1,1000192,1,1
"KERNEL_DISPATCH","Agent 4",2,1,205988,1142,22,"void rajaperf::apps::pressurecalc1<256ul>(double*, double*, double, long)",1142,104452997631856,104452997644976,0,0,8,0,32,256,1,1,1000192,1,1
"KERNEL_DISPATCH","Agent 4",2,1,205988,1143,23,"void rajaperf::apps::pressurecalc2<256ul>(double*, double*, double*, double*, double, double, double, long)",1143,104452997644976,104452997674737,0,0,12,4,32,256,1,1,1000192,1,1
"KERNEL_DISPATCH","Agent 4",2,1,205988,1144,22,"void rajaperf::apps::pressurecalc1<256ul>(double*, double*, double, long)",1144,104452997674737,104452997688497,0,0,8,0,32,256,1,1,1000192,1,1
"KERNEL_DISPATCH","Agent 4",2,1,205988,1145,23,"void rajaperf::apps::pressurecalc2<256ul>(double*, double*, double*, double*, double, double, double, long)",1145,104452997688497,104452997718097,0,0,12,4,32,256,1,1,1000192,1,1
"KERNEL_DISPATCH","Agent 4",2,1,205988,1146,22,"void rajaperf::apps::pressurecalc1<256ul>(double*, double*, double, long)",1146,104452997718097,104452997731377,0,0,8,0,32,256,1,1,1000192,1,1
"KERNEL_DISPATCH","Agent 4",2,1,205988,1147,23,"void rajaperf::apps::pressurecalc2<256ul>(double*, double*, double*, double*, double, double, double, long)",1147,104452997731377,104452997761297,0,0,12,4,32,256,1,1,1000192,1,1
"KERNEL_DISPATCH","Agent 4",2,1,205988,1148,22,"void rajaperf::apps::pressurecalc1<256ul>(double*, double*, double, long)",1148,104452997761297,104452997774737,0,0,8,0,32,256,1,1,1000192,1,1
"KERNEL_DISPATCH","Agent 4",2,1,205988,1149,23,"void rajaperf::apps::pressurecalc2<256ul>(double*, double*, double*, double*, double, double, double, long)",1149,104452997774737,104452997804497,0,0,12,4,32,256,1,1,1000192,1,1
"KERNEL_DISPATCH","Agent 4",2,1,205988,1150,22,"void rajaperf::apps::pressurecalc1<256ul>(double*, double*, double, long)",1150,104452997804497,104452997817777,0,0,8,0,32,256,1,1,1000192,1,1
"KERNEL_DISPATCH","Agent 4",2,1,205988,1151,23,"void rajaperf::apps::pressurecalc2<256ul>(double*, double*, double*, double*, double, double, double, long)",1151,104452997817777,104452997847538,0,0,12,4,32,256,1,1,1000192,1,1
"KERNEL_DISPATCH","Agent 4",2,1,205988,1152,22,"void rajaperf::apps::pressurecalc1<256ul>(double*, double*, double, long)",1152,104452997847538,104452997860978,0,0,8,0,32,256,1,1,1000192,1,1
"KERNEL_DISPATCH","Agent 4",2,1,205988,1153,23,"void rajaperf::apps::pressurecalc2<256ul>(double*, double*, double*, double*, double, double, double, long)",1153,104452997860978,104452997890578,0,0,12,4,32,256,1,1,1000192,1,1
"KERNEL_DISPATCH","Agent 4",2,1,205988,1154,22,"void rajaperf::apps::pressurecalc1<256ul>(double*, double*, double, long)",1154,104452997890578,104452997904978,0,0,8,0,32,256,1,1,1000192,1,1
"KERNEL_DISPATCH","Agent 4",2,1,205988,1155,23,"void rajaperf::apps::pressurecalc2<256ul>(double*, double*, double*, double*, double, double, double, long)",1155,104452997904978,104452997935058,0,0,12,4,32,256,1,1,1000192,1,1
"KERNEL_DISPATCH","Agent 4",2,1,205988,1156,22,"void rajaperf::apps::pressurecalc1<256ul>(double*, double*, double, long)",1156,104452997935058,104452997948818,0,0,8,0,32,256,1,1,1000192,1,1
"KERNEL_DISPATCH","Agent 4",2,1,205988,1157,23,"void rajaperf::apps::pressurecalc2<256ul>(double*, double*, double*, double*, double, double, double, long)",1157,104452997948818,104452997978578,0,0,12,4,32,256,1,1,1000192,1,1
"KERNEL_DISPATCH","Agent 4",2,1,205988,1158,22,"void rajaperf::apps::pressurecalc1<256ul>(double*, double*, double, long)",1158,104452997978578,104452997992018,0,0,8,0,32,256,1,1,1000192,1,1
"KERNEL_DISPATCH","Agent 4",2,1,205988,1159,23,"void rajaperf::apps::pressurecalc2<256ul>(double*, double*, double*, double*, double, double, double, long)",1159,104452997992018,104452998021619,0,0,12,4,32,256,1,1,1000192,1,1
"KERNEL_DISPATCH","Agent 4",2,1,205988,1160,22,"void rajaperf::apps::pressurecalc1<256ul>(double*, double*, double, long)",1160,104452998021619,104452998035059,0,0,8,0,32,256,1,1,1000192,1,1
"KERNEL_DISPATCH","Agent 4",2,1,205988,1161,23,"void rajaperf::apps::pressurecalc2<256ul>(double*, double*, double*, double*, double, double, double, long)",1161,104452998035059,104452998065459,0,0,12,4,32,256,1,1,1000192,1,1
"KERNEL_DISPATCH","Agent 4",2,1,205988,1162,22,"void rajaperf::apps::pressurecalc1<256ul>(double*, double*, double, long)",1162,104452998065459,104452998078739,0,0,8,0,32,256,1,1,1000192,1,1
"KERNEL_DISPATCH","Agent 4",2,1,205988,1163,23,"void rajaperf::apps::pressurecalc2<256ul>(double*, double*, double*, double*, double, double, double, long)",1163,104452998078739,104452998108819,0,0,12,4,32,256,1,1,1000192,1,1
"KERNEL_DISPATCH","Agent 4",2,1,205988,1164,22,"void rajaperf::apps::pressurecalc1<256ul>(double*, double*, double, long)",1164,104452998108819,104452998122259,0,0,8,0,32,256,1,1,1000192,1,1
"KERNEL_DISPATCH","Agent 4",2,1,205988,1165,23,"void rajaperf::apps::pressurecalc2<256ul>(double*, double*, double*, double*, double, double, double, long)",1165,104452998122259,104452998151859,0,0,12,4,32,256,1,1,1000192,1,1
"KERNEL_DISPATCH","Agent 4",2,1,205988,1166,22,"void rajaperf::apps::pressurecalc1<256ul>(double*, double*, double, long)",1166,104452998151859,104452998165140,0,0,8,0,32,256,1,1,1000192,1,1
"KERNEL_DISPATCH","Agent 4",2,1,205988,1167,23,"void rajaperf::apps::pressurecalc2<256ul>(double*, double*, double*, double*, double, double, double, long)",1167,104452998165140,104452998194900,0,0,12,4,32,256,1,1,1000192,1,1
"KERNEL_DISPATCH","Agent 4",2,1,205988,1168,22,"void rajaperf::apps::pressurecalc1<256ul>(double*, double*, double, long)",1168,104452998194900,104452998208180,0,0,8,0,32,256,1,1,1000192,1,1
"KERNEL_DISPATCH","Agent 4",2,1,205988,1169,23,"void rajaperf::apps::pressurecalc2<256ul>(double*, double*, double*, double*, double, double, double, long)",1169,104452998208180,104452998238260,0,0,12,4,32,256,1,1,1000192,1,1
"KERNEL_DISPATCH","Agent 4",2,1,205988,1170,22,"void rajaperf::apps::pressurecalc1<256ul>(double*, double*, double, long)",1170,104452998238260,104452998251700,0,0,8,0,32,256,1,1,1000192,1,1
"KERNEL_DISPATCH","Agent 4",2,1,205988,1171,23,"void rajaperf::apps::pressurecalc2<256ul>(double*, double*, double*, double*, double, double, double, long)",1171,104452998251700,104452998281620,0,0,12,4,32,256,1,1,1000192,1,1
"KERNEL_DISPATCH","Agent 4",2,1,205988,1172,22,"void rajaperf::apps::pressurecalc1<256ul>(double*, double*, double, long)",1172,104452998281620,104452998295220,0,0,8,0,32,256,1,1,1000192,1,1
"KERNEL_DISPATCH","Agent 4",2,1,205988,1173,23,"void rajaperf::apps::pressurecalc2<256ul>(double*, double*, double*, double*, double, double, double, long)",1173,104452998295220,104452998325301,0,0,12,4,32,256,1,1,1000192,1,1
"KERNEL_DISPATCH","Agent 4",2,1,205988,1174,22,"void rajaperf::apps::pressurecalc1<256ul>(double*, double*, double, long)",1174,104452998325301,104452998338741,0,0,8,0,32,256,1,1,1000192,1,1
"KERNEL_DISPATCH","Agent 4",2,1,205988,1175,23,"void rajaperf::apps::pressurecalc2<256ul>(double*, double*, double*, double*, double, double, double, long)",1175,104452998338741,104452998368661,0,0,12,4,32,256,1,1,1000192,1,1
"KERNEL_DISPATCH","Agent 4",2,1,205988,1176,22,"void rajaperf::apps::pressurecalc1<256ul>(double*, double*, double, long)",1176,104452998368661,104452998381941,0,0,8,0,32,256,1,1,1000192,1,1
"KERNEL_DISPATCH","Agent 4",2,1,205988,1177,23,"void rajaperf::apps::pressurecalc2<256ul>(double*, double*, double*, double*, double, double, double, long)",1177,104452998381941,104452998411701,0,0,12,4,32,256,1,1,1000192,1,1
"KERNEL_DISPATCH","Agent 4",2,1,205988,1178,22,"void rajaperf::apps::pressurecalc1<256ul>(double*, double*, double, long)",1178,104452998411701,104452998425301,0,0,8,0,32,256,1,1,1000192,1,1
"KERNEL_DISPATCH","Agent 4",2,1,205988,1179,23,"void rajaperf::apps::pressurecalc2<256ul>(double*, double*, double*, double*, double, double, double, long)",1179,104452998425301,104452998454901,0,0,12,4,32,256,1,1,1000192,1,1
"KERNEL_DISPATCH","Agent 4",2,1,205988,1180,22,"void rajaperf::apps::pressurecalc1<256ul>(double*, double*, double, long)",1180,104452998454901,104452998468181,0,0,8,0,32,256,1,1,1000192,1,1
"KERNEL_DISPATCH","Agent 4",2,1,205988,1181,23,"void rajaperf::apps::pressurecalc2<256ul>(double*, double*, double*, double*, double, double, double, long)",1181,104452998468181,104452998498582,0,0,12,4,32,256,1,1,1000192,1,1
"KERNEL_DISPATCH","Agent 4",2,1,205988,1182,22,"void rajaperf::apps::pressurecalc1<256ul>(double*, double*, double, long)",1182,104452998498582,104452998512182,0,0,8,0,32,256,1,1,1000192,1,1
"KERNEL_DISPATCH","Agent 4",2,1,205988,1183,23,"void rajaperf::apps::pressurecalc2<256ul>(double*, double*, double*, double*, double, double, double, long)",1183,104452998512182,104452998542262,0,0,12,4,32,256,1,1,1000192,1,1
"KERNEL_DISPATCH","Agent 4",2,1,205988,1184,22,"void rajaperf::apps::pressurecalc1<256ul>(double*, double*, double, long)",1184,104452998542262,104452998555542,0,0,8,0,32,256,1,1,1000192,1,1
"KERNEL_DISPATCH","Agent 4",2,1,205988,1185,23,"void rajaperf::apps::pressurecalc2<256ul>(double*, double*, double*, double*, double, double, double, long)",1185,104452998555542,104452998585302,0,0,12,4,32,256,1,1,1000192,1,1
"KERNEL_DISPATCH","Agent 4",2,1,205988,1186,22,"void rajaperf::apps::pressurecalc1<256ul>(double*, double*, double, long)",1186,104452998585302,104452998599702,0,0,8,0,32,256,1,1,1000192,1,1
"KERNEL_DISPATCH","Agent 4",2,1,205988,1187,23,"void rajaperf::apps::pressurecalc2<256ul>(double*, double*, double*, double*, double, double, double, long)",1187,104452998599702,104452998629622,0,0,12,4,32,256,1,1,1000192,1,1
"KERNEL_DISPATCH","Agent 4",2,1,205988,1188,22,"void rajaperf::apps::pressurecalc1<256ul>(double*, double*, double, long)",1188,104452998629622,104452998642902,0,0,8,0,32,256,1,1,1000192,1,1
"KERNEL_DISPATCH","Agent 4",2,1,205988,1189,23,"void rajaperf::apps::pressurecalc2<256ul>(double*, double*, double*, double*, double, double, double, long)",1189,104452998642902,104452998672503,0,0,12,4,32,256,1,1,1000192,1,1
"KERNEL_DISPATCH","Agent 4",2,1,205988,1190,22,"void rajaperf::apps::pressurecalc1<256ul>(double*, double*, double, long)",1190,104452998672503,104452998686103,0,0,8,0,32,256,1,1,1000192,1,1
"KERNEL_DISPATCH","Agent 4",2,1,205988,1191,23,"void rajaperf::apps::pressurecalc2<256ul>(double*, double*, double*, double*, double, double, double, long)",1191,104452998686103,104452998716023,0,0,12,4,32,256,1,1,1000192,1,1
"KERNEL_DISPATCH","Agent 4",2,1,205988,1192,22,"void rajaperf::apps::pressurecalc1<256ul>(double*, double*, double, long)",1192,104452998716023,104452998729463,0,0,8,0,32,256,1,1,1000192,1,1
"KERNEL_DISPATCH","Agent 4",2,1,205988,1193,23,"void rajaperf::apps::pressurecalc2<256ul>(double*, double*, double*, double*, double, double, double, long)",1193,104452998729463,104452998759383,0,0,12,4,32,256,1,1,1000192,1,1
"KERNEL_DISPATCH","Agent 4",2,1,205988,1194,22,"void rajaperf::apps::pressurecalc1<256ul>(double*, double*, double, long)",1194,104452998759383,104452998772823,0,0,8,0,32,256,1,1,1000192,1,1
"KERNEL_DISPATCH","Agent 4",2,1,205988,1195,23,"void rajaperf::apps::pressurecalc2<256ul>(double*, double*, double*, double*, double, double, double, long)",1195,104452998772823,104452998802583,0,0,12,4,32,256,1,1,1000192,1,1
"KERNEL_DISPATCH","Agent 4",2,1,205988,1196,22,"void rajaperf::apps::pressurecalc1<256ul>(double*, double*, double, long)",1196,104452998802583,104452998816024,0,0,8,0,32,256,1,1,1000192,1,1
"KERNEL_DISPATCH","Agent 4",2,1,205988,1197,23,"void rajaperf::apps::pressurecalc2<256ul>(double*, double*, double*, double*, double, double, double, long)",1197,104452998816024,104452998845624,0,0,12,4,32,256,1,1,1000192,1,1
"KERNEL_DISPATCH","Agent 4",2,1,205988,1198,22,"void rajaperf::apps::pressurecalc1<256ul>(double*, double*, double, long)",1198,104452998845624,104452998859064,0,0,8,0,32,256,1,1,1000192,1,1
"KERNEL_DISPATCH","Agent 4",2,1,205988,1199,23,"void rajaperf::apps::pressurecalc2<256ul>(double*, double*, double*, double*, double, double, double, long)",1199,104452998859064,104452998888504,0,0,12,4,32,256,1,1,1000192,1,1
"KERNEL_DISPATCH","Agent 4",2,1,205988,1200,22,"void rajaperf::apps::pressurecalc1<256ul>(double*, double*, double, long)",1200,104452998888504,104452998902104,0,0,8,0,32,256,1,1,1000192,1,1
"KERNEL_DISPATCH","Agent 4",2,1,205988,1201,23,"void rajaperf::apps::pressurecalc2<256ul>(double*, double*, double*, double*, double, double, double, long)",1201,104452998902104,104452998931704,0,0,12,4,32,256,1,1,1000192,1,1
"KERNEL_DISPATCH","Agent 4",2,1,205988,1202,22,"void rajaperf::apps::pressurecalc1<256ul>(double*, double*, double, long)",1202,104452998931704,104452998944824,0,0,8,0,32,256,1,1,1000192,1,1
"KERNEL_DISPATCH","Agent 4",2,1,205988,1203,23,"void rajaperf::apps::pressurecalc2<256ul>(double*, double*, double*, double*, double, double, double, long)",1203,104452998944824,104452998974585,0,0,12,4,32,256,1,1,1000192,1,1
"KERNEL_DISPATCH","Agent 4",2,1,205988,1204,22,"void rajaperf::apps::pressurecalc1<256ul>(double*, double*, double, long)",1204,104452998974585,104452998988025,0,0,8,0,32,256,1,1,1000192,1,1
"KERNEL_DISPATCH","Agent 4",2,1,205988,1205,23,"void rajaperf::apps::pressurecalc2<256ul>(double*, double*, double*, double*, double, double, double, long)",1205,104452998988025,104452999017785,0,0,12,4,32,256,1,1,1000192,1,1
"KERNEL_DISPATCH","Agent 4",2,1,205988,1206,22,"void rajaperf::apps::pressurecalc1<256ul>(double*, double*, double, long)",1206,104452999017785,104452999031385,0,0,8,0,32,256,1,1,1000192,1,1
"KERNEL_DISPATCH","Agent 4",2,1,205988,1207,23,"void rajaperf::apps::pressurecalc2<256ul>(double*, double*, double*, double*, double, double, double, long)",1207,104452999031385,104452999061465,0,0,12,4,32,256,1,1,1000192,1,1
"KERNEL_DISPATCH","Agent 4",2,1,205988,1208,22,"void rajaperf::apps::pressurecalc1<256ul>(double*, double*, double, long)",1208,104452999061465,104452999075065,0,0,8,0,32,256,1,1,1000192,1,1
"KERNEL_DISPATCH","Agent 4",2,1,205988,1209,23,"void rajaperf::apps::pressurecalc2<256ul>(double*, double*, double*, double*, double, double, double, long)",1209,104452999075065,104452999104665,0,0,12,4,32,256,1,1,1000192,1,1
"KERNEL_DISPATCH","Agent 4",2,1,205988,1210,22,"void rajaperf::apps::pressurecalc1<256ul>(double*, double*, double, long)",1210,104452999104665,104452999118265,0,0,8,0,32,256,1,1,1000192,1,1
"KERNEL_DISPATCH","Agent 4",2,1,205988,1211,23,"void rajaperf::apps::pressurecalc2<256ul>(double*, double*, double*, double*, double, double, double, long)",1211,104452999118265,104452999147866,0,0,12,4,32,256,1,1,1000192,1,1
"KERNEL_DISPATCH","Agent 4",2,1,205988,1212,22,"void rajaperf::apps::pressurecalc1<256ul>(double*, double*, double, long)",1212,104452999147866,104452999161466,0,0,8,0,32,256,1,1,1000192,1,1
"KERNEL_DISPATCH","Agent 4",2,1,205988,1213,23,"void rajaperf::apps::pressurecalc2<256ul>(double*, double*, double*, double*, double, double, double, long)",1213,104452999161466,104452999191226,0,0,12,4,32,256,1,1,1000192,1,1
"KERNEL_DISPATCH","Agent 4",2,1,205988,1214,22,"void rajaperf::apps::pressurecalc1<256ul>(double*, double*, double, long)",1214,104452999191226,104452999204186,0,0,8,0,32,256,1,1,1000192,1,1
"KERNEL_DISPATCH","Agent 4",2,1,205988,1215,23,"void rajaperf::apps::pressurecalc2<256ul>(double*, double*, double*, double*, double, double, double, long)",1215,104452999204186,104452999234106,0,0,12,4,32,256,1,1,1000192,1,1
"KERNEL_DISPATCH","Agent 4",2,1,205988,1216,22,"void rajaperf::apps::pressurecalc1<256ul>(double*, double*, double, long)",1216,104452999234106,104452999247066,0,0,8,0,32,256,1,1,1000192,1,1
"KERNEL_DISPATCH","Agent 4",2,1,205988,1217,23,"void rajaperf::apps::pressurecalc2<256ul>(double*, double*, double*, double*, double, double, double, long)",1217,104452999247066,104452999276666,0,0,12,4,32,256,1,1,1000192,1,1
"KERNEL_DISPATCH","Agent 4",2,1,205988,1218,22,"void rajaperf::apps::pressurecalc1<256ul>(double*, double*, double, long)",1218,104452999276666,104452999291066,0,0,8,0,32,256,1,1,1000192,1,1
"KERNEL_DISPATCH","Agent 4",2,1,205988,1219,23,"void rajaperf::apps::pressurecalc2<256ul>(double*, double*, double*, double*, double, double, double, long)",1219,104452999291066,104452999320187,0,0,12,4,32,256,1,1,1000192,1,1
"KERNEL_DISPATCH","Agent 4",2,1,205988,1220,22,"void rajaperf::apps::pressurecalc1<256ul>(double*, double*, double, long)",1220,104452999320187,104452999333627,0,0,8,0,32,256,1,1,1000192,1,1
"KERNEL_DISPATCH","Agent 4",2,1,205988,1221,23,"void rajaperf::apps::pressurecalc2<256ul>(double*, double*, double*, double*, double, double, double, long)",1221,104452999333627,104452999362747,0,0,12,4,32,256,1,1,1000192,1,1
"KERNEL_DISPATCH","Agent 4",2,1,205988,1222,22,"void rajaperf::apps::pressurecalc1<256ul>(double*, double*, double, long)",1222,104452999362747,104452999376187,0,0,8,0,32,256,1,1,1000192,1,1
"KERNEL_DISPATCH","Agent 4",2,1,205988,1223,23,"void rajaperf::apps::pressurecalc2<256ul>(double*, double*, double*, double*, double, double, double, long)",1223,104452999376187,104452999405947,0,0,12,4,32,256,1,1,1000192,1,1
"KERNEL_DISPATCH","Agent 4",2,1,205988,1224,22,"void rajaperf::apps::pressurecalc1<256ul>(double*, double*, double, long)",1224,104452999405947,104452999419227,0,0,8,0,32,256,1,1,1000192,1,1
"KERNEL_DISPATCH","Agent 4",2,1,205988,1225,23,"void rajaperf::apps::pressurecalc2<256ul>(double*, double*, double*, double*, double, double, double, long)",1225,104452999419227,104452999448827,0,0,12,4,32,256,1,1,1000192,1,1
"KERNEL_DISPATCH","Agent 4",2,1,205988,1226,22,"void rajaperf::apps::pressurecalc1<256ul>(double*, double*, double, long)",1226,104452999448827,104452999463068,0,0,8,0,32,256,1,1,1000192,1,1
"KERNEL_DISPATCH","Agent 4",2,1,205988,1227,23,"void rajaperf::apps::pressurecalc2<256ul>(double*, double*, double*, double*, double, double, double, long)",1227,104452999463068,104452999492188,0,0,12,4,32,256,1,1,1000192,1,1
"KERNEL_DISPATCH","Agent 4",2,1,205988,1228,22,"void rajaperf::apps::pressurecalc1<256ul>(double*, double*, double, long)",1228,104452999492188,104452999505788,0,0,8,0,32,256,1,1,1000192,1,1
"KERNEL_DISPATCH","Agent 4",2,1,205988,1229,23,"void rajaperf::apps::pressurecalc2<256ul>(double*, double*, double*, double*, double, double, double, long)",1229,104452999505788,104452999535388,0,0,12,4,32,256,1,1,1000192,1,1
"KERNEL_DISPATCH","Agent 4",2,1,205988,1230,22,"void rajaperf::apps::pressurecalc1<256ul>(double*, double*, double, long)",1230,104452999535388,104452999548988,0,0,8,0,32,256,1,1,1000192,1,1
"KERNEL_DISPATCH","Agent 4",2,1,205988,1231,23,"void rajaperf::apps::pressurecalc2<256ul>(double*, double*, double*, double*, double, double, double, long)",1231,104452999548988,104452999578588,0,0,12,4,32,256,1,1,1000192,1,1
"KERNEL_DISPATCH","Agent 4",2,1,205988,1232,22,"void rajaperf::apps::pressurecalc1<256ul>(double*, double*, double, long)",1232,104452999578588,104452999592028,0,0,8,0,32,256,1,1,1000192,1,1
"KERNEL_DISPATCH","Agent 4",2,1,205988,1233,23,"void rajaperf::apps::pressurecalc2<256ul>(double*, double*, double*, double*, double, double, double, long)",1233,104452999592028,104452999621628,0,0,12,4,32,256,1,1,1000192,1,1
"KERNEL_DISPATCH","Agent 4",2,1,205988,1234,22,"void rajaperf::apps::pressurecalc1<256ul>(double*, double*, double, long)",1234,104452999621628,104452999634749,0,0,8,0,32,256,1,1,1000192,1,1
"KERNEL_DISPATCH","Agent 4",2,1,205988,1235,23,"void rajaperf::apps::pressurecalc2<256ul>(double*, double*, double*, double*, double, double, double, long)",1235,104452999634749,104452999664189,0,0,12,4,32,256,1,1,1000192,1,1
"KERNEL_DISPATCH","Agent 4",2,1,205988,1236,22,"void rajaperf::apps::pressurecalc1<256ul>(double*, double*, double, long)",1236,104452999664189,104452999677629,0,0,8,0,32,256,1,1,1000192,1,1
"KERNEL_DISPATCH","Agent 4",2,1,205988,1237,23,"void rajaperf::apps::pressurecalc2<256ul>(double*, double*, double*, double*, double, double, double, long)",1237,104452999677629,104452999706909,0,0,12,4,32,256,1,1,1000192,1,1
"KERNEL_DISPATCH","Agent 4",2,1,205988,1238,22,"void rajaperf::apps::pressurecalc1<256ul>(double*, double*, double, long)",1238,104452999706909,104452999720509,0,0,8,0,32,256,1,1,1000192,1,1
"KERNEL_DISPATCH","Agent 4",2,1,205988,1239,23,"void rajaperf::apps::pressurecalc2<256ul>(double*, double*, double*, double*, double, double, double, long)",1239,104452999720509,104452999749949,0,0,12,4,32,256,1,1,1000192,1,1
"KERNEL_DISPATCH","Agent 4",2,1,205988,1240,22,"void rajaperf::apps::pressurecalc1<256ul>(double*, double*, double, long)",1240,104452999749949,104452999763389,0,0,8,0,32,256,1,1,1000192,1,1
"KERNEL_DISPATCH","Agent 4",2,1,205988,1241,23,"void rajaperf::apps::pressurecalc2<256ul>(double*, double*, double*, double*, double, double, double, long)",1241,104452999763389,104452999793150,0,0,12,4,32,256,1,1,1000192,1,1
"KERNEL_DISPATCH","Agent 4",2,1,205988,1242,22,"void rajaperf::apps::pressurecalc1<256ul>(double*, double*, double, long)",1242,104452999793150,104452999806590,0,0,8,0,32,256,1,1,1000192,1,1
"KERNEL_DISPATCH","Agent 4",2,1,205988,1243,23,"void rajaperf::apps::pressurecalc2<256ul>(double*, double*, double*, double*, double, double, double, long)",1243,104452999806590,104452999836510,0,0,12,4,32,256,1,1,1000192,1,1
"KERNEL_DISPATCH","Agent 4",2,1,205988,1244,22,"void rajaperf::apps::pressurecalc1<256ul>(double*, double*, double, long)",1244,104452999836510,104452999849950,0,0,8,0,32,256,1,1,1000192,1,1
"KERNEL_DISPATCH","Agent 4",2,1,205988,1245,23,"void rajaperf::apps::pressurecalc2<256ul>(double*, double*, double*, double*, double, double, double, long)",1245,104452999849950,104452999879710,0,0,12,4,32,256,1,1,1000192,1,1
"KERNEL_DISPATCH","Agent 4",2,1,205988,1246,22,"void rajaperf::apps::pressurecalc1<256ul>(double*, double*, double, long)",1246,104452999879710,104452999893310,0,0,8,0,32,256,1,1,1000192,1,1
"KERNEL_DISPATCH","Agent 4",2,1,205988,1247,23,"void rajaperf::apps::pressurecalc2<256ul>(double*, double*, double*, double*, double, double, double, long)",1247,104452999893310,104452999922750,0,0,12,4,32,256,1,1,1000192,1,1
"KERNEL_DISPATCH","Agent 4",2,1,205988,1248,22,"void rajaperf::apps::pressurecalc1<256ul>(double*, double*, double, long)",1248,104452999922750,104452999936030,0,0,8,0,32,256,1,1,1000192,1,1
"KERNEL_DISPATCH","Agent 4",2,1,205988,1249,23,"void rajaperf::apps::pressurecalc2<256ul>(double*, double*, double*, double*, double, double, double, long)",1249,104452999936030,104452999965471,0,0,12,4,32,256,1,1,1000192,1,1
"KERNEL_DISPATCH","Agent 4",2,1,205988,1250,22,"void rajaperf::apps::pressurecalc1<256ul>(double*, double*, double, long)",1250,104452999965471,104452999979711,0,0,8,0,32,256,1,1,1000192,1,1
"KERNEL_DISPATCH","Agent 4",2,1,205988,1251,23,"void rajaperf::apps::pressurecalc2<256ul>(double*, double*, double*, double*, double, double, double, long)",1251,104452999979711,104453000009311,0,0,12,4,32,256,1,1,1000192,1,1
"KERNEL_DISPATCH","Agent 4",2,1,205988,1252,22,"void rajaperf::apps::pressurecalc1<256ul>(double*, double*, double, long)",1252,104453000009311,104453000022751,0,0,8,0,32,256,1,1,1000192,1,1
"KERNEL_DISPATCH","Agent 4",2,1,205988,1253,23,"void rajaperf::apps::pressurecalc2<256ul>(double*, double*, double*, double*, double, double, double, long)",1253,104453000022751,104453000052351,0,0,12,4,32,256,1,1,1000192,1,1
"KERNEL_DISPATCH","Agent 4",2,1,205988,1254,22,"void rajaperf::apps::pressurecalc1<256ul>(double*, double*, double, long)",1254,104453000052351,104453000065791,0,0,8,0,32,256,1,1,1000192,1,1
"KERNEL_DISPATCH","Agent 4",2,1,205988,1255,23,"void rajaperf::apps::pressurecalc2<256ul>(double*, double*, double*, double*, double, double, double, long)",1255,104453000065791,104453000095871,0,0,12,4,32,256,1,1,1000192,1,1
"KERNEL_DISPATCH","Agent 4",2,1,205988,1256,22,"void rajaperf::apps::pressurecalc1<256ul>(double*, double*, double, long)",1256,104453000095871,104453000109311,0,0,8,0,32,256,1,1,1000192,1,1
"KERNEL_DISPATCH","Agent 4",2,1,205988,1257,23,"void rajaperf::apps::pressurecalc2<256ul>(double*, double*, double*, double*, double, double, double, long)",1257,104453000109311,104453000138912,0,0,12,4,32,256,1,1,1000192,1,1
"KERNEL_DISPATCH","Agent 4",2,1,205988,1258,22,"void rajaperf::apps::pressurecalc1<256ul>(double*, double*, double, long)",1258,104453000138912,104453000152672,0,0,8,0,32,256,1,1,1000192,1,1
"KERNEL_DISPATCH","Agent 4",2,1,205988,1259,23,"void rajaperf::apps::pressurecalc2<256ul>(double*, double*, double*, double*, double, double, double, long)",1259,104453000152672,104453000182432,0,0,12,4,32,256,1,1,1000192,1,1
"KERNEL_DISPATCH","Agent 4",2,1,205988,1260,22,"void rajaperf::apps::pressurecalc1<256ul>(double*, double*, double, long)",1260,104453000182432,104453000195712,0,0,8,0,32,256,1,1,1000192,1,1
"KERNEL_DISPATCH","Agent 4",2,1,205988,1261,23,"void rajaperf::apps::pressurecalc2<256ul>(double*, double*, double*, double*, double, double, double, long)",1261,104453000195712,104453000225632,0,0,12,4,32,256,1,1,1000192,1,1
"KERNEL_DISPATCH","Agent 4",2,1,205988,1262,22,"void rajaperf::apps::pressurecalc1<256ul>(double*, double*, double, long)",1262,104453000225632,104453000239072,0,0,8,0,32,256,1,1,1000192,1,1
"KERNEL_DISPATCH","Agent 4",2,1,205988,1263,23,"void rajaperf::apps::pressurecalc2<256ul>(double*, double*, double*, double*, double, double, double, long)",1263,104453000239072,104453000268672,0,0,12,4,32,256,1,1,1000192,1,1
"KERNEL_DISPATCH","Agent 4",2,1,205988,1264,22,"void rajaperf::apps::pressurecalc1<256ul>(double*, double*, double, long)",1264,104453000268672,104453000282273,0,0,8,0,32,256,1,1,1000192,1,1
"KERNEL_DISPATCH","Agent 4",2,1,205988,1265,23,"void rajaperf::apps::pressurecalc2<256ul>(double*, double*, double*, double*, double, double, double, long)",1265,104453000282273,104453000312353,0,0,12,4,32,256,1,1,1000192,1,1
"KERNEL_DISPATCH","Agent 4",2,1,205988,1266,22,"void rajaperf::apps::pressurecalc1<256ul>(double*, double*, double, long)",1266,104453000312353,104453000325793,0,0,8,0,32,256,1,1,1000192,1,1
"KERNEL_DISPATCH","Agent 4",2,1,205988,1267,23,"void rajaperf::apps::pressurecalc2<256ul>(double*, double*, double*, double*, double, double, double, long)",1267,104453000325793,104453000355553,0,0,12,4,32,256,1,1,1000192,1,1
"KERNEL_DISPATCH","Agent 4",2,1,205988,1268,22,"void rajaperf::apps::pressurecalc1<256ul>(double*, double*, double, long)",1268,104453000355553,104453000369153,0,0,8,0,32,256,1,1,1000192,1,1
"KERNEL_DISPATCH","Agent 4",2,1,205988,1269,23,"void rajaperf::apps::pressurecalc2<256ul>(double*, double*, double*, double*, double, double, double, long)",1269,104453000369153,104453000398753,0,0,12,4,32,256,1,1,1000192,1,1
"KERNEL_DISPATCH","Agent 4",2,1,205988,1270,22,"void rajaperf::apps::pressurecalc1<256ul>(double*, double*, double, long)",1270,104453000398753,104453000412193,0,0,8,0,32,256,1,1,1000192,1,1
"KERNEL_DISPATCH","Agent 4",2,1,205988,1271,23,"void rajaperf::apps::pressurecalc2<256ul>(double*, double*, double*, double*, double, double, double, long)",1271,104453000412193,104453000441794,0,0,12,4,32,256,1,1,1000192,1,1
"KERNEL_DISPATCH","Agent 4",2,1,205988,1272,22,"void rajaperf::apps::pressurecalc1<256ul>(double*, double*, double, long)",1272,104453000441794,104453000455234,0,0,8,0,32,256,1,1,1000192,1,1
"KERNEL_DISPATCH","Agent 4",2,1,205988,1273,23,"void rajaperf::apps::pressurecalc2<256ul>(double*, double*, double*, double*, double, double, double, long)",1273,104453000455234,104453000484674,0,0,12,4,32,256,1,1,1000192,1,1
"KERNEL_DISPATCH","Agent 4",2,1,205988,1274,22,"void rajaperf::apps::pressurecalc1<256ul>(double*, double*, double, long)",1274,104453000484674,104453000498114,0,0,8,0,32,256,1,1,1000192,1,1
"KERNEL_DISPATCH","Agent 4",2,1,205988,1275,23,"void rajaperf::apps::pressurecalc2<256ul>(double*, double*, double*, double*, double, double, double, long)",1275,104453000498114,104453000527874,0,0,12,4,32,256,1,1,1000192,1,1
"KERNEL_DISPATCH","Agent 4",2,1,205988,1276,22,"void rajaperf::apps::pressurecalc1<256ul>(double*, double*, double, long)",1276,104453000527874,104453000541314,0,0,8,0,32,256,1,1,1000192,1,1
"KERNEL_DISPATCH","Agent 4",2,1,205988,1277,23,"void rajaperf::apps::pressurecalc2<256ul>(double*, double*, double*, double*, double, double, double, long)",1277,104453000541314,104453000570914,0,0,12,4,32,256,1,1,1000192,1,1
"KERNEL_DISPATCH","Agent 4",2,1,205988,1278,22,"void rajaperf::apps::pressurecalc1<256ul>(double*, double*, double, long)",1278,104453000570914,104453000584354,0,0,8,0,32,256,1,1,1000192,1,1
"KERNEL_DISPATCH","Agent 4",2,1,205988,1279,23,"void rajaperf::apps::pressurecalc2<256ul>(double*, double*, double*, double*, double, double, double, long)",1279,104453000584354,104453000613955,0,0,12,4,32,256,1,1,1000192,1,1
"KERNEL_DISPATCH","Agent 4",2,1,205988,1280,22,"void rajaperf::apps::pressurecalc1<256ul>(double*, double*, double, long)",1280,104453000613955,104453000627395,0,0,8,0,32,256,1,1,1000192,1,1
"KERNEL_DISPATCH","Agent 4",2,1,205988,1281,23,"void rajaperf::apps::pressurecalc2<256ul>(double*, double*, double*, double*, double, double, double, long)",1281,104453000627395,104453000656995,0,0,12,4,32,256,1,1,1000192,1,1
"KERNEL_DISPATCH","Agent 4",2,1,205988,1282,22,"void rajaperf::apps::pressurecalc1<256ul>(double*, double*, double, long)",1282,104453000656995,104453000671715,0,0,8,0,32,256,1,1,1000192,1,1
"KERNEL_DISPATCH","Agent 4",2,1,205988,1283,23,"void rajaperf::apps::pressurecalc2<256ul>(double*, double*, double*, double*, double, double, double, long)",1283,104453000671715,104453000701475,0,0,12,4,32,256,1,1,1000192,1,1
"KERNEL_DISPATCH","Agent 4",2,1,205988,1284,22,"void rajaperf::apps::pressurecalc1<256ul>(double*, double*, double, long)",1284,104453000701475,104453000714755,0,0,8,0,32,256,1,1,1000192,1,1
"KERNEL_DISPATCH","Agent 4",2,1,205988,1285,23,"void rajaperf::apps::pressurecalc2<256ul>(double*, double*, double*, double*, double, double, double, long)",1285,104453000714755,104453000744035,0,0,12,4,32,256,1,1,1000192,1,1
"KERNEL_DISPATCH","Agent 4",2,1,205988,1286,22,"void rajaperf::apps::pressurecalc1<256ul>(double*, double*, double, long)",1286,104453000744035,104453000757475,0,0,8,0,32,256,1,1,1000192,1,1
"KERNEL_DISPATCH","Agent 4",2,1,205988,1287,23,"void rajaperf::apps::pressurecalc2<256ul>(double*, double*, double*, double*, double, double, double, long)",1287,104453000757475,104453000787236,0,0,12,4,32,256,1,1,1000192,1,1
"KERNEL_DISPATCH","Agent 4",2,1,205988,1288,22,"void rajaperf::apps::pressurecalc1<256ul>(double*, double*, double, long)",1288,104453000787236,104453000800356,0,0,8,0,32,256,1,1,1000192,1,1
"KERNEL_DISPATCH","Agent 4",2,1,205988,1289,23,"void rajaperf::apps::pressurecalc2<256ul>(double*, double*, double*, double*, double, double, double, long)",1289,104453000800356,104453000829956,0,0,12,4,32,256,1,1,1000192,1,1
"KERNEL_DISPATCH","Agent 4",2,1,205988,1290,22,"void rajaperf::apps::pressurecalc1<256ul>(double*, double*, double, long)",1290,104453000829956,104453000843236,0,0,8,0,32,256,1,1,1000192,1,1
"KERNEL_DISPATCH","Agent 4",2,1,205988,1291,23,"void rajaperf::apps::pressurecalc2<256ul>(double*, double*, double*, double*, double, double, double, long)",1291,104453000843236,104453000873156,0,0,12,4,32,256,1,1,1000192,1,1
"KERNEL_DISPATCH","Agent 4",2,1,205988,1292,22,"void rajaperf::apps::pressurecalc1<256ul>(double*, double*, double, long)",1292,104453000873156,104453000886596,0,0,8,0,32,256,1,1,1000192,1,1
"KERNEL_DISPATCH","Agent 4",2,1,205988,1293,23,"void rajaperf::apps::pressurecalc2<256ul>(double*, double*, double*, double*, double, double, double, long)",1293,104453000886596,104453000916036,0,0,12,4,32,256,1,1,1000192,1,1
"KERNEL_DISPATCH","Agent 4",2,1,205988,1294,22,"void rajaperf::apps::pressurecalc1<256ul>(double*, double*, double, long)",1294,104453000916036,104453000929477,0,0,8,0,32,256,1,1,1000192,1,1
"KERNEL_DISPATCH","Agent 4",2,1,205988,1295,23,"void rajaperf::apps::pressurecalc2<256ul>(double*, double*, double*, double*, double, double, double, long)",1295,104453000929477,104453000959397,0,0,12,4,32,256,1,1,1000192,1,1
"KERNEL_DISPATCH","Agent 4",2,1,205988,1296,22,"void rajaperf::apps::pressurecalc1<256ul>(double*, double*, double, long)",1296,104453000959249,104453000972369,0,0,8,0,32,256,1,1,1000192,1,1
"KERNEL_DISPATCH","Agent 4",2,1,205988,1297,23,"void rajaperf::apps::pressurecalc2<256ul>(double*, double*, double*, double*, double, double, double, long)",1297,104453000972369,104453001002129,0,0,12,4,32,256,1,1,1000192,1,1
"KERNEL_DISPATCH","Agent 4",2,1,205988,1298,22,"void rajaperf::apps::pressurecalc1<256ul>(double*, double*, double, long)",1298,104453001002129,104453001015409,0,0,8,0,32,256,1,1,1000192,1,1
"KERNEL_DISPATCH","Agent 4",2,1,205988,1299,23,"void rajaperf::apps::pressurecalc2<256ul>(double*, double*, double*, double*, double, double, double, long)",1299,104453001015409,104453001045489,0,0,12,4,32,256,1,1,1000192,1,1
"KERNEL_DISPATCH","Agent 4",2,1,205988,1300,22,"void rajaperf::apps::pressurecalc1<256ul>(double*, double*, double, long)",1300,104453001045489,104453001058929,0,0,8,0,32,256,1,1,1000192,1,1
"KERNEL_DISPATCH","Agent 4",2,1,205988,1301,23,"void rajaperf::apps::pressurecalc2<256ul>(double*, double*, double*, double*, double, double, double, long)",1301,104453001058929,104453001088049,0,0,12,4,32,256,1,1,1000192,1,1
"KERNEL_DISPATCH","Agent 4",2,1,205988,1302,22,"void rajaperf::apps::pressurecalc1<256ul>(double*, double*, double, long)",1302,104453001088049,104453001101649,0,0,8,0,32,256,1,1,1000192,1,1
"KERNEL_DISPATCH","Agent 4",2,1,205988,1303,23,"void rajaperf::apps::pressurecalc2<256ul>(double*, double*, double*, double*, double, double, double, long)",1303,104453001101649,104453001131409,0,0,12,4,32,256,1,1,1000192,1,1
"KERNEL_DISPATCH","Agent 4",2,1,205988,1304,22,"void rajaperf::apps::pressurecalc1<256ul>(double*, double*, double, long)",1304,104453001131409,104453001144689,0,0,8,0,32,256,1,1,1000192,1,1
"KERNEL_DISPATCH","Agent 4",2,1,205988,1305,23,"void rajaperf::apps::pressurecalc2<256ul>(double*, double*, double*, double*, double, double, double, long)",1305,104453001144689,104453001174290,0,0,12,4,32,256,1,1,1000192,1,1
"KERNEL_DISPATCH","Agent 4",2,1,205988,1306,22,"void rajaperf::apps::pressurecalc1<256ul>(double*, double*, double, long)",1306,104453001174290,104453001187570,0,0,8,0,32,256,1,1,1000192,1,1
"KERNEL_DISPATCH","Agent 4",2,1,205988,1307,23,"void rajaperf::apps::pressurecalc2<256ul>(double*, double*, double*, double*, double, double, double, long)",1307,104453001187570,104453001217170,0,0,12,4,32,256,1,1,1000192,1,1
"KERNEL_DISPATCH","Agent 4",2,1,205988,1308,22,"void rajaperf::apps::pressurecalc1<256ul>(double*, double*, double, long)",1308,104453001217170,104453001230450,0,0,8,0,32,256,1,1,1000192,1,1
"KERNEL_DISPATCH","Agent 4",2,1,205988,1309,23,"void rajaperf::apps::pressurecalc2<256ul>(double*, double*, double*, double*, double, double, double, long)",1309,104453001230450,104453001259570,0,0,12,4,32,256,1,1,1000192,1,1
"KERNEL_DISPATCH","Agent 4",2,1,205988,1310,22,"void rajaperf::apps::pressurecalc1<256ul>(double*, double*, double, long)",1310,104453001259570,104453001272850,0,0,8,0,32,256,1,1,1000192,1,1
"KERNEL_DISPATCH","Agent 4",2,1,205988,1311,23,"void rajaperf::apps::pressurecalc2<256ul>(double*, double*, double*, double*, double, double, double, long)",1311,104453001272850,104453001302610,0,0,12,4,32,256,1,1,1000192,1,1
"KERNEL_DISPATCH","Agent 4",2,1,205988,1312,22,"void rajaperf::apps::pressurecalc1<256ul>(double*, double*, double, long)",1312,104453001302610,104453001315890,0,0,8,0,32,256,1,1,1000192,1,1
"KERNEL_DISPATCH","Agent 4",2,1,205988,1313,23,"void rajaperf::apps::pressurecalc2<256ul>(double*, double*, double*, double*, double, double, double, long)",1313,104453001315890,104453001345490,0,0,12,4,32,256,1,1,1000192,1,1
"KERNEL_DISPATCH","Agent 4",2,1,205988,1314,22,"void rajaperf::apps::pressurecalc1<256ul>(double*, double*, double, long)",1314,104453001345490,104453001359890,0,0,8,0,32,256,1,1,1000192,1,1
"KERNEL_DISPATCH","Agent 4",2,1,205988,1315,23,"void rajaperf::apps::pressurecalc2<256ul>(double*, double*, double*, double*, double, double, double, long)",1315,104453001359890,104453001389811,0,0,12,4,32,256,1,1,1000192,1,1
"KERNEL_DISPATCH","Agent 4",2,1,205988,1316,22,"void rajaperf::apps::pressurecalc1<256ul>(double*, double*, double, long)",1316,104453001389811,104453001403091,0,0,8,0,32,256,1,1,1000192,1,1
"KERNEL_DISPATCH","Agent 4",2,1,205988,1317,23,"void rajaperf::apps::pressurecalc2<256ul>(double*, double*, double*, double*, double, double, double, long)",1317,104453001403091,104453001433171,0,0,12,4,32,256,1,1,1000192,1,1
"KERNEL_DISPATCH","Agent 4",2,1,205988,1318,22,"void rajaperf::apps::pressurecalc1<256ul>(double*, double*, double, long)",1318,104453001433171,104453001446451,0,0,8,0,32,256,1,1,1000192,1,1
"KERNEL_DISPATCH","Agent 4",2,1,205988,1319,23,"void rajaperf::apps::pressurecalc2<256ul>(double*, double*, double*, double*, double, double, double, long)",1319,104453001446451,104453001476051,0,0,12,4,32,256,1,1,1000192,1,1
"KERNEL_DISPATCH","Agent 4",2,1,205988,1320,22,"void rajaperf::apps::pressurecalc1<256ul>(double*, double*, double, long)",1320,104453001476051,104453001489491,0,0,8,0,32,256,1,1,1000192,1,1
"KERNEL_DISPATCH","Agent 4",2,1,205988,1321,23,"void rajaperf::apps::pressurecalc2<256ul>(double*, double*, double*, double*, double, double, double, long)",1321,104453001489491,104453001518931,0,0,12,4,32,256,1,1,1000192,1,1
"KERNEL_DISPATCH","Agent 4",2,1,205988,1322,22,"void rajaperf::apps::pressurecalc1<256ul>(double*, double*, double, long)",1322,104453001518931,104453001532371,0,0,8,0,32,256,1,1,1000192,1,1
"KERNEL_DISPATCH","Agent 4",2,1,205988,1323,23,"void rajaperf::apps::pressurecalc2<256ul>(double*, double*, double*, double*, double, double, double, long)",1323,104453001532371,104453001562291,0,0,12,4,32,256,1,1,1000192,1,1
"KERNEL_DISPATCH","Agent 4",2,1,205988,1324,22,"void rajaperf::apps::pressurecalc1<256ul>(double*, double*, double, long)",1324,104453001562291,104453001575892,0,0,8,0,32,256,1,1,1000192,1,1
"KERNEL_DISPATCH","Agent 4",2,1,205988,1325,23,"void rajaperf::apps::pressurecalc2<256ul>(double*, double*, double*, double*, double, double, double, long)",1325,104453001575892,104453001605172,0,0,12,4,32,256,1,1,1000192,1,1
"KERNEL_DISPATCH","Agent 4",2,1,205988,1326,22,"void rajaperf::apps::pressurecalc1<256ul>(double*, double*, double, long)",1326,104453001605172,104453001618292,0,0,8,0,32,256,1,1,1000192,1,1
"KERNEL_DISPATCH","Agent 4",2,1,205988,1327,23,"void rajaperf::apps::pressurecalc2<256ul>(double*, double*, double*, double*, double, double, double, long)",1327,104453001618292,104453001647892,0,0,12,4,32,256,1,1,1000192,1,1
"KERNEL_DISPATCH","Agent 4",2,1,205988,1328,22,"void rajaperf::apps::pressurecalc1<256ul>(double*, double*, double, long)",1328,104453001647892,104453001661172,0,0,8,0,32,256,1,1,1000192,1,1
"KERNEL_DISPATCH","Agent 4",2,1,205988,1329,23,"void rajaperf::apps::pressurecalc2<256ul>(double*, double*, double*, double*, double, double, double, long)",1329,104453001661172,104453001690612,0,0,12,4,32,256,1,1,1000192,1,1
"KERNEL_DISPATCH","Agent 4",2,1,205988,1330,22,"void rajaperf::apps::pressurecalc1<256ul>(double*, double*, double, long)",1330,104453001690612,104453001704212,0,0,8,0,32,256,1,1,1000192,1,1
"KERNEL_DISPATCH","Agent 4",2,1,205988,1331,23,"void rajaperf::apps::pressurecalc2<256ul>(double*, double*, double*, double*, double, double, double, long)",1331,104453001704212,104453001734612,0,0,12,4,32,256,1,1,1000192,1,1
"KERNEL_DISPATCH","Agent 4",2,1,205988,1332,22,"void rajaperf::apps::pressurecalc1<256ul>(double*, double*, double, long)",1332,104453001734612,104453001748052,0,0,8,0,32,256,1,1,1000192,1,1
"KERNEL_DISPATCH","Agent 4",2,1,205988,1333,23,"void rajaperf::apps::pressurecalc2<256ul>(double*, double*, double*, double*, double, double, double, long)",1333,104453001748052,104453001777813,0,0,12,4,32,256,1,1,1000192,1,1
"KERNEL_DISPATCH","Agent 4",2,1,205988,1334,22,"void rajaperf::apps::pressurecalc1<256ul>(double*, double*, double, long)",1334,104453001777813,104453001791093,0,0,8,0,32,256,1,1,1000192,1,1
"KERNEL_DISPATCH","Agent 4",2,1,205988,1335,23,"void rajaperf::apps::pressurecalc2<256ul>(double*, double*, double*, double*, double, double, double, long)",1335,104453001791093,104453001820693,0,0,12,4,32,256,1,1,1000192,1,1
"KERNEL_DISPATCH","Agent 4",2,1,205988,1336,22,"void rajaperf::apps::pressurecalc1<256ul>(double*, double*, double, long)",1336,104453001820693,104453001833973,0,0,8,0,32,256,1,1,1000192,1,1
"KERNEL_DISPATCH","Agent 4",2,1,205988,1337,23,"void rajaperf::apps::pressurecalc2<256ul>(double*, double*, double*, double*, double, double, double, long)",1337,104453001833973,104453001863893,0,0,12,4,32,256,1,1,1000192,1,1
"KERNEL_DISPATCH","Agent 4",2,1,205988,1344,22,"void rajaperf::apps::pressurecalc1<256ul>(double*, double*, double, long)",1344,104453001993654,104453002007254,0,0,8,0,32,256,1,1,1000192,1,1
"KERNEL_DISPATCH","Agent 4",2,1,205988,1343,23,"void rajaperf::apps::pressurecalc2<256ul>(double*, double*, double*, double*, double, double, double, long)",1343,104453001964214,104453001993654,0,0,12,4,32,256,1,1,1000192,1,1
"KERNEL_DISPATCH","Agent 4",2,1,205988,1340,22,"void rajaperf::apps::pressurecalc1<256ul>(double*, double*, double, long)",1340,104453001907253,104453001921013,0,0,8,0,32,256,1,1,1000192,1,1
"KERNEL_DISPATCH","Agent 4",2,1,205988,1339,23,"void rajaperf::apps::pressurecalc2<256ul>(double*, double*, double*, double*, double, double, double, long)",1339,104453001877173,104453001907253,0,0,12,4,32,256,1,1,1000192,1,1
"KERNEL_DISPATCH","Agent 4",2,1,205988,1338,22,"void rajaperf::apps::pressurecalc1<256ul>(double*, double*, double, long)",1338,104453001863893,104453001877173,0,0,8,0,32,256,1,1,1000192,1,1
"KERNEL_DISPATCH","Agent 4",2,1,205988,1341,23,"void rajaperf::apps::pressurecalc2<256ul>(double*, double*, double*, double*, double, double, double, long)",1341,104453001921013,104453001950773,0,0,12,4,32,256,1,1,1000192,1,1
"KERNEL_DISPATCH","Agent 4",2,1,205988,1342,22,"void rajaperf::apps::pressurecalc1<256ul>(double*, double*, double, long)",1342,104453001950773,104453001964214,0,0,8,0,32,256,1,1,1000192,1,1
"KERNEL_DISPATCH","Agent 4",2,1,205988,1345,23,"void rajaperf::apps::pressurecalc2<256ul>(double*, double*, double*, double*, double, double, double, long)",1345,104453002007254,104453002036534,0,0,12,4,32,256,1,1,1000192,1,1
"KERNEL_DISPATCH","Agent 4",2,1,205988,1346,22,"void rajaperf::apps::pressurecalc1<256ul>(double*, double*, double, long)",1346,104453002036534,104453002050934,0,0,8,0,32,256,1,1,1000192,1,1
"KERNEL_DISPATCH","Agent 4",2,1,205988,1347,23,"void rajaperf::apps::pressurecalc2<256ul>(double*, double*, double*, double*, double, double, double, long)",1347,104453002050934,104453002080694,0,0,12,4,32,256,1,1,1000192,1,1
"KERNEL_DISPATCH","Agent 4",2,1,205988,1348,22,"void rajaperf::apps::pressurecalc1<256ul>(double*, double*, double, long)",1348,104453002080694,104453002093974,0,0,8,0,32,256,1,1,1000192,1,1
"KERNEL_DISPATCH","Agent 4",2,1,205988,1349,23,"void rajaperf::apps::pressurecalc2<256ul>(double*, double*, double*, double*, double, double, double, long)",1349,104453002093974,104453002123414,0,0,12,4,32,256,1,1,1000192,1,1
"KERNEL_DISPATCH","Agent 4",2,1,205988,1350,22,"void rajaperf::apps::pressurecalc1<256ul>(double*, double*, double, long)",1350,104453002123414,104453002137014,0,0,8,0,32,256,1,1,1000192,1,1
"KERNEL_DISPATCH","Agent 4",2,1,205988,1351,23,"void rajaperf::apps::pressurecalc2<256ul>(double*, double*, double*, double*, double, double, double, long)",1351,104453002137014,104453002166775,0,0,12,4,32,256,1,1,1000192,1,1
"KERNEL_DISPATCH","Agent 4",2,1,205988,1352,22,"void rajaperf::apps::pressurecalc1<256ul>(double*, double*, double, long)",1352,104453002166775,104453002180215,0,0,8,0,32,256,1,1,1000192,1,1
"KERNEL_DISPATCH","Agent 4",2,1,205988,1353,23,"void rajaperf::apps::pressurecalc2<256ul>(double*, double*, double*, double*, double, double, double, long)",1353,104453002180215,104453002209815,0,0,12,4,32,256,1,1,1000192,1,1
"KERNEL_DISPATCH","Agent 4",2,1,205988,1354,22,"void rajaperf::apps::pressurecalc1<256ul>(double*, double*, double, long)",1354,104453002209815,104453002223255,0,0,8,0,32,256,1,1,1000192,1,1
"KERNEL_DISPATCH","Agent 4",2,1,205988,1355,23,"void rajaperf::apps::pressurecalc2<256ul>(double*, double*, double*, double*, double, double, double, long)",1355,104453002223255,104453002253175,0,0,12,4,32,256,1,1,1000192,1,1
"KERNEL_DISPATCH","Agent 4",2,1,205988,1356,22,"void rajaperf::apps::pressurecalc1<256ul>(double*, double*, double, long)",1356,104453002253175,104453002266615,0,0,8,0,32,256,1,1,1000192,1,1
"KERNEL_DISPATCH","Agent 4",2,1,205988,1357,23,"void rajaperf::apps::pressurecalc2<256ul>(double*, double*, double*, double*, double, double, double, long)",1357,104453002266615,104453002296535,0,0,12,4,32,256,1,1,1000192,1,1
"KERNEL_DISPATCH","Agent 4",2,1,205988,1358,22,"void rajaperf::apps::pressurecalc1<256ul>(double*, double*, double, long)",1358,104453002296535,104453002310455,0,0,8,0,32,256,1,1,1000192,1,1
"KERNEL_DISPATCH","Agent 4",2,1,205988,1359,23,"void rajaperf::apps::pressurecalc2<256ul>(double*, double*, double*, double*, double, double, double, long)",1359,104453002310455,104453002339735,0,0,12,4,32,256,1,1,1000192,1,1
"KERNEL_DISPATCH","Agent 4",2,1,205988,1360,22,"void rajaperf::apps::pressurecalc1<256ul>(double*, double*, double, long)",1360,104453002339735,104453002353176,0,0,8,0,32,256,1,1,1000192,1,1
"KERNEL_DISPATCH","Agent 4",2,1,205988,1361,23,"void rajaperf::apps::pressurecalc2<256ul>(double*, double*, double*, double*, double, double, double, long)",1361,104453002353176,104453002383096,0,0,12,4,32,256,1,1,1000192,1,1
"KERNEL_DISPATCH","Agent 4",2,1,205988,1362,22,"void rajaperf::apps::pressurecalc1<256ul>(double*, double*, double, long)",1362,104453002383096,104453002396216,0,0,8,0,32,256,1,1,1000192,1,1
"KERNEL_DISPATCH","Agent 4",2,1,205988,1363,23,"void rajaperf::apps::pressurecalc2<256ul>(double*, double*, double*, double*, double, double, double, long)",1363,104453002396216,104453002425336,0,0,12,4,32,256,1,1,1000192,1,1
"KERNEL_DISPATCH","Agent 4",2,1,205988,1364,22,"void rajaperf::apps::pressurecalc1<256ul>(double*, double*, double, long)",1364,104453002425336,104453002438456,0,0,8,0,32,256,1,1,1000192,1,1
"KERNEL_DISPATCH","Agent 4",2,1,205988,1365,23,"void rajaperf::apps::pressurecalc2<256ul>(double*, double*, double*, double*, double, double, double, long)",1365,104453002438456,104453002468216,0,0,12,4,32,256,1,1,1000192,1,1
"KERNEL_DISPATCH","Agent 4",2,1,205988,1366,22,"void rajaperf::apps::pressurecalc1<256ul>(double*, double*, double, long)",1366,104453002468216,104453002481496,0,0,8,0,32,256,1,1,1000192,1,1
"KERNEL_DISPATCH","Agent 4",2,1,205988,1367,23,"void rajaperf::apps::pressurecalc2<256ul>(double*, double*, double*, double*, double, double, double, long)",1367,104453002481496,104453002511576,0,0,12,4,32,256,1,1,1000192,1,1
"KERNEL_DISPATCH","Agent 4",2,1,205988,1368,22,"void rajaperf::apps::pressurecalc1<256ul>(double*, double*, double, long)",1368,104453002511576,104453002525176,0,0,8,0,32,256,1,1,1000192,1,1
"KERNEL_DISPATCH","Agent 4",2,1,205988,1369,23,"void rajaperf::apps::pressurecalc2<256ul>(double*, double*, double*, double*, double, double, double, long)",1369,104453002525176,104453002554457,0,0,12,4,32,256,1,1,1000192,1,1
"KERNEL_DISPATCH","Agent 4",2,1,205988,1370,22,"void rajaperf::apps::pressurecalc1<256ul>(double*, double*, double, long)",1370,104453002554457,104453002567737,0,0,8,0,32,256,1,1,1000192,1,1
"KERNEL_DISPATCH","Agent 4",2,1,205988,1371,23,"void rajaperf::apps::pressurecalc2<256ul>(double*, double*, double*, double*, double, double, double, long)",1371,104453002567737,104453002597337,0,0,12,4,32,256,1,1,1000192,1,1
"KERNEL_DISPATCH","Agent 4",2,1,205988,1372,22,"void rajaperf::apps::pressurecalc1<256ul>(double*, double*, double, long)",1372,104453002597337,104453002610937,0,0,8,0,32,256,1,1,1000192,1,1
"KERNEL_DISPATCH","Agent 4",2,1,205988,1373,23,"void rajaperf::apps::pressurecalc2<256ul>(double*, double*, double*, double*, double, double, double, long)",1373,104453002610937,104453002640857,0,0,12,4,32,256,1,1,1000192,1,1
"KERNEL_DISPATCH","Agent 4",2,1,205988,1374,22,"void rajaperf::apps::pressurecalc1<256ul>(double*, double*, double, long)",1374,104453002640857,104453002654297,0,0,8,0,32,256,1,1,1000192,1,1
"KERNEL_DISPATCH","Agent 4",2,1,205988,1375,23,"void rajaperf::apps::pressurecalc2<256ul>(double*, double*, double*, double*, double, double, double, long)",1375,104453002654297,104453002684217,0,0,12,4,32,256,1,1,1000192,1,1
"KERNEL_DISPATCH","Agent 4",2,1,205988,1376,22,"void rajaperf::apps::pressurecalc1<256ul>(double*, double*, double, long)",1376,104453002684217,104453002697657,0,0,8,0,32,256,1,1,1000192,1,1
"KERNEL_DISPATCH","Agent 4",2,1,205988,1377,23,"void rajaperf::apps::pressurecalc2<256ul>(double*, double*, double*, double*, double, double, double, long)",1377,104453002697657,104453002727257,0,0,12,4,32,256,1,1,1000192,1,1
"KERNEL_DISPATCH","Agent 4",2,1,205988,1378,22,"void rajaperf::apps::pressurecalc1<256ul>(double*, double*, double, long)",1378,104453002727257,104453002741497,0,0,8,0,32,256,1,1,1000192,1,1
"KERNEL_DISPATCH","Agent 4",2,1,205988,1379,23,"void rajaperf::apps::pressurecalc2<256ul>(double*, double*, double*, double*, double, double, double, long)",1379,104453002741497,104453002771098,0,0,12,4,32,256,1,1,1000192,1,1
"KERNEL_DISPATCH","Agent 4",2,1,205988,1380,22,"void rajaperf::apps::pressurecalc1<256ul>(double*, double*, double, long)",1380,104453002771098,104453002784538,0,0,8,0,32,256,1,1,1000192,1,1
"KERNEL_DISPATCH","Agent 4",2,1,205988,1381,23,"void rajaperf::apps::pressurecalc2<256ul>(double*, double*, double*, double*, double, double, double, long)",1381,104453002784538,104453002814458,0,0,12,4,32,256,1,1,1000192,1,1
"KERNEL_DISPATCH","Agent 4",2,1,205988,1382,22,"void rajaperf::apps::pressurecalc1<256ul>(double*, double*, double, long)",1382,104453002814458,104453002828058,0,0,8,0,32,256,1,1,1000192,1,1
"KERNEL_DISPATCH","Agent 4",2,1,205988,1383,23,"void rajaperf::apps::pressurecalc2<256ul>(double*, double*, double*, double*, double, double, double, long)",1383,104453002828058,104453002857658,0,0,12,4,32,256,1,1,1000192,1,1
"KERNEL_DISPATCH","Agent 4",2,1,205988,1384,22,"void rajaperf::apps::pressurecalc1<256ul>(double*, double*, double, long)",1384,104453002857658,104453002871098,0,0,8,0,32,256,1,1,1000192,1,1
"KERNEL_DISPATCH","Agent 4",2,1,205988,1385,23,"void rajaperf::apps::pressurecalc2<256ul>(double*, double*, double*, double*, double, double, double, long)",1385,104453002871098,104453002900698,0,0,12,4,32,256,1,1,1000192,1,1
"KERNEL_DISPATCH","Agent 4",2,1,205988,1386,22,"void rajaperf::apps::pressurecalc1<256ul>(double*, double*, double, long)",1386,104453002900698,104453002913818,0,0,8,0,32,256,1,1,1000192,1,1
"KERNEL_DISPATCH","Agent 4",2,1,205988,1387,23,"void rajaperf::apps::pressurecalc2<256ul>(double*, double*, double*, double*, double, double, double, long)",1387,104453002913818,104453002943419,0,0,12,4,32,256,1,1,1000192,1,1
"KERNEL_DISPATCH","Agent 4",2,1,205988,1388,22,"void rajaperf::apps::pressurecalc1<256ul>(double*, double*, double, long)",1388,104453002943419,104453002956859,0,0,8,0,32,256,1,1,1000192,1,1
"KERNEL_DISPATCH","Agent 4",2,1,205988,1389,23,"void rajaperf::apps::pressurecalc2<256ul>(double*, double*, double*, double*, double, double, double, long)",1389,104453002956859,104453002986939,0,0,12,4,32,256,1,1,1000192,1,1
"KERNEL_DISPATCH","Agent 4",2,1,205988,1390,22,"void rajaperf::apps::pressurecalc1<256ul>(double*, double*, double, long)",1390,104453002986939,104453003000059,0,0,8,0,32,256,1,1,1000192,1,1
"KERNEL_DISPATCH","Agent 4",2,1,205988,1391,23,"void rajaperf::apps::pressurecalc2<256ul>(double*, double*, double*, double*, double, double, double, long)",1391,104453003000059,104453003029339,0,0,12,4,32,256,1,1,1000192,1,1
"KERNEL_DISPATCH","Agent 4",2,1,205988,1392,22,"void rajaperf::apps::pressurecalc1<256ul>(double*, double*, double, long)",1392,104453003029339,104453003043099,0,0,8,0,32,256,1,1,1000192,1,1
"KERNEL_DISPATCH","Agent 4",2,1,205988,1393,23,"void rajaperf::apps::pressurecalc2<256ul>(double*, double*, double*, double*, double, double, double, long)",1393,104453003043099,104453003072539,0,0,12,4,32,256,1,1,1000192,1,1
"KERNEL_DISPATCH","Agent 4",2,1,205988,1394,22,"void rajaperf::apps::pressurecalc1<256ul>(double*, double*, double, long)",1394,104453003072539,104453003086299,0,0,8,0,32,256,1,1,1000192,1,1
"KERNEL_DISPATCH","Agent 4",2,1,205988,1395,23,"void rajaperf::apps::pressurecalc2<256ul>(double*, double*, double*, double*, double, double, double, long)",1395,104453003086299,104453003116059,0,0,12,4,32,256,1,1,1000192,1,1
"KERNEL_DISPATCH","Agent 4",2,1,205988,1396,22,"void rajaperf::apps::pressurecalc1<256ul>(double*, double*, double, long)",1396,104453003116059,104453003129659,0,0,8,0,32,256,1,1,1000192,1,1
"KERNEL_DISPATCH","Agent 4",2,1,205988,1397,23,"void rajaperf::apps::pressurecalc2<256ul>(double*, double*, double*, double*, double, double, double, long)",1397,104453003129659,104453003158780,0,0,12,4,32,256,1,1,1000192,1,1
"KERNEL_DISPATCH","Agent 4",2,1,205988,1398,22,"void rajaperf::apps::pressurecalc1<256ul>(double*, double*, double, long)",1398,104453003158780,104453003172060,0,0,8,0,32,256,1,1,1000192,1,1
"KERNEL_DISPATCH","Agent 4",2,1,205988,1399,23,"void rajaperf::apps::pressurecalc2<256ul>(double*, double*, double*, double*, double, double, double, long)",1399,104453003172060,104453003201980,0,0,12,4,32,256,1,1,1000192,1,1
"KERNEL_DISPATCH","Agent 4",2,1,205988,1400,22,"void rajaperf::apps::pressurecalc1<256ul>(double*, double*, double, long)",1400,104453003201980,104453003215260,0,0,8,0,32,256,1,1,1000192,1,1
"KERNEL_DISPATCH","Agent 4",2,1,205988,1401,23,"void rajaperf::apps::pressurecalc2<256ul>(double*, double*, double*, double*, double, double, double, long)",1401,104453003215260,104453003244380,0,0,12,4,32,256,1,1,1000192,1,1
